<?xml version="1.0"?>
<COLLADA xmlns="http://www.collada.org/2005/11/COLLADASchema" version="1.4.1">
  <asset>
    <contributor>
      <author>Assimp</author>
      <authoring_tool>Assimp Exporter</authoring_tool>
    </contributor>
    <created>2016-11-09T15:11:18</created>
    <modified>2016-11-09T15:11:18</modified>
    <unit name="meter" meter="1" />
    <up_axis>Y_UP</up_axis>
  </asset>
  <library_effects>
    <effect id="lambert2-fx" name="lambert2">
      <profile_COMMON>
        <technique sid="standard">
          <phong>
            <diffuse>
              <color sid="diffuse">1   1   1   1</color>
            </diffuse>
          </phong>
        </technique>
      </profile_COMMON>
    </effect>
  </library_effects>
  <library_materials>
    <material id="lambert2" name="lambert2">
      <instance_effect url="#lambert2-fx"/>
    </material>
  </library_materials>
  <library_geometries>
    <geometry id="meshId0" name="meshId0_name" >
      <mesh>
        <source id="meshId0-positions" name="meshId0-positions">
          <float_array id="meshId0-positions-array" count="1386"> -0.106493 -0.106333 0.355908 -0.728749 -0.0715431 0.355908 -0.729651 -0.0876893 0.355908 -0.107396 -0.122479 0.355908 -0.106493 -0.106333 0.312097 -0.728749 -0.0715431 0.312097 -0.728749 -0.0715431 0.322535 -0.106493 -0.106333 0.322535 -0.108299 -0.138625 0.312097 -0.730554 -0.103835 0.312097 -0.729651 -0.0876893 0.312097 -0.107396 -0.122479 0.312097 0.513957 -0.173414 0.322535 0.513957 -0.173414 0.332973 -0.108299 -0.138625 0.332973 -0.108299 -0.138625 0.322535 0.515762 -0.141122 0.322535 0.515762 -0.141122 0.332973 0.514859 -0.157268 0.332973 0.514859 -0.157268 0.322535 -0.779113 -0.112097 0.313482 -0.816327 -0.120994 0.314866 -0.831496 -0.120146 0.311825 -0.799087 -0.109348 0.307318 -0.84624 -0.11171 0.301186 -0.846665 -0.119298 0.308785 -0.861833 -0.11845 0.311825 -0.868838 -0.10919 0.304474 -0.887682 -0.109393 0.309492 -0.877002 -0.117601 0.314866 -0.883285 -0.11725 0.322206 -0.898251 -0.10787 0.319653 -0.904848 -0.108433 0.329546 -0.889568 -0.116899 0.329546 -0.883285 -0.11725 0.336887 -0.898251 -0.10787 0.33944 -0.887682 -0.109393 0.349601 -0.877002 -0.117601 0.344227 -0.861833 -0.11845 0.347268 -0.868838 -0.10919 0.354619 -0.84624 -0.11171 0.357907 -0.846665 -0.119298 0.350308 -0.831496 -0.120146 0.347268 -0.799036 -0.109392 0.355161 -0.779113 -0.112097 0.350067 -0.816327 -0.120994 0.344227 -0.810044 -0.121345 0.336887 -0.775383 -0.112048 0.341392 -0.77283 -0.112449 0.331259 -0.803761 -0.121696 0.329546 -0.810044 -0.121345 0.322206 -0.775764 -0.112153 0.321803 -0.793278 -0.0932972 0.30006 -0.741898 -0.103201 0.312097 -0.793857 -0.103662 0.302842 -0.798587 -0.097975 0.300404 -0.845237 -0.093758 0.290805 -0.845816 -0.104123 0.293586 -0.872089 -0.102654 0.298852 -0.873795 -0.0916304 0.296393 -0.901847 -0.090593 0.302152 -0.898362 -0.101185 0.304119 -0.909244 -0.100576 0.316833 -0.913853 -0.0894702 0.315916 -0.925296 -0.089282 0.329546 -0.920127 -0.099968 0.329546 -0.909244 -0.100576 0.34226 -0.913853 -0.0894702 0.343177 -0.901847 -0.090593 0.356941 -0.898362 -0.101185 0.354974 -0.872089 -0.102654 0.360241 -0.873795 -0.0916304 0.3627 -0.845237 -0.093758 0.368288 -0.845816 -0.104123 0.365507 -0.793857 -0.103662 0.360707 -0.790858 -0.0901473 0.361843 -0.740995 -0.087055 0.312097 -0.790335 -0.0804546 0.301895 -0.844078 -0.0730287 0.290805 -0.844657 -0.0833934 0.288023 -0.874994 -0.0816973 0.294104 -0.872695 -0.0719598 0.296393 -0.900688 -0.0698637 0.302152 -0.905332 -0.0800011 0.300185 -0.917898 -0.0792986 0.314866 -0.912744 -0.0696412 0.315916 -0.924137 -0.0685527 0.329546 -0.930464 -0.078596 0.329546 -0.917898 -0.0792986 0.344227 -0.912744 -0.0696412 0.343177 -0.900688 -0.0698637 0.356941 -0.905332 -0.0800011 0.358908 -0.874994 -0.0816973 0.364989 -0.872695 -0.0719598 0.3627 -0.844078 -0.0730287 0.368288 -0.844657 -0.0833934 0.37107 -0.792375 -0.0771511 0.363489 -0.797201 -0.0721291 0.362722 -0.776202 -0.0600471 0.313482 -0.740093 -0.0709089 0.312097 -0.791795 -0.0667865 0.302842 -0.796498 -0.0610388 0.307289 -0.843074 -0.0550766 0.301186 -0.843498 -0.0626641 0.293586 -0.869771 -0.0611952 0.298852 -0.865812 -0.055062 0.304474 -0.884516 -0.0527597 0.309492 -0.896044 -0.0597263 0.304119 -0.906927 -0.0591179 0.316833 -0.895189 -0.0530956 0.319653 -0.901681 -0.0518 0.329546 -0.917809 -0.0585094 0.329546 -0.906927 -0.0591179 0.34226 -0.895189 -0.0530956 0.33944 -0.884516 -0.0527597 0.349601 -0.896044 -0.0597263 0.354974 -0.869771 -0.0611952 0.360241 -0.865812 -0.055062 0.354619 -0.843074 -0.0550766 0.357907 -0.843498 -0.0626641 0.365507 -0.791795 -0.0667865 0.360707 -0.796442 -0.0610012 0.355183 -0.776202 -0.0600471 0.350067 -0.740093 -0.0709089 0.355908 -0.740093 -0.0709089 0.34444 -0.772495 -0.0604655 0.341415 -0.769919 -0.0603984 0.331259 -0.740093 -0.0709089 0.332973 -0.740093 -0.0709089 0.322535 -0.772868 -0.0603411 0.321783 -0.84682 -0.122075 0.319166 -0.831496 -0.120146 0.311825 -0.835527 -0.121731 0.317786 -0.861988 -0.121227 0.322206 -0.861833 -0.11845 0.311825 -0.858003 -0.120475 0.317786 -0.868272 -0.120875 0.329546 -0.883285 -0.11725 0.322206 -0.869128 -0.120257 0.325448 -0.861988 -0.121227 0.336887 -0.883285 -0.11725 0.336887 -0.869128 -0.120257 0.333645 -0.84682 -0.122075 0.339927 -0.861833 -0.11845 0.347268 -0.858004 -0.120475 0.341307 -0.831651 -0.122923 0.336887 -0.831496 -0.120146 0.347268 -0.835527 -0.121731 0.341307 -0.825368 -0.123274 0.329546 -0.810044 -0.121345 0.336887 -0.824448 -0.122755 0.333645 -0.831651 -0.122923 0.322206 -0.810044 -0.121345 0.322206 -0.824448 -0.122755 0.325448 -0.827326 -0.0455601 0.322206 -0.812312 -0.0491853 0.314866 -0.827481 -0.0483373 0.311825 -0.831311 -0.046312 0.317786 -0.842494 -0.044712 0.319166 -0.84265 -0.0474892 0.308785 -0.857818 -0.0466411 0.311825 -0.853787 -0.0450554 0.317786 -0.857663 -0.0438639 0.322206 -0.872987 -0.045793 0.314866 -0.87927 -0.0454418 0.322206 -0.864866 -0.0440322 0.325448 -0.863946 -0.0435127 0.329546 -0.885553 -0.0450905 0.329546 -0.87927 -0.0454418 0.336887 -0.864866 -0.0440322 0.333645 -0.857663 -0.0438639 0.336887 -0.872987 -0.045793 0.344227 -0.857818 -0.0466411 0.347268 -0.853787 -0.0450554 0.341307 -0.842494 -0.044712 0.339927 -0.84265 -0.0474892 0.350308 -0.827481 -0.0483373 0.347268 -0.831311 -0.046312 0.341307 -0.827326 -0.0455601 0.336887 -0.812312 -0.0491853 0.344227 -0.806029 -0.0495366 0.336887 -0.820186 -0.0465302 0.333645 -0.821043 -0.0459113 0.329546 -0.799746 -0.0498879 0.329546 -0.806029 -0.0495366 0.322206 -0.820186 -0.0465302 0.325448 -0.741898 -0.103201 0.322535 -0.741898 -0.103201 0.312097 -0.736226 -0.103518 0.312097 -0.736226 -0.103518 0.322535 -0.740995 -0.087055 0.312097 -0.740093 -0.0709089 0.312097 -0.734421 -0.071226 0.312097 -0.735323 -0.0873721 0.312097 -0.740093 -0.0709089 0.322535 -0.740093 -0.0709089 0.332973 -0.734421 -0.071226 0.332973 -0.734421 -0.071226 0.322535 -0.740995 -0.087055 0.355908 -0.741898 -0.103201 0.355908 -0.736226 -0.103518 0.355908 -0.735323 -0.0873721 0.355908 -0.740093 -0.0709089 0.34444 -0.740093 -0.0709089 0.355908 -0.734421 -0.071226 0.355908 -0.734421 -0.071226 0.34444 0.515762 -0.141122 0.34444 0.515762 -0.141122 0.332973 -0.106493 -0.106333 0.332973 -0.106493 -0.106333 0.34444 0.514859 -0.157268 0.355908 0.513957 -0.173414 0.355908 0.513957 -0.173414 0.34444 0.514859 -0.157268 0.34444 -0.108299 -0.138625 0.355908 -0.730554 -0.103835 0.355908 -0.730554 -0.103835 0.34444 -0.108299 -0.138625 0.34444 -0.741898 -0.103201 0.34444 -0.741898 -0.103201 0.332973 -0.736226 -0.103518 0.332973 -0.736226 -0.103518 0.34444 -0.730554 -0.103835 0.355908 -0.108299 -0.138625 0.355908 0.513957 -0.173414 0.355908 0.514859 -0.157268 0.355908 0.515762 -0.141122 0.355908 -0.728749 -0.0715431 0.332973 0.515762 -0.141122 0.322535 0.515762 -0.141122 0.312097 -0.728749 -0.0715431 0.312097 -0.106493 -0.106333 0.312097 0.515762 -0.141122 0.312097 0.514859 -0.157268 0.312097 0.513957 -0.173414 0.312097 -0.730554 -0.103835 0.332973 -0.730554 -0.103835 0.322535 -0.730554 -0.103835 0.312097 -0.108299 -0.138625 0.312097 0.513957 -0.173414 0.312097 0.513957 -0.173414 0.332973 0.513957 -0.173414 0.322535 0.513957 -0.173414 0.312097 0.514859 -0.157268 0.312097 0.515762 -0.141122 0.312097 -0.799087 -0.109348 0.307318 -0.84624 -0.11171 0.301186 -0.845816 -0.104123 0.293586 -0.793857 -0.103662 0.302842 -0.799087 -0.109348 0.307318 -0.793857 -0.103662 0.302842 -0.741898 -0.103201 0.312097 -0.779113 -0.112097 0.313482 -0.799087 -0.109348 0.307318 -0.887682 -0.109393 0.309492 -0.898362 -0.101185 0.304119 -0.872089 -0.102654 0.298852 -0.872089 -0.102654 0.298852 -0.898251 -0.10787 0.319653 -0.920127 -0.099968 0.329546 -0.909244 -0.100576 0.316833 -0.898251 -0.10787 0.319653 -0.909244 -0.100576 0.316833 -0.898251 -0.10787 0.319653 -0.898251 -0.10787 0.33944 -0.887682 -0.109393 0.349601 -0.898362 -0.101185 0.354974 -0.909244 -0.100576 0.34226 -0.898251 -0.10787 0.33944 -0.909244 -0.100576 0.34226 -0.898251 -0.10787 0.33944 -0.84624 -0.11171 0.357907 -0.845816 -0.104123 0.365507 -0.872089 -0.102654 0.360241 -0.872089 -0.102654 0.360241 -0.799036 -0.109392 0.355161 -0.779113 -0.112097 0.350067 -0.741898 -0.103201 0.355908 -0.793857 -0.103662 0.360707 -0.799036 -0.109392 0.355161 -0.793857 -0.103662 0.360707 -0.799036 -0.109392 0.355161 -0.775383 -0.112048 0.341392 -0.77283 -0.112449 0.331259 -0.741898 -0.103201 0.332973 -0.741898 -0.103201 0.34444 -0.775383 -0.112048 0.341392 -0.741898 -0.103201 0.34444 -0.775383 -0.112048 0.341392 -0.775764 -0.112153 0.321803 -0.741898 -0.103201 0.322535 -0.775764 -0.112153 0.321803 -0.741898 -0.103201 0.322535 -0.775764 -0.112153 0.321803 -0.793857 -0.103662 0.302842 -0.798587 -0.097975 0.300404 -0.845237 -0.093758 0.290805 -0.793278 -0.0932972 0.30006 -0.798587 -0.097975 0.300404 -0.872089 -0.102654 0.298852 -0.873795 -0.0916304 0.296393 -0.901847 -0.090593 0.302152 -0.873795 -0.0916304 0.296393 -0.873795 -0.0916304 0.296393 -0.909244 -0.100576 0.316833 -0.920127 -0.099968 0.329546 -0.925296 -0.089282 0.329546 -0.913853 -0.0894702 0.315916 -0.930464 -0.078596 0.329546 -0.913853 -0.0894702 0.315916 -0.913853 -0.0894702 0.315916 -0.909244 -0.100576 0.34226 -0.913853 -0.0894702 0.343177 -0.901847 -0.090593 0.356941 -0.913853 -0.0894702 0.343177 -0.913853 -0.0894702 0.343177 -0.872089 -0.102654 0.360241 -0.873795 -0.0916304 0.3627 -0.845237 -0.093758 0.368288 -0.873795 -0.0916304 0.3627 -0.873795 -0.0916304 0.3627 -0.793857 -0.103662 0.360707 -0.741898 -0.103201 0.355908 -0.740995 -0.087055 0.355908 -0.790858 -0.0901473 0.361843 -0.740995 -0.087055 0.355908 -0.740093 -0.0709089 0.355908 -0.792375 -0.0771511 0.363489 -0.790858 -0.0901473 0.361843 -0.790858 -0.0901473 0.361843 -0.790335 -0.0804546 0.301895 -0.844078 -0.0730287 0.290805 -0.843498 -0.0626641 0.293586 -0.791795 -0.0667865 0.302842 -0.790335 -0.0804546 0.301895 -0.791795 -0.0667865 0.302842 -0.740093 -0.0709089 0.312097 -0.740995 -0.087055 0.312097 -0.790335 -0.0804546 0.301895 -0.872695 -0.0719598 0.296393 -0.900688 -0.0698637 0.302152 -0.896044 -0.0597263 0.304119 -0.869771 -0.0611952 0.298852 -0.872695 -0.0719598 0.296393 -0.869771 -0.0611952 0.298852 -0.872695 -0.0719598 0.296393 -0.924137 -0.0685527 0.329546 -0.912744 -0.0696412 0.315916 -0.917809 -0.0585094 0.329546 -0.906927 -0.0591179 0.316833 -0.912744 -0.0696412 0.315916 -0.906927 -0.0591179 0.316833 -0.912744 -0.0696412 0.315916 -0.912744 -0.0696412 0.343177 -0.900688 -0.0698637 0.356941 -0.896044 -0.0597263 0.354974 -0.906927 -0.0591179 0.34226 -0.912744 -0.0696412 0.343177 -0.906927 -0.0591179 0.34226 -0.917809 -0.0585094 0.329546 -0.912744 -0.0696412 0.343177 -0.872695 -0.0719598 0.3627 -0.844078 -0.0730287 0.368288 -0.843498 -0.0626641 0.365507 -0.869771 -0.0611952 0.360241 -0.872695 -0.0719598 0.3627 -0.869771 -0.0611952 0.360241 -0.872695 -0.0719598 0.3627 -0.791795 -0.0667865 0.360707 -0.797201 -0.0721291 0.362722 -0.791795 -0.0667865 0.360707 -0.797201 -0.0721291 0.362722 -0.791795 -0.0667865 0.302842 -0.796498 -0.0610388 0.307289 -0.843074 -0.0550766 0.301186 -0.827481 -0.0483373 0.311825 -0.796498 -0.0610388 0.307289 -0.776202 -0.0600471 0.313482 -0.796498 -0.0610388 0.307289 -0.869771 -0.0611952 0.298852 -0.884516 -0.0527597 0.309492 -0.857818 -0.0466411 0.311825 -0.906927 -0.0591179 0.316833 -0.87927 -0.0454418 0.322206 -0.895189 -0.0530956 0.319653 -0.895189 -0.0530956 0.319653 -0.906927 -0.0591179 0.34226 -0.884516 -0.0527597 0.349601 -0.87927 -0.0454418 0.336887 -0.895189 -0.0530956 0.33944 -0.869771 -0.0611952 0.360241 -0.843074 -0.0550766 0.357907 -0.857818 -0.0466411 0.347268 -0.791795 -0.0667865 0.360707 -0.796442 -0.0610012 0.355183 -0.776202 -0.0600471 0.350067 -0.827481 -0.0483373 0.347268 -0.796442 -0.0610012 0.355183 -0.796442 -0.0610012 0.355183 -0.740093 -0.0709089 0.34444 -0.772495 -0.0604655 0.341415 -0.769919 -0.0603984 0.331259 -0.806029 -0.0495366 0.336887 -0.772495 -0.0604655 0.341415 -0.772495 -0.0604655 0.341415 -0.740093 -0.0709089 0.322535 -0.772868 -0.0603411 0.321783 -0.806029 -0.0495366 0.322206 -0.772868 -0.0603411 0.321783 -0.772868 -0.0603411 0.321783 -0.831651 -0.122923 0.322206 -0.846975 -0.124852 0.329546 -0.861988 -0.121227 0.322206 -0.869128 -0.120257 0.333645 -0.861988 -0.121227 0.336887 -0.869128 -0.120257 0.333645 -0.831651 -0.122923 0.336887 -0.824448 -0.122755 0.333645 -0.824448 -0.122755 0.325448 -0.842339 -0.0419348 0.329546 -0.827326 -0.0455601 0.322206 -0.857663 -0.0438639 0.322206 -0.864866 -0.0440322 0.333645 -0.857663 -0.0438639 0.336887 -0.853787 -0.0450554 0.341307 -0.831311 -0.046312 0.341307 -0.827326 -0.0455601 0.336887 -0.820186 -0.0465302 0.325448 -0.820186 -0.0465302 0.325448 -0.736226 -0.103518 0.332973 -0.741898 -0.103201 0.322535 -0.736226 -0.103518 0.322535 -0.736226 -0.103518 0.312097 -0.736226 -0.103518 0.312097 -0.741898 -0.103201 0.312097 -0.740995 -0.087055 0.312097 -0.735323 -0.0873721 0.312097 -0.734421 -0.071226 0.332973 -0.734421 -0.071226 0.322535 -0.734421 -0.071226 0.312097 -0.734421 -0.071226 0.322535 -0.740093 -0.0709089 0.322535 -0.735323 -0.0873721 0.355908 -0.734421 -0.071226 0.355908 -0.740995 -0.087055 0.355908 -0.734421 -0.071226 0.355908 -0.728749 -0.0715431 0.355908 -0.728749 -0.0715431 0.34444 -0.734421 -0.071226 0.34444 -0.734421 -0.071226 0.34444 -0.740093 -0.0709089 0.34444 -0.106493 -0.106333 0.355908 0.515762 -0.141122 0.355908 0.515762 -0.141122 0.34444 0.515762 -0.141122 0.355908 0.513957 -0.173414 0.34444 0.513957 -0.173414 0.355908 -0.736226 -0.103518 0.34444 -0.736226 -0.103518 0.355908 -0.736226 -0.103518 0.355908 -0.741898 -0.103201 0.355908 -0.741898 -0.103201 0.34444 </float_array>
          <technique_common>
            <accessor count="462" offset="0" source="#meshId0-positions-array" stride="3">
              <param name="X" type="float" />
              <param name="Y" type="float" />
              <param name="Z" type="float" />
            </accessor>
          </technique_common>
        </source>
        <source id="meshId0-normals" name="meshId0-normals">
          <float_array id="meshId0-normals-array" count="1386"> 2.43075e-09 -1.359e-10 1 1.60369e-09 -7.66195e-10 1 1.60369e-09 -7.66195e-10 1 2.43075e-09 -1.359e-10 1 0.0558215 0.998441 9.75842e-08 0.0558215 0.998441 9.67027e-08 0.0558215 0.998441 9.67027e-08 0.0558215 0.998441 9.75842e-08 0 0 -1 7.67399e-10 -4.29043e-11 -1 7.67391e-10 -4.29038e-11 -1 0 0 -1 -0.0558215 -0.998441 0 -0.0558215 -0.998441 0 -0.0558215 -0.998441 0 -0.0558215 -0.998441 0 0.998441 -0.0558215 0 0.998441 -0.0558215 0 0.998441 -0.0558215 0 0.998441 -0.0558215 0 0.219969 -0.923496 -0.314275 0.141614 -0.829011 -0.541006 0.0595307 -0.862535 -0.502484 0.125261 -0.663479 -0.737635 0.0148173 -0.696779 -0.717133 -0.00295486 -0.779197 -0.626772 -0.165167 -0.777165 -0.607235 -0.178983 -0.691216 -0.700133 -0.359297 -0.791328 -0.494677 -0.254456 -0.838638 -0.4816 -0.386694 -0.875724 -0.289092 -0.454073 -0.819573 -0.349454 -0.484626 -0.874721 -1.47155e-07 -0.421731 -0.906721 -4.09248e-07 -0.3167 -0.92096 0.22701 -0.454073 -0.819575 0.349449 -0.359297 -0.791328 0.494677 -0.254456 -0.838638 0.4816 -0.151351 -0.840202 0.520724 -0.178983 -0.691218 0.700131 -0.00753096 -0.718169 0.695828 -0.0215712 -0.79169 0.610542 0.0715055 -0.763382 0.641978 0.0806546 -0.723616 0.685474 0.190196 -0.935457 0.297903 0.110938 -0.871241 0.478154 0.197266 -0.968963 0.148987 0.221158 -0.962618 0.156383 0.26526 -0.96411 0.0113428 0.241418 -0.970415 -0.00346633 0.184071 -0.971021 -0.152433 0.270839 -0.944679 -0.185007 0.204816 -0.0765478 -0.975803 0.246172 -0.422667 -0.872211 0.155263 -0.501519 -0.851101 0.171407 -0.26429 -0.949089 0.00782876 -0.259596 -0.965686 0.0168244 -0.486413 -0.873567 -0.200605 -0.427093 -0.881674 -0.203688 -0.243123 -0.948368 -0.464792 -0.307136 -0.830443 -0.405607 -0.515149 -0.755053 -0.638639 -0.567687 -0.519491 -0.720275 -0.348378 -0.599864 -0.900228 -0.435419 1.29027e-06 -0.777351 -0.629067 1.20747e-06 -0.592314 -0.65015 0.475888 -0.720276 -0.348379 0.599862 -0.464792 -0.307135 0.830444 -0.405607 -0.515149 0.755053 -0.198253 -0.477844 0.855781 -0.203688 -0.243124 0.948368 0.0142968 -0.199406 0.979813 -0.000740139 -0.434825 0.900515 0.102908 -0.356946 0.928439 0.110202 -0.176942 0.978032 0.198415 0.0291914 -0.979683 0.220564 0.0324501 -0.974832 0.101036 0.195445 -0.975496 0.0684306 0.0109746 -0.997595 -0.195935 0.0109541 -0.980556 -0.175318 0.264312 -0.948368 -0.365016 0.335689 -0.868376 -0.474198 0.0265119 -0.880019 -0.758011 0.0423782 -0.650864 -0.676959 0.426483 -0.599866 -0.846083 0.533051 4.3597e-08 -0.998441 0.0558232 9.65055e-07 -0.758012 0.0423802 0.650862 -0.676954 0.426496 0.599861 -0.365016 0.335688 0.868376 -0.474198 0.0265125 0.880019 -0.195935 0.0109545 0.980556 -0.175318 0.264312 0.948368 -0.0120681 0.259807 0.965585 0.0150835 -0.0192859 0.9997 0.137032 -0.0558808 0.988989 0.109347 0.251935 0.961547 0.227893 0.814421 -0.533651 0.249656 0.428412 -0.86841 0.20024 0.33039 -0.922359 0.180458 0.689647 -0.7013 0.0820671 0.702707 -0.70673 0.0865084 0.412926 -0.906647 -0.151747 0.446794 -0.881674 -0.100817 0.706863 -0.700129 -0.194566 0.780357 -0.594296 -0.345657 0.557149 -0.755054 -0.571383 0.635335 -0.519491 -0.359888 0.865081 -0.349451 -0.384104 0.92329 -1.56059e-06 -0.702386 0.711796 -6.89984e-07 -0.516151 0.712123 0.475887 -0.359887 0.865082 0.349449 -0.194566 0.780356 0.594297 -0.345657 0.557148 0.755055 -0.143753 0.496963 0.855782 -0.100819 0.706857 0.700135 0.0455818 0.716219 0.696386 0.0171114 0.496833 0.867678 0.123242 0.53995 0.832625 0.125669 0.7148 0.687945 0.187176 0.857978 0.478371 0.210359 0.431852 0.877071 0.259884 0.965195 0.0293191 0.292749 0.955582 0.0340749 0.318513 0.947916 -0.00210921 0.27933 0.960194 0.00119525 0.28166 0.958756 -0.0381283 0.320362 0.946239 -0.0447158 -0.0539189 -0.96442 -0.258819 0.108395 -0.734868 -0.669492 -0.0021995 -0.966016 -0.258474 -0.134534 -0.969732 -0.203766 -0.151351 -0.840203 -0.520722 -0.105495 -0.960241 -0.258473 -0.18355 -0.98301 -2.49851e-06 -0.3167 -0.92096 -0.227011 -0.182448 -0.977109 -0.10941 -0.134534 -0.969732 0.203767 -0.386694 -0.875724 0.289093 -0.182448 -0.977109 0.109411 -0.0539192 -0.96442 0.258819 -0.165167 -0.777166 0.607233 -0.105494 -0.960241 0.258471 0.0255996 -0.978685 0.203765 0.0409921 -0.874726 0.482881 -0.0022001 -0.966016 0.258471 0.0728312 -0.997344 1.27176e-06 0.183293 -0.972097 0.146392 0.0723941 -0.991357 0.109408 0.0256 -0.978685 -0.203767 0.21036 -0.964274 -0.161009 0.0723941 -0.991357 -0.109409 0.134534 0.969732 -0.203767 0.209157 0.83755 -0.504741 0.142804 0.872424 -0.467422 0.105495 0.960241 -0.258473 0.0539198 0.96442 -0.258819 0.0730814 0.783736 -0.616779 -0.0775068 0.790732 -0.607235 0.00220087 0.966016 -0.258473 -0.0255996 0.978685 -0.203765 -0.159389 0.861776 -0.481599 -0.28667 0.913373 -0.289085 -0.0723948 0.991358 -0.109404 -0.0728329 0.997344 -1.16485e-06 -0.31803 0.948081 -8.38297e-07 -0.21207 0.950523 0.227006 -0.0723958 0.991357 0.109405 -0.0256004 0.978685 0.203765 -0.159388 0.861776 0.481599 -0.0567505 0.851836 0.520725 0.00219968 0.966016 0.258474 0.0539197 0.96442 0.258819 0.0560735 0.797747 0.600379 0.139494 0.766554 0.626846 0.105495 0.960241 0.258472 0.134533 0.969732 0.203766 0.182804 0.87838 0.441624 0.263019 0.956623 0.125273 0.182448 0.977109 0.109409 0.18355 0.98301 -7.93442e-07 0.298527 0.954397 -0.00292114 0.25831 0.956791 -0.133515 0.182448 0.977109 -0.10941 0.199662 -0.979065 -0.0395948 0.246172 -0.422667 -0.872211 -0.0558232 -0.998441 0 -0.0558232 -0.998441 0 0.171267 0.0308968 -0.98474 0.249656 0.428412 -0.86841 -1.0856e-07 6.06944e-09 -1 -1.0856e-07 6.06944e-09 -1 0.28166 0.958756 -0.0381283 0.27933 0.960194 0.00119525 0.055823 0.998441 -2.11108e-07 0.0558232 0.998441 0 0.0941569 -0.0459908 0.994494 0.153369 -0.460321 0.874404 1.12735e-07 6.85942e-08 1 1.12735e-07 6.85942e-08 1 0.259884 0.965195 0.0293191 0.210359 0.431852 0.877071 0.0558228 0.998441 4.03252e-07 0.0558228 0.998441 4.03252e-07 0.0558215 0.998441 4.70496e-07 0.0558215 0.998441 4.64977e-08 0.0558215 0.998441 4.64978e-08 0.0558215 0.998441 4.70496e-07 0.998441 -0.0558215 0 0.998441 -0.0558215 0 0.998441 -0.0558215 0 0.998441 -0.0558215 0 -0.0558215 -0.998441 0 -0.0558215 -0.998441 -1.82127e-09 -0.0558215 -0.998441 -1.82127e-09 -0.0558215 -0.998441 0 0.21679 -0.975322 0.0418167 0.221791 -0.975093 0.00142653 -0.0558233 -0.998441 0 -0.0558234 -0.998441 0 8.05104e-10 6.31565e-10 1 7.74391e-10 -4.32952e-11 1 0 0 1 0 0 1 1.65636e-09 -9.2605e-11 1 0.0558215 0.998441 4.35833e-08 0.0558215 0.998441 -4.19343e-07 0.0558215 0.998441 5.16927e-07 1.6414e-09 -9.17685e-11 -1 1.65636e-09 -9.2605e-11 -1 2.43075e-09 -1.359e-10 -1 2.43075e-09 -1.359e-10 -1 7.7439e-10 -4.32951e-11 -1 -0.0558215 -0.998441 5.47144e-10 -0.0558215 -0.998441 0 -0.0558215 -0.998441 0 -0.0558215 -0.998441 0 -0.0558215 -0.998441 0 0.998441 -0.0558215 0 0.998441 -0.0558215 0 0.998441 -0.0558215 0 0.998441 -0.0558215 0 0.998441 -0.0558215 0 0.121953 -0.688525 -0.714885 0.0211467 -0.702552 -0.711318 0.0168244 -0.486413 -0.873567 0.151962 -0.528944 -0.834941 0.129375 -0.696881 -0.705421 0.155263 -0.501519 -0.851101 0.246172 -0.422667 -0.872211 0.176164 -0.812574 -0.555598 0.133292 -0.678358 -0.72254 -0.280337 -0.753807 -0.594294 -0.405607 -0.515149 -0.755053 -0.198253 -0.477845 -0.85578 -0.200605 -0.427093 -0.881674 -0.454073 -0.819575 -0.349449 -0.777351 -0.629067 1.20747e-06 -0.592314 -0.650151 -0.475887 -0.454077 -0.819571 -0.349452 -0.638639 -0.567687 -0.519491 -0.454071 -0.819575 -0.349452 -0.454073 -0.819573 0.349454 -0.280337 -0.753808 0.594294 -0.405607 -0.515149 0.755053 -0.63864 -0.567687 0.51949 -0.45407 -0.819576 0.349451 -0.592314 -0.65015 0.475888 -0.454076 -0.819572 0.349452 -0.016628 -0.712449 0.701527 -0.000740139 -0.434825 0.900515 -0.200605 -0.427093 0.881674 -0.198253 -0.477844 0.855781 0.078701 -0.743324 0.664286 0.131383 -0.855065 0.501599 0.153369 -0.460321 0.874404 0.097009 -0.391797 0.914923 0.0704342 -0.731837 0.67783 0.102908 -0.356946 0.928439 0.072899 -0.715998 0.694286 0.253271 -0.952502 0.169098 0.269676 -0.962948 -0.00253059 0.221791 -0.975093 0.00142653 0.21679 -0.975322 0.0418167 0.266711 -0.96251 0.0494002 0.197946 -0.97955 0.0360416 0.238265 -0.970304 0.0417181 0.237642 -0.956185 -0.170989 0.199662 -0.979065 -0.0395948 0.242881 -0.968954 -0.0462333 0.224627 -0.97333 -0.046602 0.271908 -0.960786 -0.054381 0.151962 -0.528944 -0.834941 0.171408 -0.264288 -0.94909 0.0120158 -0.259803 -0.965587 0.222484 0.0388862 -0.974161 0.171408 -0.264286 -0.94909 -0.198253 -0.477845 -0.85578 -0.203688 -0.243126 -0.948368 -0.40016 -0.292908 -0.868376 -0.203688 -0.243123 -0.948368 -0.203688 -0.243124 -0.948368 -0.592314 -0.650151 -0.475887 -0.777351 -0.629067 1.20747e-06 -0.900228 -0.435419 1.29027e-06 -0.720276 -0.348383 -0.599859 -0.998441 0.0558232 9.65055e-07 -0.720278 -0.348377 -0.599861 -0.720278 -0.348366 -0.599867 -0.63864 -0.567687 0.51949 -0.720276 -0.348377 0.599863 -0.40016 -0.292908 0.868376 -0.720279 -0.348366 0.599866 -0.720277 -0.348378 0.599862 -0.200605 -0.427093 0.881674 -0.203689 -0.243122 0.948369 0.0239985 -0.203971 0.978683 -0.203689 -0.243125 0.948368 -0.203688 -0.243123 0.948368 0.097009 -0.391797 0.914923 0.153369 -0.460321 0.874404 0.0941569 -0.0459908 0.994494 0.106496 -0.0520178 0.992952 0.122101 -0.0476916 0.991371 0.210359 0.431852 0.877071 0.127741 0.056187 0.990215 0.135754 -0.0530246 0.989323 0.144494 -0.178667 0.973242 0.236566 0.154905 -0.959188 0.0868495 0.194008 -0.977148 0.0865084 0.412926 -0.906647 0.204425 0.332249 -0.920772 0.203687 0.15736 -0.966307 0.20024 0.33039 -0.922359 0.249656 0.428412 -0.86841 0.171267 0.0308968 -0.98474 0.192534 0.0347335 -0.980675 -0.175318 0.264314 -0.948368 -0.427659 0.357031 -0.830443 -0.345657 0.557149 -0.755054 -0.143752 0.496965 -0.855781 -0.175318 0.264315 -0.948368 -0.151747 0.446794 -0.881674 -0.175318 0.264313 -0.948368 -0.846083 0.533051 4.3597e-08 -0.676955 0.426495 -0.599862 -0.702386 0.711796 -6.89984e-07 -0.516151 0.712122 -0.475889 -0.676954 0.426495 -0.599863 -0.571383 0.635335 -0.519491 -0.676954 0.426494 -0.599863 -0.676958 0.426486 0.599865 -0.42766 0.35703 0.830444 -0.345657 0.557148 0.755055 -0.571383 0.635334 0.519492 -0.676955 0.426492 0.599864 -0.516151 0.712123 0.475887 -0.702386 0.711796 -6.89984e-07 -0.676955 0.426495 0.599862 -0.175319 0.264313 0.948368 -0.0168921 0.260039 0.96545 0.0171114 0.496833 0.867678 -0.151747 0.446793 0.881674 -0.175319 0.264311 0.948369 -0.143753 0.496963 0.855782 -0.175318 0.264314 0.948368 0.122059 0.54697 0.828206 0.109347 0.251935 0.961547 0.123242 0.53995 0.832625 0.109347 0.251934 0.961547 0.204425 0.332249 -0.920772 0.180325 0.690591 -0.700405 0.0776292 0.702807 -0.707132 0.173222 0.735188 -0.655357 0.179927 0.690212 -0.70088 0.277304 0.92157 -0.271683 0.18 0.688928 -0.702124 -0.143752 0.496965 -0.855781 -0.26885 0.826449 -0.494674 -0.0567496 0.851837 -0.520723 -0.516151 0.712122 -0.475889 -0.21207 0.950523 -0.227008 -0.359884 0.865086 -0.349443 -0.359888 0.865083 -0.349447 -0.571383 0.635334 0.519492 -0.268849 0.826449 0.494673 -0.286668 0.913374 0.289085 -0.359884 0.865086 0.349441 -0.151747 0.446793 0.881674 0.0579282 0.725973 0.685279 -0.077506 0.790734 0.607234 0.122059 0.54697 0.828206 0.122943 0.747012 0.653344 0.251762 0.932634 0.258477 0.126107 0.884046 0.450066 0.14143 0.76853 0.623987 0.142343 0.728525 0.670067 0.275224 0.960773 0.0341754 0.316078 0.947865 0.04059 0.314864 0.949089 0.0095241 0.25672 0.95803 0.127564 0.305072 0.942107 0.139162 0.278695 0.951771 0.128298 0.261234 0.964738 -0.0322158 0.296521 0.954278 -0.0377905 0.273804 0.952199 -0.135459 0.292205 0.945959 -0.140637 0.319587 0.935168 -0.152725 0.0413723 -0.984178 -0.172283 -0.0558214 -0.998441 1.48133e-07 -0.15082 -0.973433 -0.172284 -0.182448 -0.977109 0.109408 -0.15082 -0.973433 0.172284 -0.182448 -0.977109 0.109409 0.0413725 -0.984178 0.172283 0.0723938 -0.991357 0.109408 0.072394 -0.991357 -0.109407 0.0558214 0.998441 -3.15671e-07 0.150819 0.973433 -0.172284 -0.0413721 0.984179 -0.172281 -0.072394 0.991358 0.109405 -0.041372 0.984179 0.17228 0.00220165 0.966016 0.258473 0.105495 0.960241 0.258471 0.15082 0.973433 0.172284 0.182448 0.977109 -0.109409 0.182447 0.977109 -0.109411 -0.0558231 -0.998441 6.05721e-08 0.224627 -0.97333 -0.046602 -0.0558232 -0.998441 0 8.49555e-08 -4.74975e-09 -1 0 0 -1 0.246172 -0.422667 -0.872211 0.198415 0.0291914 -0.979683 0 0 -1 0.0558234 0.998441 -2.76154e-07 0.0558232 0.998441 -1.36508e-07 0.0558232 0.998441 0 0.0558232 0.998441 0 0.261234 0.964738 -0.0322158 4.17453e-09 7.4667e-08 1 -8.91297e-08 -6.99134e-08 1 0.122101 -0.0476916 0.991371 0.0558236 0.998441 4.03257e-07 0.0558215 0.998441 3.64255e-09 0.0558215 0.998441 3.64255e-09 0.0558236 0.998441 4.03257e-07 0.0558236 0.998441 -4.03257e-07 0.275224 0.960773 0.0341754 0.0558215 0.998441 0 0.0558215 0.998441 -3.81677e-07 0.998441 -0.0558215 0 0.998441 -0.0558215 0 -0.0558215 -0.998441 0 -0.0558215 -0.998441 0 -0.055823 -0.998441 1.15704e-07 -0.055823 -0.998441 -2.01626e-07 -0.0558234 -0.998441 -8.59224e-08 0.153369 -0.460321 0.874404 0.197946 -0.97955 0.0360416 </float_array>
          <technique_common>
            <accessor count="462" offset="0" source="#meshId0-normals-array" stride="3">
              <param name="X" type="float" />
              <param name="Y" type="float" />
              <param name="Z" type="float" />
            </accessor>
          </technique_common>
        </source>
        <source id="meshId0-tangents" name="meshId0-tangents">
          <float_array id="meshId0-tangents-array" count="1386"> 0.998441 -0.0558215 -2.43455e-09 0.99844 -0.0558276 -1.64397e-09 0.998439 -0.055847 -1.64398e-09 0.998441 -0.0558215 -2.43455e-09 0.998441 -0.0558215 0 0.998441 -0.0558215 7.48609e-06 0.998441 -0.0558215 2.45575e-05 0.998441 -0.0558215 -9.71973e-09 0.998441 -0.0558215 0 0.998441 -0.055822 7.68598e-10 0.998441 -0.0558212 7.68589e-10 0.998441 -0.0558215 0 0.998441 -0.0558215 -4.5598e-07 0.998441 -0.0558215 -4.51037e-07 0.998441 -0.0558215 0 0.998441 -0.0558215 -1.15207e-07 -0.0558215 -0.998441 -1.75733e-05 -0.0558215 -0.998441 -2.54905e-07 -0.0558215 -0.998441 8.787e-06 -0.0558215 -0.998441 2.79023e-06 0.00504461 -0.321085 0.947037 -0.00840344 -0.5475 0.836763 -0.0117014 -0.503945 0.863656 -0.040699 -0.746301 0.664363 -0.0392435 -0.717064 0.695901 -0.0295234 -0.626433 0.778916 -0.0428226 -0.60946 0.79166 -0.0394753 -0.706005 0.707105 -0.0392016 -0.516808 0.855203 -0.0435086 -0.48756 0.872005 -0.0215592 -0.304808 0.95217 -0.0219718 -0.3818 0.923984 -7.11737e-08 -1.42347e-07 1 -6.33716e-07 -1.67269e-07 1 0.020057 0.232774 0.972324 0.020936 0.38229 0.923805 0.0392013 0.516808 0.855203 0.0435136 0.487559 0.872005 0.0398743 0.521174 0.852519 0.03948 0.706003 0.707108 0.0393613 0.695095 0.717839 0.0313767 0.609847 0.791898 0.0210077 0.644635 0.764202 0.0380054 0.689447 0.723338 -0.00131947 0.303198 0.952927 0.0104044 0.482116 0.876046 0.0201367 0.155946 0.98756 -0.00372459 0.159518 0.987188 -0.00277515 0.0110007 0.999936 -0.00293458 -0.00430202 0.999986 -0.00938809 -0.156813 0.987584 0.00439092 -0.190976 0.981585 -0.0455667 -0.996602 0.0686152 -0.166644 -0.904961 0.391504 -0.0966958 -0.865127 0.492144 -0.0539218 -0.964419 0.258821 -0.0539198 -0.96442 0.258819 -0.0483416 -0.873065 0.485202 0.0825932 -0.904137 0.419183 0.0174777 -0.969424 0.244767 0.15853 -0.95162 0.263225 0.253313 -0.85705 0.448661 0.390993 -0.820848 0.416333 0.209842 -0.933655 0.290267 -0.420998 0.870412 0.255232 -0.60293 0.745054 0.285254 -0.454531 0.757318 0.468904 -0.230706 0.935823 0.266475 -0.158505 0.951621 0.263238 -0.253328 0.85705 0.448653 -0.0945813 0.878364 0.468542 -0.0624537 0.969929 0.235238 0.053135 0.97868 0.1984 0.0434531 0.899651 0.434443 0.0848689 0.933142 0.349348 0.0609481 0.983377 0.171042 -0.0478796 -0.998074 -0.0394364 -0.063326 -0.996861 -0.0475115 -0.0599366 -0.977537 -0.202062 -0.0550284 -0.998376 -0.0147579 -0.0558256 -0.998441 1.13326e-06 -0.125019 -0.961467 -0.244852 -0.257292 -0.93278 -0.252434 -0.0558228 -0.998441 5.86144e-07 -0.0558227 -0.998441 3.22466e-06 -0.3088 -0.904385 -0.294499 0.515396 0.81806 -0.255234 0.0558231 0.998441 2.06812e-06 0.055828 0.99844 6.4211e-06 0.327385 0.90442 -0.273576 0.257306 0.932778 -0.252427 0.0558317 0.99844 4.75871e-06 0.0558315 0.99844 1.99084e-06 0.163708 0.957704 -0.23665 0.0539197 0.96442 -0.25882 0.0560165 0.99826 0.018413 0.0677562 0.996598 0.0469225 0.0539053 0.964421 -0.258818 -0.0326737 -0.541367 -0.840151 -0.391223 -0.775731 -0.495162 -0.133318 -0.923481 -0.359735 -0.0395955 -0.707334 -0.70577 -0.0395088 -0.706271 -0.706838 -0.0739928 -0.904882 -0.419182 0.00860903 -0.891372 -0.45319 -0.0394743 -0.706002 -0.707109 -0.031064 -0.610473 -0.791428 0.123098 -0.770775 -0.625103 0.125095 -0.558176 -0.820238 -0.0213578 -0.382088 -0.923879 -1.01287e-06 -2.0986e-06 -1 3.75387e-07 -5.8724e-07 -1 -0.0719823 0.517588 -0.852597 0.0213666 0.382089 -0.923878 0.0310629 0.610473 -0.791427 -0.123098 0.770776 -0.625101 0.00218225 0.864921 -0.501903 0.0394728 0.706008 -0.707103 0.0387968 0.695315 -0.717657 0.045523 0.866518 -0.497067 0.0707955 0.8321 -0.550089 0.0404686 0.689172 -0.723467 0.0300329 0.481751 -0.875793 0.341186 0.808307 -0.479825 0.00762284 0.0283108 -0.99957 -0.00412974 0.0368994 -0.99931 0.00175352 -0.00281429 -0.999994 0.000285129 0.00116186 -0.999999 -0.0107471 -0.0365824 -0.999273 0.00573362 -0.0491396 -0.998775 -0.0144821 -0.258414 0.965926 -0.026161 -0.675336 0.737046 -0.0144836 -0.258417 0.965925 -0.0108902 -0.204176 0.978874 -0.0398649 -0.521174 0.852519 -0.0144831 -0.258412 0.965926 -2.62813e-05 2.36617e-06 1 -0.0200509 -0.232777 0.972323 -0.00615396 -0.11014 0.993897 0.0108907 0.204177 0.978873 0.021563 0.304807 0.95217 0.0061707 0.110138 0.993897 0.0144821 0.258414 0.965926 0.0428276 0.609457 0.791661 0.0144845 0.25841 0.965927 0.0119857 0.204118 0.978873 0.0140144 0.483743 0.875098 0.014484 0.258414 0.965926 -7.11365e-06 7.55062e-07 1 0.00959262 0.150677 0.988537 0.00612683 0.110136 0.993898 -0.011981 -0.204119 0.978873 -0.0226035 -0.169448 0.98528 -0.00614761 -0.110138 0.993897 -0.0108618 -0.204181 -0.978873 -0.0449053 -0.507386 -0.860548 -0.0382389 -0.467047 -0.883405 -0.0144474 -0.258416 -0.965926 -0.0144366 -0.258416 -0.965926 -0.0380946 -0.615788 -0.78699 -0.0253912 -0.610436 -0.791659 -0.0144395 -0.258416 -0.965926 -0.0119652 -0.204117 -0.978873 -0.0111359 -0.489374 -0.872003 -0.0116069 -0.305039 -0.952269 -0.00615703 -0.110134 -0.993898 2.18037e-06 -1.00229e-06 -1 -2.18862e-07 -9.66678e-07 -1 0.00550743 0.233449 -0.972354 0.0061671 0.110135 -0.993897 0.011974 0.204118 -0.978873 0.0111348 0.489373 -0.872003 0.0184843 0.522372 -0.852517 0.0144505 0.258417 -0.965925 0.0144366 0.258416 -0.965926 0.0347753 0.5994 -0.799694 0.0500887 0.626763 -0.777598 0.0144289 0.258417 -0.965926 0.0108821 0.204177 -0.978873 0.0369173 0.442744 -0.895888 -0.00134852 0.13021 -0.991486 0.00616184 0.110138 -0.993897 -9.84378e-06 1.02604e-06 -1 0.00164396 -0.00357491 -0.999992 -0.00614451 -0.136576 -0.990611 -0.00618518 -0.110135 -0.993897 0.979862 0.199406 0.0103467 0.967907 0.0602735 0.243973 0.998441 -0.0558232 0 0.998441 -0.0558232 3.9441e-05 0.983644 -0.06195 0.169132 0.967055 -0.15639 0.200863 0.998441 -0.0558239 -1.08729e-07 0.998441 -0.0558255 -1.08729e-07 0.959512 -0.281528 0.0089161 0.960195 -0.27933 -0.000276388 0.998441 -0.055823 -1.94643e-13 0.998441 -0.0558232 0 0.993996 -0.0515748 -0.0964948 0.986923 0.0269371 -0.158923 0.998441 -0.0558239 -1.0873e-07 0.998443 -0.0557857 -1.08733e-07 0.965638 -0.259816 -0.0061596 0.976354 -0.138519 -0.165967 0.998441 -0.0558228 -5.00278e-05 0.998441 -0.0558228 -1.46488e-05 0.998441 -0.0558215 2.39097e-07 0.998441 -0.0558215 5.69254e-07 0.998441 -0.0558215 -8.66089e-17 0.998441 -0.0558215 2.79977e-09 -0.0558215 -0.998441 0 -0.0558215 -0.998441 0 -0.0558215 -0.998441 0 -0.0558215 -0.998441 6.11548e-06 0.998441 -0.0558215 4.55073e-07 0.998441 -0.0558215 1.7916e-05 0.998441 -0.0558215 2.27536e-07 0.998441 -0.0558215 4.55073e-07 0.976215 0.216486 -0.0117163 0.975094 0.221791 -0.000410057 0.998441 -0.0558233 0 0.998441 -0.0558234 3.53784e-05 0.998441 -0.0558279 -7.6859e-10 0.998441 -0.0558215 -7.756e-10 0.998441 -0.055821 0 0.998441 -0.055821 0 0.998441 -0.055821 -1.65895e-09 0.998441 -0.0558215 2.10637e-05 0.998441 -0.0558215 9.11932e-07 0.998441 -0.0558215 9.07136e-07 0.998441 -0.0558216 1.64396e-09 0.998441 -0.0558215 1.65895e-09 0.998441 -0.0558215 2.43455e-09 0.998441 -0.0558215 2.43455e-09 0.998441 -0.0558215 7.756e-10 0.998441 -0.0558215 2.54373e-05 0.998441 -0.0558215 5.00229e-05 0.998441 -0.0558215 1.58729e-05 0.998441 -0.0558215 -2.27983e-07 0.998441 -0.0558215 -4.55966e-07 -0.0558215 -0.998441 1.22372e-05 -0.0558215 -0.998441 1.75734e-05 -0.0558215 -0.998441 1.11614e-05 -0.0558215 -0.998441 0 -0.0558215 -0.998441 -1.11609e-05 -0.0412929 -0.723157 0.689448 -0.039308 -0.711511 0.701574 -0.0363105 -0.873412 0.485627 -0.0108409 -0.845593 0.533719 -0.0420037 -0.714613 0.698258 -0.00528537 -0.861958 0.506952 0.379726 -0.785905 0.488017 -0.0297289 -0.56856 0.822105 -0.0401057 -0.73214 0.679973 -0.0378699 -0.609953 0.791532 -0.209689 -0.751582 0.625424 -0.0942507 -0.859771 0.501908 -0.107921 -0.884857 0.45319 -0.0209363 -0.382291 0.923805 1.08121e-06 5.72187e-07 1 -0.130867 -0.505169 0.85304 -0.0222666 -0.381658 0.924036 -0.188069 -0.539476 0.820729 -0.0231797 -0.381218 0.924195 0.0219718 0.3818 0.923984 0.0378698 0.609952 0.791533 0.20969 0.751582 0.625424 0.188068 0.539475 0.820729 0.0231792 0.381217 0.924195 0.130868 0.50517 0.85304 0.0222663 0.381657 0.924036 0.0393467 0.700614 0.712455 0.0420331 0.899706 0.434468 0.107922 0.884857 0.45319 0.0942517 0.859771 0.501906 0.0379825 0.668105 0.743097 0.0253162 0.508714 0.860563 -0.228951 0.844242 0.4846 -0.000134411 0.919253 0.393666 0.038511 0.681006 0.731265 -0.00661456 0.933128 0.359482 0.0377498 0.69762 0.715472 -0.00287185 0.174056 0.984732 -0.0030207 -0.00347388 0.999989 -0.000248713 0.00140639 0.999999 -0.00907339 0.0408205 0.999125 0.0141949 0.0551745 0.998376 -0.00713892 0.0353275 0.99935 0.0118558 0.0458579 0.998878 0.00463948 -0.174913 0.984573 0.00791178 -0.0387963 0.999216 -0.0138998 -0.0511318 0.998595 0.0104794 -0.0454084 0.998914 -0.0161689 -0.0610634 0.998003 -0.101576 -0.848636 0.519133 -0.0539043 -0.96442 0.258822 -0.0539196 -0.96442 0.258818 -0.0370695 -0.998144 -0.0483097 -0.0539357 -0.96442 0.258814 0.094571 -0.878363 0.468546 0.0624365 -0.969929 0.235243 0.151712 -0.955647 0.252434 0.0558776 -0.969984 0.236663 0.0170597 -0.96941 0.244854 0.454448 -0.75731 0.468997 0.602896 -0.745011 0.285439 0.420974 -0.870361 0.255446 0.230596 -0.935812 0.26661 -0.0558231 -0.998441 5.47902e-07 0.224429 -0.935268 0.273688 0.206063 -0.93317 0.294503 -0.391073 0.820855 0.416243 -0.209867 0.933658 0.290238 -0.151706 0.955647 0.252437 -0.206078 0.933172 0.294485 -0.224523 0.935277 0.273583 -0.0826037 0.904138 0.41918 -0.0174853 0.969425 0.244764 0.052619 0.977865 0.20251 -0.0170872 0.969411 0.244849 -0.0559132 0.969984 0.236655 0.0878875 0.91904 0.384242 0.136921 0.886237 0.442535 0.0597072 0.997395 0.040472 0.051912 0.99756 0.0466915 0.0608543 0.997325 0.040483 -0.0381972 0.90009 -0.434026 0.0617765 0.996005 -0.064485 0.0509507 0.997619 0.0464778 0.0631165 0.983225 0.171129 -0.043289 -0.984549 -0.169677 -0.0593384 -0.978105 -0.199472 -0.0504614 -0.907074 -0.417935 -0.0045082 -0.940307 -0.340298 -0.0453496 -0.984423 -0.16987 -0.00604872 -0.940991 -0.338377 0.0567649 -0.90174 -0.428535 -0.0489337 -0.998008 -0.0398237 -0.0623696 -0.99692 -0.0475538 -0.163659 -0.957709 -0.236663 -0.263618 -0.928019 -0.263224 -0.347266 -0.823474 -0.448661 -0.191885 -0.862349 -0.468546 -0.170159 -0.956925 -0.235244 -0.182855 -0.889296 -0.419185 -0.125425 -0.961435 -0.244768 -0.515366 -0.818013 -0.255446 -0.327287 -0.904422 -0.273686 -0.682182 -0.673164 -0.285441 -0.536025 -0.701935 -0.469003 -0.333465 -0.904279 -0.266611 -0.480048 -0.772151 -0.416338 -0.312604 -0.904446 -0.29027 0.308828 0.904385 -0.294472 0.263613 0.92802 -0.263225 0.347298 0.823471 -0.448642 0.480133 0.77215 -0.41624 0.312637 0.904447 -0.290229 0.536116 0.701932 -0.468904 0.682222 0.673203 -0.285254 0.333582 0.904275 -0.266476 0.125055 0.961464 -0.244845 0.0539196 0.96442 -0.258818 0.0626602 0.865566 -0.49686 0.18288 0.889294 -0.419179 0.125443 0.961434 -0.244763 0.19191 0.862347 -0.468538 0.170194 0.956921 -0.235235 0.0157356 0.833274 -0.552636 0.0539178 0.96442 -0.258819 0.0163107 0.837806 -0.545724 0.053933 0.964419 -0.25882 -0.134446 -0.922192 -0.36261 -0.0394249 -0.706431 -0.706683 -0.0395429 -0.706544 -0.706563 -0.0502631 -0.65795 -0.751382 -0.039487 -0.706866 -0.706244 -0.0300556 -0.274314 -0.96117 -0.0396406 -0.708122 -0.704976 -0.0021782 -0.86492 -0.501906 -0.0199887 -0.51826 -0.85499 -0.0184943 -0.522371 -0.852518 0.071985 -0.517588 -0.852596 -0.00550798 -0.23345 -0.972353 -0.0213823 -0.382087 -0.923879 -0.0213706 -0.382088 -0.923879 -0.125094 0.558178 -0.820237 0.0199894 0.518259 -0.85499 0.0116057 0.305038 -0.952269 0.0213807 0.382085 -0.92388 -0.0086046 0.891373 -0.45319 0.0377474 0.684348 -0.728178 0.025384 0.610434 -0.79166 0.0693391 0.827707 -0.55686 0.035907 0.654559 -0.755158 0.0261799 0.260419 -0.965141 0.0346314 0.449488 -0.892615 0.0339545 0.626186 -0.778934 0.0385895 0.672361 -0.739217 0.00941139 0.032854 -0.999416 -0.00489466 0.044412 -0.999001 0.00281387 0.00910102 -0.999955 0.00533193 0.130582 -0.991423 0.0163443 0.140927 -0.989885 0.0156864 0.129062 -0.991512 -0.00842023 -0.0310959 -0.999481 0.00508023 -0.0411457 -0.99914 0.00192403 -0.141383 -0.989953 -0.0176322 -0.141702 -0.989752 -0.0188716 -0.154864 -0.987756 -0.00893935 -0.172789 0.984918 -8.88374e-07 2.01222e-07 1 -0.0103969 -0.172706 0.984919 0.00611472 0.110146 0.993897 0.0104114 0.172703 0.984919 0.00612821 0.110145 0.993897 0.0089461 0.172789 0.984918 0.00615476 0.110137 0.993897 -0.00613747 -0.110136 0.993898 2.24208e-06 -4.36333e-07 -1 -0.0103737 -0.17271 -0.984918 -0.00891956 -0.172786 -0.984919 0.00615496 0.110135 -0.993898 0.00892318 0.172785 -0.984919 0.014431 0.258416 -0.965926 0.0144505 0.258414 -0.965926 0.0103902 0.172707 -0.984918 -0.00615218 -0.11014 -0.993897 -0.00617543 -0.110138 -0.993897 0.998441 -0.0558231 5.00418e-05 0.974441 0.224238 0.0134672 0.998441 -0.0558232 -3.4149e-05 0.998441 -0.0558233 8.50881e-08 0.998438 -0.0558739 0 0.967905 0.0602301 0.243993 0.97853 -0.0627852 0.19631 0.99844 -0.0558363 0 0.998441 -0.0558234 5.00263e-05 0.998441 -0.0558232 5.00236e-05 0.998441 -0.0558232 0 0.998441 -0.0558232 3.41527e-05 0.965274 -0.261152 0.00681539 0.998438 -0.0558616 3.00617e-12 0.998441 -0.0558226 8.5088e-08 0.990952 -0.0502257 -0.124465 0.998441 -0.0558236 -4.16123e-13 0.998441 -0.0558215 -1.18148e-07 0.998441 -0.0558215 -1.19548e-07 0.998441 -0.0558236 3.30723e-13 0.998441 -0.0558236 1.46489e-05 0.961378 -0.275121 -0.00775026 0.998441 -0.0558215 0 0.998441 -0.0558215 2.36271e-07 -0.0558215 -0.998441 1.75566e-05 -0.0558215 -0.998441 1.06735e-05 0.998441 -0.0558215 -4.56149e-07 0.998441 -0.0558215 -4.50673e-07 0.998441 -0.055823 1.46577e-05 0.998441 -0.055823 5.00248e-05 0.998441 -0.0558234 4.22513e-14 0.986923 0.0269378 -0.158923 0.980211 0.197736 -0.00934659 </float_array>
          <technique_common>
            <accessor count="462" offset="0" source="#meshId0-tangents-array" stride="3">
              <param name="X" type="float" />
              <param name="Y" type="float" />
              <param name="Z" type="float" />
            </accessor>
          </technique_common>
        </source>
        <source id="meshId0-bitangents" name="meshId0-bitangents">
          <float_array id="meshId0-bitangents-array" count="1386"> 0.0558215 0.998441 -1.38778e-17 0.0558276 0.99844 6.7547e-10 0.055847 0.998439 6.75438e-10 0.0558215 0.998441 -1.38778e-17 5.4473e-09 9.7432e-08 -1 7.47982e-06 -3.21333e-07 -1 2.45246e-05 -1.27428e-06 -1 -4.25728e-09 9.79746e-08 -1 -0.0558215 -0.998441 -0 -0.055822 -0.998441 -3.64292e-16 -0.0558212 -0.998441 2.5327e-16 -0.0558215 -0.998441 -0 4.55269e-07 -2.54535e-08 1 4.50334e-07 -2.51776e-08 1 0 0 1 1.15027e-07 -6.43102e-09 1 9.80965e-07 1.75459e-05 -1 1.42292e-08 2.54508e-07 -1 -4.90503e-07 -8.7733e-06 -1 -1.55755e-07 -2.78587e-06 -1 -0.975494 -0.209904 -0.0659701 -0.989886 -0.113951 -0.0845002 -0.998158 -0.0455343 -0.0400931 -0.991289 -0.0531978 -0.120485 -0.99912 0.0178314 -0.037969 -0.99956 0.020806 -0.0211535 -0.985335 0.15676 0.0673825 -0.98306 0.154198 0.0990768 -0.9324 0.326664 0.154666 -0.966105 0.242841 0.0875746 -0.921956 0.374431 0.0989878 -0.890694 0.427234 0.155358 -0.874721 0.484626 6.72808e-09 -0.906721 0.421731 -5.04061e-07 -0.948313 0.312488 -0.0552478 -0.890718 0.426791 -0.156429 -0.9324 0.326664 -0.154667 -0.966105 0.242844 -0.0875703 -0.987675 0.149793 -0.0453778 -0.98306 0.154201 -0.0990732 -0.999197 0.0327947 0.0230333 -0.999275 0.036239 0.0116855 -0.997219 -0.0411581 0.0621318 -0.996017 -0.0322888 0.0831084 -0.981745 -0.181636 0.0564328 -0.993773 -0.0922115 0.0625495 -0.980143 -0.191812 0.0502746 -0.975231 -0.218907 0.0316933 -0.964173 -0.265275 0.000242504 -0.970417 -0.241405 -0.00388635 -0.982868 -0.180355 -0.0379808 -0.962615 -0.266664 -0.0475757 -0.977739 0.0304106 -0.207608 -0.954793 0.0489718 -0.293211 -0.98313 0.00588625 -0.182817 -0.983723 0.00681277 -0.17956 -0.998515 0.0500433 -0.0215476 -0.998689 0.0340664 -0.0382028 -0.976184 0.0112699 0.21665 -0.97888 0.0332808 0.20171 -0.871112 -0.00930554 0.490995 -0.878245 -0.00928459 0.47812 -0.66277 0.0627694 0.746187 -0.661188 0.0831954 0.745593 -0.111134 0.229766 -0.96688 -0.179445 0.221741 -0.958452 -0.665256 0.0614329 -0.744083 -0.654199 0.0535439 -0.754425 -0.871117 -0.00927886 -0.490988 -0.878241 -0.0092988 -0.478127 -0.975577 0.0119488 -0.219333 -0.977042 -0.011314 -0.212747 -0.998485 0.0492259 0.0245874 -0.999055 0.0394517 0.0182286 -0.991064 0.042845 0.126321 -0.992039 0.04076 0.119155 -0.978948 0.0547316 -0.196635 -0.973315 0.0722116 -0.217817 -0.993076 0.0788835 -0.0870521 -0.996137 0.055906 -0.0677155 -0.979027 0.0547403 0.196241 -0.976542 0.075637 0.201606 -0.894742 0.131284 0.42685 -0.878647 0.0491254 0.474939 -0.649849 0.0363354 0.759195 -0.668109 -0.0141249 0.74393 -0.136053 -0.215949 -0.966879 -8.48101e-07 2.11877e-06 -1 -0.649847 0.0363412 -0.759196 -0.659206 0.0111873 -0.751879 -0.894738 0.131299 -0.426853 -0.878646 0.0491352 -0.474939 -0.979026 0.0547463 -0.196241 -0.970805 0.113767 -0.211173 -0.998472 0.0489406 -0.0256474 -0.998316 0.055722 0.0161376 -0.988247 0.0605803 0.140352 -0.992541 0.0801335 0.091876 -0.973138 0.208901 -0.0967638 -0.885786 0.463362 -0.0260612 -0.970634 0.195001 -0.140871 -0.982785 0.15513 -0.100337 -0.995843 0.0859302 -0.0301985 -0.9935 0.103348 -0.0477264 -0.988382 -0.0763606 0.131417 -0.994122 -0.0436515 0.0990799 -0.980398 -0.135523 0.143018 -0.930252 -0.309017 0.19784 -0.811094 -0.533656 0.239454 -0.932751 -0.325029 0.155985 -0.92329 -0.384104 1.74125e-06 -0.711796 -0.702386 1.4527e-07 -0.853467 -0.474324 -0.215893 -0.932751 -0.325026 -0.155993 -0.980397 -0.135524 -0.143017 -0.930252 -0.309016 -0.197841 -0.989611 -0.0702824 -0.125419 -0.994121 -0.0436531 -0.0990806 -0.998207 0.0597296 0.0039067 -0.998817 0.0480048 -0.00779 -0.989848 0.12674 0.0643237 -0.991246 0.118758 0.0576805 -0.981867 0.178294 0.0644047 -0.916156 0.400179 0.0226926 -0.96561 0.259995 0 -0.956181 0.292406 0.0147486 -0.947917 0.318507 -0.00255857 -0.960195 0.27933 5.07614e-05 -0.959454 0.281865 -1.86265e-09 -0.947278 0.319713 -0.0211678 -0.99844 0.0558299 -3.34783e-05 -0.993764 -0.0623777 -0.092428 -0.999893 0.00586818 -0.013423 -0.990849 0.133911 0.0169079 -0.987676 0.149788 0.0453855 -0.994314 0.105644 0.0133539 -0.98301 0.18355 -2.62691e-05 -0.948314 0.312487 0.0552545 -0.983196 0.182008 0.0140818 -0.990849 0.133911 -0.0169077 -0.921956 0.374433 -0.098984 -0.983196 0.18201 -0.014065 -0.99844 0.0558302 3.3401e-05 -0.985335 0.156763 -0.0673779 -0.994314 0.105644 -0.0133522 -0.9996 -0.0226165 0.0169555 -0.999061 -0.0291049 0.0320884 -0.999893 0.00586883 0.0134233 -0.997344 -0.0728312 -7.03977e-06 -0.983012 -0.179787 0.0369429 -0.997357 -0.071282 0.0140471 -0.9996 -0.0226178 -0.016951 -0.977363 -0.203624 -0.057441 -0.997357 -0.0712797 -0.0140678 -0.990849 0.133905 -0.0169362 -0.976851 0.202655 -0.0685127 -0.989012 0.144028 -0.0333358 -0.994315 0.105635 -0.0133887 -0.998441 0.055819 -1.07773e-05 -0.996598 0.0810103 -0.0151465 -0.996668 -0.0459405 0.0673906 -0.999893 0.00585811 0.0133801 -0.999601 -0.0226207 0.0169355 -0.987153 -0.133624 0.0875974 -0.957959 -0.269631 0.0980468 -0.997357 -0.0712794 0.014077 -0.997344 -0.0728329 -2.10158e-06 -0.948081 -0.31803 5.14931e-07 -0.977239 -0.204957 -0.0547425 -0.997357 -0.0712793 -0.0140871 -0.999601 -0.0226197 -0.0169442 -0.987153 -0.133625 -0.087596 -0.998217 -0.0387555 -0.0453905 -0.999893 0.00585982 -0.013391 -0.998441 0.0558189 1.0767e-05 -0.997821 0.06572 0.00586858 -0.988955 0.139868 0.0490337 -0.994315 0.10563 0.0134065 -0.990849 0.133908 0.0169158 -0.982456 0.180076 0.0485081 -0.96479 0.260611 0.0355377 -0.983196 0.182008 0.0140736 -0.98301 0.18355 9.86487e-06 -0.9544 0.29852 -0.0026362 -0.966043 0.256705 -0.0293997 -0.983196 0.182012 -0.0140503 -0.00223465 -0.0408633 0.999162 -0.0505482 -0.904279 0.42394 0 0 1 -3.93795e-05 2.20172e-06 1 -0.055779 -0.997601 -0.0410015 -0.0497584 -0.889947 -0.453341 -0.0558239 -0.998441 2.62901e-13 -0.0558255 -0.998441 4.36096e-13 -0.00218582 -0.0390959 -0.999233 6.84836e-05 0.00122488 -0.999999 -1.17849e-08 -2.10779e-07 -1 0 0 -1 0.0557287 0.99761 0.0408586 0.0496019 0.887344 0.458433 0.0558239 0.998441 -7.47806e-08 0.0557857 0.998443 -7.47764e-08 0.00167236 0.0299124 -0.999551 0.049818 0.891244 -0.450779 -4.99273e-05 3.19531e-06 -1 -1.46035e-05 1.22036e-06 -1 2.64988e-07 4.56416e-07 -1 5.70962e-07 1.46486e-08 -1 2.59558e-09 4.64253e-08 -1 2.90592e-08 4.69606e-07 -1 0 -0 -1 0 -0 -1 0 -0 -1 -3.41376e-07 -6.10595e-06 -1 -4.54363e-07 2.54028e-08 1 -1.78881e-05 9.98278e-07 1 -2.27283e-07 1.0883e-08 1 -4.54363e-07 2.54028e-08 1 0.00237439 0.0433621 0.999057 8.34534e-05 0.00148194 0.999999 0 0 1 -3.53233e-05 1.97495e-06 1 0.0558279 0.998441 -6.75527e-10 0.0558215 0.998441 -1.04083e-17 0.055821 0.998441 -0 0.055821 0.998441 -0 0.055821 0.998441 7.77156e-16 2.10333e-05 -1.13229e-06 -1 8.87102e-07 -4.69595e-07 -1 9.34577e-07 4.65484e-07 -1 -0.0558216 -0.998441 -2.35922e-16 -0.0558215 -0.998441 1.38778e-17 -0.0558215 -0.998441 4.16334e-17 -0.0558215 -0.998441 2.77556e-17 -0.0558215 -0.998441 2.42861e-17 -2.53977e-05 1.4205e-06 1 -4.99449e-05 2.79236e-06 1 -1.58481e-05 8.86048e-07 1 2.27628e-07 -1.27264e-08 1 4.55255e-07 -2.54527e-08 1 -6.831e-07 -1.22181e-05 -1 -9.80971e-07 -1.7546e-05 -1 -6.23045e-07 -1.1144e-05 -1 0 -0 -1 6.23018e-07 1.11435e-05 -1 -0.991677 -0.0545606 -0.116622 -0.999003 0.0131245 -0.042662 -0.999199 0.0235493 -0.0323565 -0.988327 -0.0720532 -0.134232 -0.990706 -0.0607066 -0.121724 -0.987859 -0.0742124 -0.136481 -0.891744 -0.451337 -0.0329702 -0.983912 -0.128308 -0.124317 -0.990265 -0.0616569 -0.124794 -0.959154 0.244402 0.142446 -0.88967 0.412003 0.196826 -0.975609 0.180162 0.125414 -0.97371 0.186064 0.131414 -0.890718 0.426791 0.156429 -0.629067 0.777351 2.35364e-07 -0.795008 0.567546 0.214135 -0.890684 0.427364 0.155053 -0.74617 0.62185 0.237767 -0.890664 0.42775 0.154102 -0.890694 0.427234 -0.155358 -0.959154 0.244402 -0.142446 -0.88967 0.412003 -0.196826 -0.74617 0.62185 -0.237767 -0.890664 0.427749 -0.154102 -0.795008 0.567546 -0.214135 -0.890685 0.427364 -0.155053 -0.999087 0.0394495 0.0163828 -0.999116 0.038173 0.0176111 -0.973709 0.186064 -0.131414 -0.975609 0.180163 -0.125414 -0.996174 -0.0332512 0.0808139 -0.991008 -0.100365 0.0884833 -0.96128 -0.274518 0.0240893 -0.995283 -0.0383122 0.0891232 -0.996773 -0.0254022 0.0761499 -0.994669 -0.0431347 0.093665 -0.996625 -0.0259481 0.0778846 -0.967391 -0.24989 0.0413479 -0.962946 -0.269665 -0.0038456 -0.975094 -0.221791 6.94064e-05 -0.976176 -0.21698 9.31323e-10 -0.963672 -0.265577 0.0283784 -0.980187 -0.198075 0 -0.971128 -0.237503 0.02243 -0.971342 -0.234769 -0.0371304 -0.979833 -0.199819 0 -0.969957 -0.241897 -0.0258872 -0.974389 -0.224871 0 -0.962187 -0.270485 -0.0321385 -0.983153 0.00592158 -0.182688 -0.983724 0.00679593 -0.179555 -0.998473 0.0489541 -0.0255967 -0.974231 0.0468598 -0.220629 -0.983723 0.00682708 -0.179564 -0.975578 0.0119585 0.219328 -0.977043 -0.0112965 0.212743 -0.903801 -0.0307293 0.426849 -0.97744 -0.00478708 0.211159 -0.978887 0.0336949 0.201605 -0.665313 0.0615278 0.744025 -0.179559 0.221887 0.958397 -0.111225 0.22996 0.966824 -0.654238 0.0537073 0.754379 9.94136e-07 4.93175e-07 1 -0.656378 0.0625052 0.751839 -0.662373 0.0885135 0.743927 -0.662722 0.0626704 -0.746239 -0.661179 0.0831596 -0.745605 -0.903802 -0.0307224 -0.426848 -0.662367 0.088492 -0.743935 -0.656347 0.0623726 -0.751876 -0.976183 0.0112602 -0.216654 -0.97888 0.0332731 -0.201712 -0.998326 0.0466374 0.0342 -0.978887 0.0336681 -0.201612 -0.977438 -0.00482251 -0.211168 -0.991396 0.0431354 0.123589 -0.978637 0.0518536 0.198949 -0.993765 0.0555678 0.0966576 -0.992957 0.0465736 0.108936 -0.99065 0.0553862 0.124676 -0.976878 0.0577994 0.205837 -0.989882 0.0694094 0.12376 -0.989432 0.0440971 0.138133 -0.987491 0.0367005 0.153347 -0.970651 0.0816621 -0.226205 -0.994453 0.0753064 -0.0734359 -0.994972 0.0819056 -0.0576327 -0.978872 0.0737164 -0.190724 -0.977985 0.0784219 -0.193378 -0.979728 0.0733359 -0.186426 -0.966669 0.0576911 -0.249443 -0.984009 0.0550074 -0.169414 -0.979306 0.0703201 -0.189775 -0.970814 0.113718 0.211161 -0.864646 0.10635 0.490996 -0.871738 0.107122 0.478119 -0.970832 0.0968568 0.219324 -0.969696 0.120131 0.212742 -0.971358 0.0976085 0.216647 -0.97649 0.0760367 0.201708 -0.136166 -0.216129 0.966823 -0.659254 0.0110538 0.751839 -0.203176 -0.20049 0.958396 -0.668031 0.0130119 0.74402 -0.656151 0.0195496 0.754376 -0.66564 0.0114921 0.746185 -0.666342 -0.00897987 0.745592 -0.668097 -0.0140904 -0.743941 -0.864648 0.106345 -0.490994 -0.871725 0.107152 -0.478135 -0.665578 0.0115926 -0.746239 -0.666326 -0.00893231 -0.745607 -0.667958 0.0131054 -0.744084 -0.203042 -0.200359 -0.958452 -0.656091 0.0197107 -0.754424 -0.976537 0.0756721 -0.201616 -0.998402 0.0476847 -0.0303123 -0.997888 0.0628708 -0.0163206 -0.971353 0.0976316 -0.216658 -0.976487 0.0760549 -0.201713 -0.970827 0.0968796 -0.219337 -0.96969 0.120165 -0.21275 -0.992398 0.0804865 0.0931015 -0.99254 0.0801456 0.0918728 -0.992242 0.0808369 0.094446 -0.992539 0.0801604 0.0918689 -0.969606 0.197921 -0.14385 -0.982817 0.155046 -0.10016 -0.996198 0.082812 -0.0270575 -0.9836 0.163096 -0.0770183 -0.982887 0.154748 -0.09993 -0.960312 0.274702 -0.0483698 -0.982867 0.154729 -0.100153 -0.989611 -0.070286 0.125417 -0.962975 -0.219976 0.155854 -0.998217 -0.0387496 0.0453985 -0.853467 -0.474326 0.215892 -0.977239 -0.204956 0.0547432 -0.932752 -0.325017 0.156004 -0.932751 -0.325025 0.155996 -0.811094 -0.533655 -0.239457 -0.962975 -0.219975 -0.155853 -0.95796 -0.26963 -0.0980449 -0.932752 -0.325018 -0.156002 -0.988382 -0.0763567 -0.131419 -0.997607 0.0680496 0.0122394 -0.996669 -0.0459444 -0.0673843 -0.990098 0.125397 0.0631025 -0.991764 0.116301 0.0536503 -0.967435 0.249752 0.0411474 -0.991412 0.128151 0.0260679 -0.989366 0.131352 0.0624667 -0.989065 0.13108 0.0675922 -0.961334 0.275385 0 -0.948721 0.315563 0.0186771 -0.949133 0.314876 0.000194963 -0.966471 0.255198 0.0284149 -0.952189 0.304261 0.0275948 -0.960252 0.278342 0.0210391 -0.965239 0.26137 -9.31323e-10 -0.955013 0.296074 -0.0170485 -0.961784 0.270792 -0.0405431 -0.956193 0.29169 -0.0247265 -0.947369 0.318556 -0.0318446 -0.999104 -0.0392082 -0.0159466 -0.998441 0.0558214 -8.98222e-07 -0.988507 0.150337 0.0159268 -0.983196 0.182004 -0.0141211 -0.988506 0.150339 -0.0159122 -0.983196 0.182005 -0.0141078 -0.999104 -0.0392073 0.0159533 -0.997357 -0.0712786 0.0140748 -0.997357 -0.0712807 -0.0140576 -0.998441 0.0558214 -2.26294e-06 -0.988507 0.150332 -0.0159499 -0.999104 -0.0392115 0.015927 -0.997357 -0.0712788 -0.0140749 -0.999104 -0.0392108 -0.0159305 -0.999894 0.00585665 -0.0133716 -0.994315 0.105635 0.0133854 -0.988507 0.150335 0.0159335 -0.983196 0.182007 -0.0140834 -0.983196 0.182009 -0.0140602 -4.99604e-05 2.85397e-06 1 -0.00265807 -0.048436 0.998823 3.40958e-05 -1.90631e-06 1 -0.0558233 -0.998441 -1.55875e-13 -0.0558739 -0.998438 -0 -0.0505946 -0.904281 0.423928 -0.055779 -0.9976 -0.0410221 -0.0558363 -0.99844 -0 4.99329e-05 -3.06836e-06 -1 4.9938e-05 -2.92878e-06 -1 0 0 -1 3.40994e-05 -1.90651e-06 -1 -0.00183815 -0.0328774 -0.999458 0.0558616 0.998438 -7.47836e-08 0.0558226 0.998441 7.47798e-08 0.0557283 0.997599 0.0411275 2.25109e-08 4.02628e-07 -1 -1.17761e-07 1.02321e-08 -1 -1.19159e-07 1.03102e-08 -1 2.25116e-08 4.02628e-07 -1 1.46035e-05 -1.22038e-06 -1 0.00195616 0.0349886 -0.999386 0 0 -1 2.14597e-07 -3.94271e-07 -1 -9.80036e-07 -1.75292e-05 -1 -5.95809e-07 -1.06568e-05 -1 4.55438e-07 -2.5463e-08 1 4.4997e-07 -2.51573e-08 1 -1.46284e-05 9.33761e-07 1 -4.9958e-05 2.59122e-06 1 -4.79652e-09 -8.57884e-08 1 0.0496012 0.887344 0.458433 0.00202875 0.0371785 0.999307 </float_array>
          <technique_common>
            <accessor count="462" offset="0" source="#meshId0-bitangents-array" stride="3">
              <param name="X" type="float" />
              <param name="Y" type="float" />
              <param name="Z" type="float" />
            </accessor>
          </technique_common>
        </source>
        <source id="meshId0-tex0" name="meshId0-tex0">
          <float_array id="meshId0-tex0-array" count="924"> 0.737142 0.725269 0.615059 0.725269 0.615059 0.721877 0.737142 0.721877 0.737142 0.734457 0.615059 0.734457 0.615059 0.732268 0.737142 0.732268 0.737142 0.74124 0.615059 0.74124 0.615059 0.737849 0.737142 0.737849 0.859225 0.74343 0.859225 0.745619 0.737142 0.745619 0.737142 0.74343 0.859225 0.732268 0.859225 0.730079 0.862617 0.730079 0.862617 0.732268 0.0238751 0.272 0.0250053 0.299958 0.0225227 0.311545 0.0188426 0.287326 0.013835 0.323131 0.0200402 0.323131 0.0225227 0.334718 0.0165206 0.340446 0.0206178 0.354785 0.0250053 0.346304 0.0309991 0.351103 0.0289143 0.362875 0.0369928 0.367857 0.0369928 0.355902 0.0429864 0.351103 0.0450713 0.362875 0.0533677 0.354785 0.0489799 0.346304 0.0514626 0.334718 0.0574649 0.340446 0.0601505 0.323131 0.0539453 0.323131 0.0514626 0.311545 0.057908 0.287286 0.0537488 0.272 0.0489799 0.299958 0.0429864 0.295159 0.046665 0.269162 0.0383916 0.267201 0.0369928 0.29036 0.0309991 0.295159 0.0306703 0.269448 0.289008 0.0652459 0.296025 0.0168342 0.299385 0.0652459 0.293973 0.0699517 0.292367 0.113658 0.302744 0.113658 0.302667 0.137623 0.2918 0.138747 0.292289 0.163428 0.302589 0.161589 0.302829 0.177019 0.291958 0.179847 0.828508 0.24378 0.817104 0.240176 0.817368 0.223481 0.829128 0.226539 0.828772 0.208776 0.817632 0.206786 0.817582 0.180842 0.829317 0.182058 0.828722 0.154898 0.817532 0.154898 0.821155 0.102693 0.83588 0.100438 0.27986 0.0168341 0.276026 0.0631722 0.271613 0.113658 0.28199 0.113658 0.28199 0.139462 0.27218 0.138747 0.27169 0.163428 0.28199 0.165266 0.28199 0.182192 0.272022 0.179847 0.851316 0.24378 0.839912 0.247384 0.839912 0.229075 0.850695 0.226539 0.851052 0.208776 0.839912 0.210766 0.839912 0.182832 0.850507 0.182058 0.851102 0.154898 0.839912 0.154898 0.849776 0.102693 0.854891 0.107826 0.63542 0.290241 0.636464 0.264425 0.643442 0.30094 0.640089 0.304472 0.644691 0.337454 0.65042 0.337454 0.64645 0.355984 0.642211 0.353442 0.638428 0.366683 0.642479 0.374514 0.632893 0.38219 0.630767 0.374174 0.623307 0.378789 0.623307 0.389865 0.613722 0.38219 0.615848 0.374174 0.608187 0.366683 0.604136 0.374514 0.600166 0.355984 0.604404 0.353442 0.601924 0.337454 0.596195 0.337454 0.599814 0.30094 0.603978 0.304434 0.607836 0.290241 0.603432 0.264425 0.612078 0.264425 0.614359 0.287618 0.622016 0.28581 0.620724 0.264425 0.628594 0.264425 0.629161 0.287885 0.0285165 0.323131 0.0225227 0.311545 0.02739 0.314547 0.0309991 0.334717 0.0225227 0.334718 0.02739 0.331715 0.0369928 0.339517 0.0309991 0.351103 0.0336458 0.340195 0.0429864 0.334717 0.0429864 0.351103 0.0403398 0.340195 0.0454691 0.323131 0.0514626 0.334718 0.0465955 0.331715 0.0429864 0.311545 0.0514626 0.311545 0.0465955 0.314547 0.0369928 0.306745 0.0429864 0.295159 0.0403398 0.306067 0.0309991 0.311545 0.0309991 0.295159 0.0336458 0.306067 0.628842 0.326756 0.634376 0.316057 0.636669 0.326756 0.632174 0.329528 0.631134 0.337454 0.638961 0.337454 0.636669 0.348152 0.632174 0.34538 0.628842 0.348152 0.634376 0.358851 0.628842 0.363282 0.626398 0.35321 0.623307 0.352584 0.623307 0.367714 0.617773 0.363282 0.620217 0.35321 0.617773 0.348152 0.612239 0.358851 0.609946 0.348152 0.614441 0.34538 0.615481 0.337454 0.607654 0.337454 0.609946 0.326756 0.614441 0.329528 0.617773 0.326756 0.612239 0.316057 0.617773 0.311626 0.620217 0.321698 0.623307 0.322324 0.623307 0.307194 0.628842 0.311626 0.626398 0.321698 0.612833 0.74343 0.612833 0.74124 0.613946 0.74124 0.613946 0.74343 0.612833 0.737849 0.612833 0.734457 0.613946 0.734457 0.613946 0.737849 0.612833 0.732268 0.612833 0.730079 0.613946 0.730079 0.613946 0.732268 0.612833 0.721877 0.612833 0.718485 0.613946 0.718485 0.613946 0.721877 0.612833 0.727674 0.612833 0.725269 0.613946 0.725269 0.613946 0.727674 0.859225 0.727674 0.859225 0.730079 0.737142 0.730079 0.737142 0.727674 0.862617 0.725269 0.866009 0.725269 0.866009 0.727674 0.862617 0.727674 0.737142 0.750429 0.615059 0.750429 0.615059 0.748024 0.737142 0.748024 0.612833 0.748024 0.612833 0.745619 0.613946 0.745619 0.613946 0.748024 0.615059 0.718485 0.737142 0.718485 0.859225 0.718485 0.859225 0.721877 0.859225 0.725269 0.615059 0.730079 0.859225 0.732268 0.859225 0.734457 0.615059 0.734457 0.737142 0.734457 0.859225 0.734457 0.859225 0.737849 0.859225 0.74124 0.615059 0.745619 0.615059 0.74343 0.615059 0.74124 0.737142 0.74124 0.859225 0.74124 0.866008 0.730079 0.866009 0.732268 0.866009 0.734457 0.862617 0.734457 0.859225 0.734457 0.0188426 0.287326 0.013835 0.323131 0.0076298 0.323131 0.0151873 0.283587 0.0188426 0.287326 0.0151873 0.283587 0.0227449 0.244042 0.0238751 0.272 0.0188426 0.287326 0.0206178 0.354785 0.0162303 0.363267 0.01193 0.343199 0.01193 0.343199 0.0289143 0.362875 0.0369928 0.379812 0.0266116 0.37154 0.0289143 0.362875 0.0266116 0.37154 0.0289143 0.362875 0.0450713 0.362875 0.0533677 0.354785 0.0577554 0.363267 0.0473741 0.37154 0.0450713 0.362875 0.0473741 0.37154 0.0450713 0.362875 0.0601505 0.323131 0.0663556 0.323131 0.0620555 0.343199 0.0620555 0.343199 0.057908 0.287286 0.0537488 0.272 0.0585177 0.244042 0.0624367 0.283587 0.057908 0.287286 0.0624367 0.283587 0.057908 0.287286 0.046665 0.269162 0.0383916 0.267201 0.0397903 0.244042 0.049154 0.244042 0.046665 0.269162 0.049154 0.244042 0.046665 0.269162 0.0306703 0.269448 0.0312676 0.244042 0.0306703 0.269448 0.0312676 0.244042 0.0306703 0.269448 0.299385 0.0652459 0.293973 0.0699517 0.292367 0.113658 0.289008 0.0652459 0.293973 0.0699517 0.302667 0.137623 0.2918 0.138747 0.292289 0.163428 0.2918 0.138747 0.2918 0.138747 0.302829 0.177019 0.303069 0.19245 0.292529 0.195784 0.291958 0.179847 0.28199 0.199118 0.291958 0.179847 0.291958 0.179847 0.817368 0.223481 0.829128 0.226539 0.828772 0.208776 0.829128 0.226539 0.829128 0.226539 0.817582 0.180842 0.829317 0.182058 0.828722 0.154898 0.829317 0.182058 0.829317 0.182058 0.821155 0.102693 0.824777 0.0504877 0.842209 0.0504877 0.83588 0.100438 0.842209 0.0504877 0.859641 0.0504877 0.849776 0.102693 0.83588 0.100438 0.83588 0.100438 0.276026 0.0631722 0.271613 0.113658 0.261237 0.113658 0.262466 0.0652458 0.276026 0.0631722 0.262466 0.0652458 0.263695 0.016834 0.27986 0.0168341 0.276026 0.0631722 0.27218 0.138747 0.27169 0.163428 0.261391 0.161589 0.261314 0.137623 0.27218 0.138747 0.261314 0.137623 0.27218 0.138747 0.27145 0.195784 0.272022 0.179847 0.260911 0.19245 0.261151 0.177019 0.272022 0.179847 0.261151 0.177019 0.272022 0.179847 0.850695 0.226539 0.851052 0.208776 0.862192 0.206786 0.862455 0.223481 0.850695 0.226539 0.862455 0.223481 0.862719 0.240176 0.850695 0.226539 0.850507 0.182058 0.851102 0.154898 0.862292 0.154898 0.862242 0.180842 0.850507 0.182058 0.862242 0.180842 0.850507 0.182058 0.860966 0.102693 0.854891 0.107826 0.860966 0.102693 0.854891 0.107826 0.643442 0.30094 0.640089 0.304472 0.644691 0.337454 0.636669 0.326756 0.640089 0.304472 0.63542 0.290241 0.640089 0.304472 0.64645 0.355984 0.638428 0.366683 0.636669 0.348152 0.632893 0.38219 0.628842 0.363282 0.630767 0.374174 0.630767 0.374174 0.613722 0.38219 0.608187 0.366683 0.617773 0.363282 0.615848 0.374174 0.600166 0.355984 0.601924 0.337454 0.609946 0.348152 0.599814 0.30094 0.603978 0.304434 0.607836 0.290241 0.609946 0.326756 0.603978 0.304434 0.603978 0.304434 0.612078 0.264425 0.614359 0.287618 0.622016 0.28581 0.617773 0.311626 0.614359 0.287618 0.614359 0.287618 0.628594 0.264425 0.629161 0.287885 0.628842 0.311626 0.629161 0.287885 0.629161 0.287885 0.0309991 0.311545 0.0369928 0.323131 0.0309991 0.334717 0.0403398 0.340195 0.0429864 0.334717 0.0403398 0.340195 0.0429864 0.311545 0.0403398 0.306067 0.0336458 0.306067 0.623307 0.337454 0.628842 0.326756 0.628842 0.348152 0.620217 0.35321 0.617773 0.348152 0.614441 0.34538 0.614441 0.329528 0.617773 0.326756 0.626398 0.321698 0.626398 0.321698 0.613946 0.745619 0.612833 0.74343 0.613946 0.74343 0.613946 0.74124 0.613946 0.74124 0.612833 0.74124 0.612833 0.737849 0.613946 0.737849 0.613946 0.730079 0.613946 0.732268 0.613946 0.734457 0.613946 0.732268 0.612833 0.732268 0.613946 0.721877 0.613946 0.725269 0.612833 0.721877 0.613946 0.725269 0.615059 0.725269 0.615059 0.727674 0.613946 0.727674 0.613946 0.727674 0.612833 0.727674 0.737142 0.725269 0.859225 0.725269 0.859225 0.727674 0.859225 0.725269 0.859225 0.748024 0.859225 0.750429 0.613946 0.748024 0.613946 0.750429 0.613946 0.750429 0.612833 0.750429 0.612833 0.748024 </float_array>
          <technique_common>
            <accessor count="462" offset="0" source="#meshId0-tex0-array" stride="2">
              <param name="S" type="float" />
              <param name="T" type="float" />
            </accessor>
          </technique_common>
        </source>
        <vertices id="meshId0-vertices">
          <input semantic="POSITION" source="#meshId0-positions" />
          <input semantic="NORMAL" source="#meshId0-normals" />
          <input semantic="TANGENT" source="#meshId0-tangents" />
          <input semantic="BINORMAL" source="#meshId0-bitangents" />
          <input semantic="TEXCOORD" source="#meshId0-tex0"  />
        </vertices>
        <polylist count="428" material="defaultMaterial">
          <input offset="0" semantic="VERTEX" source="#meshId0-vertices" />
          <vcount>3 3 3 3 3 3 3 3 3 3 3 3 3 3 3 3 3 3 3 3 3 3 3 3 3 3 3 3 3 3 3 3 3 3 3 3 3 3 3 3 3 3 3 3 3 3 3 3 3 3 3 3 3 3 3 3 3 3 3 3 3 3 3 3 3 3 3 3 3 3 3 3 3 3 3 3 3 3 3 3 3 3 3 3 3 3 3 3 3 3 3 3 3 3 3 3 3 3 3 3 3 3 3 3 3 3 3 3 3 3 3 3 3 3 3 3 3 3 3 3 3 3 3 3 3 3 3 3 3 3 3 3 3 3 3 3 3 3 3 3 3 3 3 3 3 3 3 3 3 3 3 3 3 3 3 3 3 3 3 3 3 3 3 3 3 3 3 3 3 3 3 3 3 3 3 3 3 3 3 3 3 3 3 3 3 3 3 3 3 3 3 3 3 3 3 3 3 3 3 3 3 3 3 3 3 3 3 3 3 3 3 3 3 3 3 3 3 3 3 3 3 3 3 3 3 3 3 3 3 3 3 3 3 3 3 3 3 3 3 3 3 3 3 3 3 3 3 3 3 3 3 3 3 3 3 3 3 3 3 3 3 3 3 3 3 3 3 3 3 3 3 3 3 3 3 3 3 3 3 3 3 3 3 3 3 3 3 3 3 3 3 3 3 3 3 3 3 3 3 3 3 3 3 3 3 3 3 3 3 3 3 3 3 3 3 3 3 3 3 3 3 3 3 3 3 3 3 3 3 3 3 3 3 3 3 3 3 3 3 3 3 3 3 3 3 3 3 3 3 3 3 3 3 3 3 3 3 3 3 3 3 3 3 3 3 3 3 3 3 3 3 3 3 3 3 3 3 3 3 3 3 3 3 3 3 3 3 3 3 3 3 3 3 3 3 3 3 3 3 3 3 3 3 3 3 3 3 3 3 3 3 3 3 3 3 3 3 3 3 3 3 3 3 3 3 3 3 3 </vcount>
          <p>3 0 1 1 2 3 7 4 5 5 6 7 11 8 9 9 10 11 15 12 13 13 14 15 19 16 17 17 18 19 23 20 21 21 22 23 27 24 25 25 26 27 31 28 29 29 30 31 35 32 33 33 34 35 39 36 37 37 38 39 43 40 41 41 42 43 47 44 45 45 46 47 51 48 49 49 50 51 55 52 53 53 54 55 59 56 57 57 58 59 63 60 61 61 62 63 67 64 65 65 66 67 71 68 69 69 70 71 75 72 73 73 74 75 77 76 53 53 52 77 81 78 79 79 80 81 85 82 83 83 84 85 89 86 87 87 88 89 93 90 91 91 92 93 97 94 95 95 96 97 101 98 99 99 100 101 105 102 103 103 104 105 109 106 107 107 108 109 113 110 111 111 112 113 117 114 115 115 116 117 121 118 119 119 120 121 125 122 123 123 124 125 129 126 127 127 128 129 132 130 25 25 131 132 135 133 29 29 134 135 138 136 33 33 137 138 141 139 37 37 140 141 144 142 41 41 143 144 147 145 45 45 146 147 150 148 49 49 149 150 153 151 21 21 152 153 157 154 155 155 156 157 161 158 159 159 160 161 165 162 163 163 164 165 169 166 167 167 168 169 173 170 171 171 172 173 177 174 175 175 176 177 181 178 179 179 180 181 185 182 183 183 184 185 189 186 187 187 188 189 193 190 191 191 192 193 197 194 195 195 196 197 201 198 199 199 200 201 205 202 203 203 204 205 209 206 207 207 208 209 213 210 211 211 212 213 217 214 215 215 216 217 221 218 219 219 220 221 3 2 222 222 223 3 3 223 224 224 225 3 3 225 226 226 0 3 7 6 227 227 208 7 7 208 207 207 228 7 7 228 229 229 4 7 11 10 230 230 231 11 11 231 232 232 233 11 11 233 234 234 8 11 15 14 235 235 236 15 15 236 237 237 238 15 15 238 239 239 12 15 19 18 240 240 241 19 19 241 242 242 243 19 19 243 244 244 16 19 245 131 25 25 24 245 249 246 247 247 248 249 253 250 251 251 252 253 27 134 29 29 28 27 27 254 255 255 256 27 27 257 247 247 246 27 258 137 33 33 32 258 261 32 259 259 260 261 263 262 255 255 254 263 264 140 37 37 36 264 268 265 266 266 267 268 270 269 259 259 32 270 39 143 41 41 40 39 39 271 272 272 273 39 39 274 266 266 265 39 275 146 45 45 44 275 279 276 277 277 278 279 281 280 272 272 271 281 282 149 49 49 48 282 286 283 284 284 285 286 288 287 277 277 276 288 289 152 21 21 20 289 291 252 251 251 290 291 293 292 284 284 283 293 295 294 57 57 56 295 298 296 79 79 297 298 300 299 61 61 60 300 302 301 83 83 80 302 303 80 79 79 296 303 307 304 305 305 306 307 309 306 308 308 84 309 310 84 83 83 301 310 312 311 69 69 68 312 314 313 91 91 88 314 315 88 87 87 64 315 317 316 73 73 72 317 319 318 95 95 92 319 320 92 91 91 313 320 324 321 322 322 323 324 328 325 326 326 327 328 329 96 95 95 318 329 330 297 79 79 78 330 334 331 332 332 333 334 338 335 336 336 337 338 339 80 83 83 82 339 343 340 341 341 342 343 345 344 332 332 331 345 347 84 308 308 346 347 350 346 348 348 349 350 352 351 341 341 340 352 353 88 91 91 90 353 357 354 355 355 356 357 360 358 359 359 86 360 361 92 95 95 94 361 365 362 363 363 364 365 367 366 355 355 354 367 369 327 326 326 368 369 371 370 363 363 362 371 373 372 103 103 102 373 376 374 159 159 375 376 378 156 155 155 377 378 105 379 107 107 106 105 105 380 163 163 381 105 105 160 159 159 374 105 109 382 111 111 110 109 384 110 167 167 383 384 385 164 163 163 380 385 113 386 115 115 114 113 113 387 171 171 388 113 389 168 167 167 110 389 117 390 119 119 118 117 117 391 175 175 392 117 117 172 171 171 387 117 394 393 123 123 122 394 397 395 179 179 396 397 398 176 175 175 391 398 400 399 127 127 126 400 403 401 183 183 402 403 404 180 179 179 395 404 406 405 99 99 98 406 408 377 155 155 407 408 409 184 183 183 401 409 132 22 21 21 151 132 132 410 411 411 130 132 135 26 25 25 130 135 135 130 411 411 412 135 138 30 29 29 133 138 138 412 411 411 136 138 413 34 33 33 136 413 415 136 411 411 414 415 144 38 37 37 139 144 144 414 411 411 142 144 147 42 41 41 142 147 147 142 411 411 416 147 417 46 45 45 145 417 150 416 411 411 148 150 418 50 49 49 148 418 418 148 411 411 410 418 157 375 159 159 158 157 157 158 419 419 420 157 161 381 163 163 162 161 161 421 419 419 158 161 165 383 167 167 166 165 165 166 419 419 421 165 422 388 171 171 170 422 422 423 419 419 166 422 424 392 175 175 174 424 173 174 419 419 423 173 425 396 179 179 178 425 425 426 419 419 174 425 181 402 183 183 182 181 181 182 419 419 426 181 427 407 155 155 154 427 428 420 419 419 182 428 189 188 237 237 236 189 189 236 235 235 429 189 431 220 219 219 430 431 193 192 230 230 10 193 193 10 9 9 432 193 436 433 434 434 435 436 438 437 227 227 6 438 440 6 5 5 439 440 197 439 191 191 441 197 442 200 222 222 2 442 442 2 1 1 443 442 201 443 203 203 444 201 448 445 446 446 447 448 449 447 227 227 437 449 448 196 195 195 450 448 209 208 227 227 447 209 209 447 446 446 451 209 209 451 452 452 206 209 213 212 240 240 18 213 213 18 17 17 453 213 213 453 454 454 210 213 217 216 235 235 14 217 217 14 13 13 455 217 217 455 456 456 214 217 457 429 235 235 216 457 457 216 215 215 458 457 221 459 460 460 461 221 </p>
        </polylist>
      </mesh>
    </geometry>
    <geometry id="meshId1" name="meshId1_name" >
      <mesh>
        <source id="meshId1-positions" name="meshId1-positions">
          <float_array id="meshId1-positions-array" count="747"> -0.117576 0.0819838 0.455852 -0.776754 0.0858243 0.465427 -0.776754 -0.0504221 0.465427 -0.126865 -0.0506074 0.45599 -0.118533 -0.167169 -0.437128 -0.770606 -0.157601 -0.44631 -0.770606 -0.157601 -1.54794e-07 -0.125607 -0.167065 -1.54794e-07 -0.117126 -0.183165 -0.455852 -0.776754 -0.186668 -0.465427 -0.776754 -0.050422 -0.465427 -0.126865 -0.0506073 -0.45599 -0.117126 -0.183165 0.455852 -0.776754 -0.186668 0.465427 -0.776754 -0.186668 -1.54794e-07 -0.124397 -0.183204 -1.54794e-07 0.542052 -0.0507596 0.446277 0.542502 -0.179662 0.446277 0.542502 -0.179662 -1.54794e-07 0.542052 -0.0507596 -1.54794e-07 -1 -0.0494186 -0.46867 -1 -0.187855 -0.46867 -1 -0.187855 -1.54794e-07 -1 -0.0494186 -1.54794e-07 -0.118533 -0.167169 0.437128 -0.770606 -0.157601 0.446309 -0.770973 -0.143071 0.44745 -0.118203 -0.152618 0.438246 0.534485 -0.16219 0.42904 0.535429 -0.147644 0.430134 0.535429 -0.147644 -1.54794e-07 0.534487 -0.162157 -3.09589e-07 0.534485 -0.16219 -0.429041 0.535429 -0.147644 -0.430135 -0.117955 -0.138093 -0.439363 -0.118202 -0.152619 -0.438246 -1 -0.187855 -1.54794e-07 -1 -0.187855 -0.46867 -0.888377 -0.187261 -0.467048 -0.888714 -0.187263 -1.54794e-07 -1 -0.0494186 -0.46867 -1 0.0890174 -0.46867 -0.888377 0.0874209 -0.467048 -0.889151 -0.0498937 -0.46706 -0.991309 -0.12367 -1.54794e-07 -0.991309 -0.12367 0.451717 -0.881324 -0.126106 0.450154 -0.881655 -0.126099 -1.54794e-07 -1 -0.0494186 0.468669 -1 -0.187855 0.468669 -0.888377 -0.187262 0.467048 -0.889151 -0.0498938 0.467059 -0.770973 -0.143071 0.44745 -0.770606 -0.157601 0.446309 -0.770606 -0.157601 -1.54794e-07 -0.770974 -0.143038 1.54794e-07 -0.995654 -0.0173265 0.460193 -1 0.0890173 0.468669 -0.888377 0.0874208 0.467048 -0.88449 -0.0192573 0.458603 0.538516 -0.0347502 0.438206 0.535429 -0.147644 0.430134 -0.117955 -0.138093 0.439363 -0.109678 -0.0279573 0.447505 0.538516 -0.0347502 0.438206 0.541602 0.0781432 0.446277 0.541602 0.0781432 -1.54794e-07 0.538546 -0.0336397 -1.54794e-07 0.538516 -0.0347502 -0.438206 0.541602 0.0781432 -0.446277 -0.117576 0.0819838 -0.455852 -0.109678 -0.0279574 -0.447505 -0.995654 -0.0173263 -0.460194 -0.991309 -0.12367 -0.451717 -0.881324 -0.126106 -0.450155 -0.88449 -0.0192572 -0.458604 -0.995654 -0.0173263 -0.460194 -1 0.0890174 -0.46867 -1 0.0890174 -1.54794e-07 -0.995699 -0.0162276 0 -0.776754 -0.186668 0.465427 -0.117126 -0.183165 0.455852 -0.126865 -0.0506074 0.45599 -0.117126 -0.183165 0.455852 0.542502 -0.179662 0.446277 0.542052 -0.0507596 0.446277 -0.126865 -0.0506074 0.45599 0.541602 0.0781432 0.446277 -0.117576 0.0819838 0.455852 -0.126865 -0.0506074 0.45599 -0.770606 -0.157601 0.446309 -0.118533 -0.167169 0.437128 -0.125607 -0.167065 -1.54794e-07 0.53354 -0.176737 0.427946 0.53354 -0.176737 -1.54794e-07 -0.125607 -0.167065 -1.54794e-07 0.53354 -0.176737 -0.427946 -0.125607 -0.167065 -1.54794e-07 -0.776754 -0.050422 -0.465427 -0.776754 0.0858243 -0.465427 -0.117576 0.0819838 -0.455852 -0.126865 -0.0506073 -0.45599 -0.117576 0.0819838 -0.455852 0.541602 0.0781432 -0.446277 0.542052 -0.0507596 -0.446277 -0.126865 -0.0506073 -0.45599 0.542502 -0.179662 -0.446277 -0.117126 -0.183165 -0.455852 -0.126865 -0.0506073 -0.45599 -0.776754 -0.186668 -0.465427 -0.117126 -0.183165 -0.455852 0.542502 -0.179662 -0.446277 0.542502 -0.179662 -1.54794e-07 0.542502 -0.179662 0.446277 0.542502 -0.179662 -0.446277 0.542052 -0.0507596 -0.446277 0.542052 -0.0507596 -1.54794e-07 0.541602 0.0781432 -0.446277 0.541602 0.0781432 -1.54794e-07 0.542052 -0.0507596 -1.54794e-07 0.541602 0.0781432 0.446277 0.542052 -0.0507596 -1.54794e-07 -1 -0.187855 0.468669 -1 -0.0494186 0.468669 -1 0.0890173 0.468669 -1 0.0890174 -1.54794e-07 -1 0.0890174 -0.46867 -0.770973 -0.143071 0.44745 -0.77134 -0.128541 0.448591 -0.117955 -0.138093 0.439363 -0.118203 -0.152618 0.438246 -0.117955 -0.138093 0.439363 0.535429 -0.147644 0.430134 0.534485 -0.16219 0.42904 -0.118203 -0.152618 0.438246 0.534485 -0.16219 0.42904 0.53354 -0.176737 0.427946 -0.118533 -0.167169 0.437128 -0.118203 -0.152618 0.438246 0.535429 -0.147644 -0.430135 0.534485 -0.16219 -0.429041 0.534487 -0.162157 -3.09589e-07 0.534485 -0.16219 -0.429041 0.53354 -0.176737 -0.427946 0.53354 -0.176737 -1.54794e-07 0.534487 -0.162157 -3.09589e-07 0.53354 -0.176737 0.427946 0.534485 -0.16219 0.42904 0.534487 -0.162157 -3.09589e-07 -0.117955 -0.138093 -0.439363 -0.77134 -0.128542 -0.448592 -0.770973 -0.143072 -0.447451 -0.118202 -0.152619 -0.438246 -0.770973 -0.143072 -0.447451 -0.770606 -0.157601 -0.44631 -0.118533 -0.167169 -0.437128 -0.118202 -0.152619 -0.438246 -0.118533 -0.167169 -0.437128 0.53354 -0.176737 -0.427946 0.534485 -0.16219 -0.429041 -0.118202 -0.152619 -0.438246 -0.888377 -0.187262 0.467048 -1 -0.187855 0.468669 -0.889151 -0.0498937 -0.46706 -0.888377 -0.187261 -0.467048 -0.889151 -0.0498937 -0.46706 -1 -0.187855 -0.46867 -0.889151 -0.0498937 -0.46706 -0.77134 -0.128541 0.448591 -0.77134 -0.128542 -1.54794e-07 -0.881655 -0.126099 -1.54794e-07 -0.77134 -0.128542 -0.448592 -0.881324 -0.126106 -0.450155 -0.881655 -0.126099 -1.54794e-07 -0.991309 -0.12367 -0.451717 -0.881655 -0.126099 -1.54794e-07 -0.889151 -0.0498938 0.467059 -0.888377 0.0874208 0.467048 -0.889151 -0.0498938 0.467059 -1 0.0890173 0.468669 -0.889151 -0.0498938 0.467059 -0.770606 -0.157601 -0.44631 -0.770973 -0.143072 -0.447451 -0.770974 -0.143038 1.54794e-07 -0.77134 -0.128542 -0.448592 -0.77134 -0.128542 -1.54794e-07 -0.770974 -0.143038 1.54794e-07 -0.77134 -0.128541 0.448591 -0.770973 -0.143071 0.44745 -0.770974 -0.143038 1.54794e-07 -0.888377 0.0874208 0.467048 -0.776754 0.0858243 0.465427 -0.774047 -0.0213586 0.457009 -0.88449 -0.0192573 0.458603 -0.774047 -0.0213586 0.457009 -0.77134 -0.128541 0.448591 -0.881324 -0.126106 0.450154 -0.88449 -0.0192573 0.458603 -0.881324 -0.126106 0.450154 -0.991309 -0.12367 0.451717 -0.995654 -0.0173265 0.460193 -0.88449 -0.0192573 0.458603 -0.117955 -0.138093 0.439363 -0.77134 -0.128541 0.448591 -0.774047 -0.0213586 0.457009 -0.109678 -0.0279573 0.447505 -0.774047 -0.0213586 0.457009 -0.776754 0.0858243 0.465427 -0.117576 0.0819838 0.455852 -0.109678 -0.0279573 0.447505 -0.117576 0.0819838 0.455852 0.541602 0.0781432 0.446277 0.538516 -0.0347502 0.438206 -0.109678 -0.0279573 0.447505 0.541602 0.0781432 -0.446277 0.538516 -0.0347502 -0.438206 0.538546 -0.0336397 -1.54794e-07 -0.117576 0.0819838 -0.455852 -0.776754 0.0858243 -0.465427 -0.774047 -0.0213587 -0.457009 -0.109678 -0.0279574 -0.447505 -0.774047 -0.0213587 -0.457009 -0.77134 -0.128542 -0.448592 -0.117955 -0.138093 -0.439363 -0.109678 -0.0279574 -0.447505 -0.117955 -0.138093 -0.439363 0.535429 -0.147644 -0.430135 0.538516 -0.0347502 -0.438206 -0.109678 -0.0279574 -0.447505 -0.881324 -0.126106 -0.450155 -0.77134 -0.128542 -0.448592 -0.774047 -0.0213587 -0.457009 -0.88449 -0.0192572 -0.458604 -0.774047 -0.0213587 -0.457009 -0.776754 0.0858243 -0.465427 -0.888377 0.0874209 -0.467048 -0.88449 -0.0192572 -0.458604 -0.888377 0.0874209 -0.467048 -1 0.0890174 -0.46867 -0.995654 -0.0173263 -0.460194 -0.88449 -0.0192572 -0.458604 -1 0.0890173 0.468669 -0.995654 -0.0173265 0.460193 -0.995699 -0.0162276 0 -0.991309 -0.12367 0.451717 -0.991309 -0.12367 -1.54794e-07 -0.995699 -0.0162276 0 -0.991309 -0.12367 -0.451717 -0.995699 -0.0162276 0 </float_array>
          <technique_common>
            <accessor count="249" offset="0" source="#meshId1-positions-array" stride="3">
              <param name="X" type="float" />
              <param name="Y" type="float" />
              <param name="Z" type="float" />
            </accessor>
          </technique_common>
        </source>
        <source id="meshId1-normals" name="meshId1-normals">
          <float_array id="meshId1-normals-array" count="747"> 0.0145214 1.21199e-05 0.999895 0.0145218 1.0197e-05 0.999895 0.0145218 1.03317e-05 0.999895 0.0145214 1.21199e-05 0.999895 0.0146713 0.999892 -5.79977e-08 0.0146713 0.999892 -5.79977e-08 0.0146713 0.999892 -5.79977e-08 0.0146713 0.999892 -5.79977e-08 0.0145164 1.18824e-05 -0.999895 0.0145175 1.00533e-05 -0.999895 0.0145175 1.00834e-05 -0.999895 0.0145164 1.18824e-05 -0.999895 0.00531053 -0.999986 -1.915e-07 0.00531093 -0.999986 -1.93929e-07 0.00531092 -0.999986 -1.93868e-07 0.00531053 -0.999986 -1.915e-07 0.999994 0.00348963 1.00048e-07 0.999994 0.00348963 1.00048e-07 0.999994 0.00348963 1.00048e-07 0.999994 0.00348963 1.00048e-07 -1 -6.45275e-07 -4.76505e-08 -1 -6.45275e-07 -4.76505e-08 -1 -6.45275e-07 -4.76505e-08 -1 -6.45275e-07 -4.76505e-08 -0.0129129 0.077431 -0.996914 -0.0129129 0.077431 -0.996914 -0.0129129 0.077431 -0.996914 -0.0129129 0.077431 -0.996914 -0.997899 0.0647931 -9.45813e-08 -0.999505 0.0314488 -2.23947e-08 -0.999502 0.0315511 -2.26161e-08 -0.997899 0.0647931 -9.45813e-08 -0.0129534 0.0763672 0.996996 -0.0129534 0.0763672 0.996996 -0.0129534 0.0763672 0.996996 -0.0129534 0.0763672 0.996996 0.0053137 -0.999986 -2.96438e-08 0.0053137 -0.999986 -2.96438e-08 0.0053137 -0.999986 -2.96438e-08 0.0053137 -0.999986 -2.96438e-08 0.0145233 8.52947e-08 -0.999895 0.0145233 8.52947e-08 -0.999895 0.0145233 8.52947e-08 -0.999895 0.0145233 8.52947e-08 -0.999895 0.0221395 0.999755 2.80864e-07 0.0221395 0.999755 2.80864e-07 0.0221395 0.999755 2.80864e-07 0.0221395 0.999755 2.80864e-07 0.014524 1.1726e-07 0.999894 0.014524 1.1726e-07 0.999895 0.014524 1.1726e-07 0.999895 0.014524 1.1726e-07 0.999895 0.999681 0.0252605 -1.57741e-07 0.999681 0.0252605 -1.57741e-07 0.999681 0.0252605 -1.57741e-07 0.999681 0.0252605 -1.57741e-07 -0.0131229 0.0786742 -0.996814 -0.0131229 0.0786742 -0.996814 -0.0131229 0.0786742 -0.996814 -0.0131229 0.0786742 -0.996814 -0.0132767 0.073172 -0.997231 -0.0132767 0.073172 -0.997231 -0.0132767 0.073172 -0.997231 -0.0132767 0.073172 -0.997231 -0.999626 0.0273296 -1.1983e-08 -0.999626 0.0273296 -1.1983e-08 -0.999626 0.0273296 -1.1983e-08 -0.999626 0.0273296 -1.1983e-08 -0.0138014 0.0731762 0.997224 -0.0138014 0.0731762 0.997224 -0.0138014 0.0731762 0.997224 -0.0138014 0.0731762 0.997224 -0.0126572 0.0786914 0.996819 -0.0126572 0.0786914 0.996819 -0.0126572 0.0786914 0.996819 -0.0126572 0.0786914 0.996819 0.999166 0.0408303 4.02793e-08 0.999166 0.0408302 4.02793e-08 0.999166 0.0408303 4.02793e-08 0.999166 0.0408303 4.02793e-08 0.0145175 1.01788e-05 0.999895 0.0145164 1.19953e-05 0.999895 0.0145164 1.19953e-05 0.999895 0.0145163 3.73076e-05 0.999895 0.0145163 3.73076e-05 0.999895 0.0145163 3.73076e-05 0.999895 0.0145163 3.73076e-05 0.999895 0.0145215 3.74346e-05 0.999895 0.0145215 3.74346e-05 0.999895 0.0145215 3.74346e-05 0.999895 0.0146712 0.999892 -6.47416e-08 0.0146712 0.999892 -6.47416e-08 0.0146712 0.999892 -6.47416e-08 0.0146712 0.999892 -2.12899e-07 0.0146712 0.999892 -2.12899e-07 0.0146712 0.999892 -2.12899e-07 0.0146712 0.999892 -1.74407e-07 0.0146712 0.999892 -1.74407e-07 0.0145219 1.04581e-05 -0.999895 0.0145219 1.03244e-05 -0.999895 0.0145214 1.22338e-05 -0.999895 0.0145214 1.22338e-05 -0.999895 0.0145215 3.755e-05 -0.999895 0.0145216 3.755e-05 -0.999895 0.0145216 3.755e-05 -0.999895 0.0145216 3.755e-05 -0.999895 0.0145164 3.71895e-05 -0.999895 0.0145164 3.71895e-05 -0.999895 0.0145164 3.71895e-05 -0.999895 0.00531093 -0.999986 -2.01241e-07 0.00531044 -0.999986 -2.04608e-07 0.00531044 -0.999986 -7.03936e-08 0.00531044 -0.999986 -7.03936e-08 0.00531052 -0.999986 -6.19981e-08 0.999994 0.00348963 -1.00031e-07 0.999994 0.00348963 -1.00031e-07 0.999994 0.00348963 -1.00031e-07 0.999994 0.0034889 -1.00067e-07 0.999994 0.0034889 -1.00067e-07 0.999994 0.0034889 -1.00067e-07 0.999994 0.0034889 1.00084e-07 0.999994 0.0034889 1.00084e-07 -1 -7.25935e-07 4.76504e-08 -1 -7.25935e-07 4.76504e-08 -1 0 4.76505e-08 -1 0 4.76505e-08 -1 -8.06593e-08 -4.76505e-08 -0.0129368 0.0774297 -0.996914 -0.0129368 0.0774297 -0.996914 -0.0129368 0.0774297 -0.996914 -0.0129368 0.0774297 -0.996914 -0.0129534 0.0763659 -0.996996 -0.0129534 0.0763659 -0.996996 -0.0129534 0.0763659 -0.996996 -0.0129534 0.0763659 -0.996996 -0.0129297 0.0763679 -0.996996 -0.0129297 0.0763679 -0.996996 -0.0129297 0.0763679 -0.996996 -0.0129297 0.0763679 -0.996996 -0.999505 0.0314487 1.75728e-08 -0.997899 0.0647917 7.72275e-08 -0.997899 0.0647917 7.72275e-08 -0.997898 0.0648066 7.33817e-08 -0.997898 0.0648066 7.33817e-08 -0.997898 0.0648066 7.33817e-08 -0.997898 0.0648066 7.33817e-08 -0.997898 0.0648038 -1.00422e-07 -0.997898 0.0648038 -1.00422e-07 -0.997898 0.0648038 -1.00422e-07 -0.0129367 0.0774307 0.996914 -0.0129367 0.0774307 0.996914 -0.0129367 0.0774307 0.996914 -0.0129367 0.0774307 0.996914 -0.0129129 0.0774316 0.996914 -0.0129129 0.0774316 0.996914 -0.0129129 0.0774316 0.996914 -0.0129129 0.0774316 0.996914 -0.0129297 0.0763681 0.996996 -0.0129297 0.0763681 0.996996 -0.0129297 0.0763681 0.996996 -0.0129297 0.0763681 0.996996 0.00531317 -0.999986 -2.07601e-07 0.00531318 -0.999986 -9.29265e-08 0.0145244 8.20483e-08 -0.999894 0.0145238 -7.46981e-08 -0.999894 0.0145238 -7.46981e-08 -0.999894 0.0145235 -7.79932e-08 -0.999895 0.0145235 -7.79932e-08 -0.999895 0.0221396 0.999755 -1.24398e-07 0.0221396 0.999755 -1.24398e-07 0.0221396 0.999755 -1.24398e-07 0.0221412 0.999755 -1.56108e-07 0.0221412 0.999755 -1.56108e-07 0.0221412 0.999755 -1.56108e-07 0.0221411 0.999755 2.38747e-07 0.0221411 0.999755 2.38747e-07 0.0145237 1.20801e-07 0.999894 0.014524 -1.17402e-07 0.999894 0.014524 -1.17402e-07 0.999895 0.0145239 -1.13907e-07 0.999894 0.0145239 -1.13907e-07 0.999895 0.999681 0.0252651 -4.64294e-08 0.999681 0.0252651 -4.64294e-08 0.999681 0.0252651 -4.64294e-08 0.999681 0.0252607 -2.49579e-07 0.999681 0.0252607 -2.49579e-07 0.999681 0.0252607 -2.49579e-07 0.999681 0.0252521 -3.61128e-07 0.999681 0.0252521 -3.61128e-07 0.999681 0.0252521 -3.61128e-07 -0.0131318 0.0781953 -0.996852 -0.0131318 0.0781953 -0.996852 -0.0131318 0.0781953 -0.996852 -0.0131318 0.0781953 -0.996852 -0.0126662 0.0782095 -0.996857 -0.0126662 0.0782095 -0.996857 -0.0126662 0.0782095 -0.996857 -0.0126662 0.0782095 -0.996857 -0.0126572 0.0786914 -0.996819 -0.0126572 0.0786914 -0.996819 -0.0126572 0.0786914 -0.996819 -0.0126572 0.0786914 -0.996819 -0.0132376 0.0763112 -0.996996 -0.0132376 0.0763112 -0.996996 -0.0132376 0.0763111 -0.996996 -0.0132376 0.0763112 -0.996996 -0.0137697 0.0763066 -0.996989 -0.0137697 0.0763066 -0.996989 -0.0137697 0.0763066 -0.996989 -0.0137697 0.0763067 -0.996989 -0.0138015 0.0731762 -0.997224 -0.0138015 0.0731762 -0.997224 -0.0138015 0.0731762 -0.997224 -0.0138015 0.0731762 -0.997224 -0.999626 0.0273296 1.11772e-08 -0.999626 0.0273296 1.11772e-08 -0.999626 0.0273296 1.11772e-08 -0.0137697 0.0763067 0.996989 -0.0137697 0.0763067 0.996989 -0.0137697 0.0763067 0.996989 -0.0137697 0.0763067 0.996989 -0.0132375 0.0763112 0.996996 -0.0132375 0.0763112 0.996996 -0.0132375 0.0763112 0.996996 -0.0132375 0.0763112 0.996996 -0.0132766 0.073172 0.997231 -0.0132766 0.0731721 0.997231 -0.0132766 0.0731721 0.997231 -0.0132766 0.073172 0.997231 -0.0126663 0.0782094 0.996857 -0.0126663 0.0782094 0.996857 -0.0126663 0.0782094 0.996857 -0.0126663 0.0782094 0.996857 -0.0131317 0.0781955 0.996852 -0.0131317 0.0781955 0.996852 -0.0131317 0.0781955 0.996852 -0.0131317 0.0781955 0.996852 -0.0131231 0.0786744 0.996814 -0.0131231 0.0786744 0.996814 -0.0131231 0.0786744 0.996814 -0.0131231 0.0786744 0.996814 0.999166 0.0408303 -2.35748e-08 0.999166 0.0408303 -2.35748e-08 0.999166 0.0408303 -2.35748e-08 0.999166 0.0408309 -1.70819e-08 0.999166 0.0408309 -1.70819e-08 0.999166 0.0408309 -1.70819e-08 0.999166 0.040831 4.62945e-08 0.999166 0.040831 4.62945e-08 </float_array>
          <technique_common>
            <accessor count="249" offset="0" source="#meshId1-normals-array" stride="3">
              <param name="X" type="float" />
              <param name="Y" type="float" />
              <param name="Z" type="float" />
            </accessor>
          </technique_common>
        </source>
        <source id="meshId1-tangents" name="meshId1-tangents">
          <float_array id="meshId1-tangents-array" count="747"> 0.999878 -0.0058255 -0.0145211 0.999894 -0.000728466 -0.0145218 0.999893 -0.0017343 -0.0145218 0.999882 -0.00496361 -0.0145212 -0.999881 0.0146711 0.00478112 -0.999891 0.0146712 0.00187959 -0.999892 0.0146713 0.000103048 -0.999888 0.0146712 0.00299696 -0.999542 -0.0265512 -0.0145116 -0.999733 -0.0179966 -0.0145153 -0.999716 -0.0189037 -0.0145151 -0.99958 -0.0250774 -0.0145121 1.85453e-07 -1.90518e-07 1 2.95327e-07 -1.92363e-07 1 -3.30687e-10 -1.93873e-07 1 1.12892e-07 -1.90903e-07 1 -4.03786e-05 0.0115996 -0.999933 -3.81288e-05 0.0109549 -0.99994 -2.78105e-05 0.0079981 -0.999968 -3.00604e-05 0.00864282 -0.999963 -4.765e-08 -8.06556e-07 1 -4.765e-08 -7.99289e-07 1 -4.765e-08 -7.66813e-07 1 -4.765e-08 -7.74079e-07 1 -0.0120213 0.996913 0.0775866 -0.0352364 0.996343 0.077843 -0.0355631 0.996331 0.0778463 -0.0123574 0.996909 0.0775906 0.0647852 0.997778 0.0155761 0.0314344 0.999047 -0.0302812 0.0315109 0.998227 -0.0504984 0.0647662 0.997484 -0.0288137 0.0646 0.99506 -0.0753797 0.0629868 0.995161 -0.0754084 -0.0458853 0.995984 -0.0768859 -0.0443166 0.996056 -0.076871 1.07633e-06 -2.39249e-08 1 5.78354e-07 -2.6571e-08 1 4.90611e-07 -2.70372e-08 1 9.89167e-07 -2.43881e-08 1 -0.999637 -0.0227127 -0.0145195 -0.999555 -0.0260462 -0.0145183 -0.999486 -0.028589 -0.0145173 -0.999576 -0.0252515 -0.0145186 -0.999755 0.0221395 -0.000245063 -0.999111 0.0221252 0.0358738 -0.998856 0.0221196 0.0423945 -0.999735 0.0221391 0.00623852 0.999884 -0.00449193 -0.0145239 0.999867 -0.00742413 -0.0145236 0.999848 -0.00965785 -0.0145234 0.999872 -0.00672257 -0.0145237 -0.0249732 0.988308 0.150409 -0.0249845 0.988758 0.147422 -0.0252605 0.999678 -0.00227766 -0.0252605 0.999681 0.000886991 -0.105305 0.991247 0.0796212 -0.0742261 0.994073 0.079435 -0.0415903 0.995994 0.079157 -0.0725883 0.994195 0.0794231 -0.0341273 0.996705 0.0735877 -0.0313964 0.996797 0.0735581 -0.00858277 0.997274 0.0732894 -0.011293 0.997244 0.0733233 0.0272605 0.9971 -0.0710534 0.0272605 0.997099 -0.0710728 0.0272603 0.997091 -0.0711719 0.0272603 0.997093 -0.0711532 0.0272841 0.996975 -0.0727803 0.0212493 0.997115 -0.0728741 -0.0285068 0.996884 -0.0735458 -0.0226937 0.997039 -0.0734767 -0.102543 0.99154 -0.0795768 -0.0971392 0.992087 -0.0795513 -0.0914726 0.992627 -0.079522 -0.0969005 0.99211 -0.0795501 -0.0408172 0.998846 -0.0252945 -0.0408208 0.998936 -0.0214687 -0.0408302 0.999166 0.000520092 -0.04083 0.999161 -0.00314691 0.999891 -0.00277541 -0.0145174 0.999864 0.00777212 -0.014516 0.999871 0.00692334 -0.0145161 0.999864 0.00777268 -0.0145162 0.999893 0.00178608 -0.0145164 0.999894 0.00093493 -0.0145164 0.999871 0.00690398 -0.0145162 0.999895 9.60059e-05 -0.0145215 0.999878 -0.00582552 -0.014521 0.999882 -0.00496764 -0.0145211 -0.999891 0.0146711 -0.001673 -0.999882 0.014671 -0.00457374 -0.999888 0.0146711 -0.00279007 -0.999891 0.0146711 -0.00163733 -0.999892 0.0146712 0.000103895 -0.999888 0.0146711 -0.0028417 -0.999891 0.0146712 0.00184479 -0.999888 0.0146712 0.00304892 -0.999716 -0.0188907 -0.0145195 -0.999701 -0.0196506 -0.0145193 -0.999894 -0.00125592 -0.0145214 -0.99989 -0.0029646 -0.0145214 -0.999894 -0.00125654 -0.0145216 -0.999828 -0.0115781 -0.014521 -0.99981 -0.0130403 -0.0145208 -0.999891 -0.0027519 -0.0145216 -0.999786 -0.0147222 -0.0145154 -0.999542 -0.0265506 -0.0145123 -0.999586 -0.0248344 -0.0145128 1.71172e-07 -2.00334e-07 1 -2.09308e-07 -2.05722e-07 1 -7.10842e-08 -7.07721e-08 1 3.73821e-10 -7.03926e-08 1 4.00548e-08 -6.17862e-08 1 -3.92033e-05 0.0112055 -0.999937 -4.16443e-05 0.011905 -0.999929 -3.04489e-05 0.00869681 -0.999962 -4.38829e-05 0.0125491 -0.999921 -5.41885e-05 0.0155029 -0.99988 -5.19415e-05 0.0148589 -0.99989 -4.2808e-05 0.0122984 -0.999924 -5.15506e-05 0.0148042 -0.99989 4.76505e-08 -1.41937e-07 1 4.76505e-08 -8.65489e-08 1 4.76505e-08 -1.64806e-07 1 4.76505e-08 -5.10585e-07 1 -4.76504e-08 -7.41231e-07 1 -0.0355355 0.996332 0.0778457 -0.0351941 0.996344 0.0778422 -0.0120972 0.996912 0.0775866 -0.0124295 0.996908 0.0775905 -0.0121078 0.996994 0.0765231 0.0110468 0.997029 0.076225 0.011391 0.997026 0.0762202 -0.0117734 0.996999 0.0765191 0.0114142 0.997026 0.0762221 0.0110903 0.997029 0.0762266 -0.0120354 0.996995 0.0765239 -0.0117027 0.996999 0.0765199 0.0313659 0.996874 -0.0725187 0.0646099 0.995098 -0.0748699 0.0647611 0.997427 -0.0307603 0.0646247 0.995097 -0.0748693 0.0646292 0.995167 -0.073934 0.064778 0.997458 -0.029691 0.0647761 0.997428 -0.030671 0.0647969 0.997791 0.0146305 0.064796 0.997777 0.0155689 0.0647771 0.997487 -0.0287114 -0.0458687 0.995902 -0.0779474 -0.152709 0.985149 -0.0784986 -0.154276 0.984904 -0.0785 -0.0474096 0.995829 -0.0779617 -0.154275 0.984905 -0.0784971 -0.152779 0.985138 -0.0784959 -0.045548 0.995917 -0.0779441 -0.0471042 0.995843 -0.0779586 -0.0455619 0.995999 -0.0768826 0.0630811 0.995155 -0.075409 0.0645979 0.99506 -0.0753821 -0.0440022 0.99607 -0.0768678 6.04819e-07 -2.0439e-07 1 5.80799e-07 -8.98419e-08 1 -0.999571 -0.0254271 -0.0145197 -0.999749 -0.0170831 -0.0145217 -0.999686 -0.0203974 -0.0145208 -0.999704 -0.0195174 -0.0145207 -0.999689 -0.0202819 -0.0145205 -0.99911 0.0221254 0.0359103 -0.999755 0.0221396 -0.000238771 -0.999735 0.0221392 0.00629099 -0.999093 0.0221266 -0.0363941 -0.998835 0.0221209 -0.0428782 -0.999732 0.0221407 -0.00676953 -0.999094 0.0221265 -0.0363574 -0.999732 0.0221406 -0.00672743 0.999872 -0.00675236 -0.0145234 0.999894 0.000669427 -0.014524 0.999892 -0.00223792 -0.014524 0.999893 -0.00156431 -0.0145238 0.999892 -0.00226227 -0.0145238 -0.0249722 0.988092 -0.151824 -0.0249605 0.987629 -0.154808 -0.0252647 0.999666 -0.00544134 -0.024969 0.988134 -0.151551 -0.0252606 0.999678 -0.00228139 -0.0252603 0.999666 -0.00542787 -0.0249773 0.988802 0.147129 -0.0249649 0.98831 0.150398 -0.0252521 0.999681 0.000867116 -0.0415966 0.996032 0.0786789 -0.00868483 0.996891 0.0783128 0.0229229 0.996699 0.0778813 -0.01012 0.996876 0.0783305 0.0229226 0.996697 0.0779057 -0.00823329 0.996895 0.0783171 -0.0405802 0.996075 0.0786638 -0.00927816 0.996884 0.0783296 -0.040574 0.996037 0.0791449 -0.0737368 0.994111 0.0794139 -0.105305 0.99125 0.0795889 -0.0723407 0.994214 0.0794044 -0.00854114 0.997039 0.0764278 0.0163168 0.996967 0.0760923 0.0191695 0.99692 0.0760508 -0.0055755 0.997062 0.0763903 0.0191689 0.996921 0.0760367 0.0162349 0.99697 0.0760809 -0.00844483 0.997039 0.0764271 -0.0054868 0.997063 0.0763881 -0.00848775 0.997274 0.0732974 -0.0313502 0.996796 0.0735787 -0.0341237 0.996703 0.0736103 -0.0111607 0.997245 0.0733322 0.0272601 0.997085 -0.0712657 0.0272601 0.997083 -0.0712842 0.0272603 0.99709 -0.0711894 -0.0284637 0.99665 -0.0766739 -0.0814239 0.993687 -0.0771785 -0.0877061 0.993149 -0.0772241 -0.0348162 0.996443 -0.0767457 -0.0877054 0.993152 -0.0771815 -0.0815593 0.993679 -0.0771402 -0.0278839 0.996668 -0.0766563 -0.0342924 0.996462 -0.0767257 -0.027925 0.996903 -0.0735197 0.0213816 0.997111 -0.0728786 0.0272829 0.996974 -0.07279 -0.0220715 0.997054 -0.0734529 -0.0914789 0.992665 -0.0790429 -0.0865122 0.993113 -0.0790149 -0.0817276 0.99352 -0.0789861 -0.0866726 0.993098 -0.0790159 -0.0817275 0.993518 -0.0790106 -0.0870942 0.993059 -0.0790453 -0.0926812 0.992551 -0.079079 -0.0873378 0.993038 -0.0790469 -0.092675 0.992513 -0.079555 -0.0977257 0.992026 -0.0795831 -0.102544 0.991538 -0.0796079 -0.0974721 0.992051 -0.0795817 -0.04082 0.998913 0.022501 -0.0408162 0.99882 0.0263255 -0.0408299 0.999157 0.00418599 -0.0408204 0.998909 0.0226716 -0.0408309 0.999166 0.000511355 -0.0408305 0.999157 0.00431881 -0.0408214 0.998932 -0.021643 -0.0408307 0.999161 -0.0032949 </float_array>
          <technique_common>
            <accessor count="249" offset="0" source="#meshId1-tangents-array" stride="3">
              <param name="X" type="float" />
              <param name="Y" type="float" />
              <param name="Z" type="float" />
            </accessor>
          </technique_common>
        </source>
        <source id="meshId1-bitangents" name="meshId1-bitangents">
          <float_array id="meshId1-bitangents-array" count="747"> 0.00582471 0.999983 -9.6713e-05 0.000728241 1 -2.07746e-05 0.00173396 0.999999 -3.55157e-05 0.00496292 0.999988 -8.41972e-05 0.0047806 -7.0087e-05 0.999989 0.00187939 -2.75179e-05 0.999998 0.000103038 -1.45386e-06 1 0.00299664 -4.39112e-05 0.999996 -0.0265485 0.999648 -0.000373549 -0.0179949 0.999838 -0.000251216 -0.0189019 0.999821 -0.000264354 -0.025075 0.999686 -0.000352156 -0.999986 -0.00531053 1.84439e-07 -0.999986 -0.00531093 2.94302e-07 -0.999986 -0.00531092 -1.36033e-09 -0.999986 -0.00531053 1.11876e-07 -0.0034894 0.999927 0.0115997 -0.00348942 0.999934 0.010955 -0.00348952 0.999962 0.00799815 -0.0034895 0.999957 0.00864287 -6.45275e-07 1 8.06556e-07 -6.45275e-07 1 7.99289e-07 -6.45275e-07 1 7.66812e-07 -6.45275e-07 1 7.74079e-07 0.999844 0.012986 -0.0119422 0.999296 0.0361328 -0.0101373 0.999284 0.0364586 -0.0101118 0.99984 0.0133212 -0.0119161 0.00100932 0.0155433 -0.999879 -0.000952285 -0.0302662 -0.999541 -0.00159326 -0.0504733 -0.998724 -0.00186684 -0.0287532 -0.999585 -0.997827 0.0634295 -0.0178228 -0.99793 0.0618208 -0.0177009 -0.998863 -0.0467434 -0.00939728 -0.998934 -0.0451792 -0.00951801 -0.999986 -0.0053137 1.07618e-06 -0.999986 -0.0053137 5.78204e-07 -0.999986 -0.0053137 4.9046e-07 -0.999986 -0.0053137 9.89023e-07 -0.0227103 0.999742 -0.000329777 -0.0260434 0.999661 -0.00037819 -0.0285859 0.999591 -0.00041512 -0.0252488 0.999681 -0.000366649 -0.000245009 5.14477e-06 1 0.035865 -0.000794508 0.999356 0.0423841 -0.000938873 0.999101 0.00623698 -0.000138398 0.99998 0.00449145 0.99999 -6.53581e-05 0.00742335 0.999972 -0.000107946 0.00965683 0.999953 -0.000140388 0.00672186 0.999977 -9.77561e-05 0.00379956 -0.150361 0.988624 0.0037241 -0.147375 0.989074 -5.73771e-05 0.00227693 0.999997 2.25636e-05 -0.000886704 1 0.994353 0.106014 -0.00472321 0.997155 0.075032 -0.00720539 0.999049 0.0424966 -0.0097982 0.997276 0.0733993 -0.00733584 0.999329 0.0350098 -0.0107358 0.999419 0.032286 -0.0109368 0.999875 0.00953204 -0.0126125 0.999848 0.0122352 -0.0124138 -0.00194185 -0.0710269 -0.997473 -0.00194238 -0.0710463 -0.997471 -0.00194509 -0.0711453 -0.997464 -0.00194458 -0.0711266 -0.997465 -0.999532 0.0262039 -0.0157562 -0.999679 0.0201845 -0.0153166 -0.999498 -0.0294427 -0.0116724 -0.999647 -0.0236448 -0.0120999 -0.994648 -0.103224 -0.00448087 -0.99519 -0.097837 -0.00491303 -0.995727 -0.0921882 -0.00536578 -0.995214 -0.0975991 -0.00493211 -0.00103282 0.0252734 0.99968 -0.000876611 0.0214508 0.99977 2.11952e-05 -0.00051966 1 -0.000128529 0.00314428 0.999995 0.00277497 0.999996 -5.04697e-05 -0.00777148 0.99997 0.000100829 -0.00692279 0.999976 8.8508e-05 -0.0077724 0.99997 7.55282e-05 -0.00178643 0.999998 -1.13763e-05 -0.000935373 1 -2.37319e-05 -0.0069038 0.999976 6.29177e-05 -9.65394e-05 1 -3.60365e-05 0.00582436 0.999983 -0.000122025 0.00496657 0.999988 -0.000109568 -0.00167282 2.46096e-05 0.999999 -0.00457325 6.71669e-05 0.99999 -0.00278977 4.09984e-05 0.999996 -0.00163715 2.42344e-05 0.999999 0.000103887 -1.31138e-06 1 -0.00284139 4.19039e-05 0.999996 0.00184459 -2.68909e-05 0.999998 0.00304859 -4.4557e-05 0.999995 -0.0188888 0.999821 -0.000263873 -0.0196486 0.999807 -0.000275042 -0.00125596 0.999999 -6.00521e-06 -0.00296446 0.999996 -3.08177e-05 -0.00125695 0.999999 1.92991e-05 -0.0115774 0.999933 -0.000130589 -0.0130395 0.999915 -0.000151823 -0.00275216 0.999996 -2.41599e-06 -0.0147211 0.999892 -0.000176531 -0.0265483 0.999647 -0.000348246 -0.0248323 0.999692 -0.000323332 -0.999986 -0.00531093 1.70105e-07 -0.999986 -0.00531044 -2.10398e-07 -0.999986 -0.00531044 -7.1459e-08 -0.999986 -0.00531044 0 -0.999986 -0.00531052 3.97261e-08 -0.00348941 0.999931 0.0112056 -0.00348938 0.999923 0.0119051 -0.0034895 0.999956 0.00869686 -0.00348863 0.999915 0.0125492 -0.00348848 0.999874 0.015503 -0.00348852 0.999884 0.0148589 -0.00348864 0.999918 0.0122984 -0.00348852 0.999884 0.0148043 -7.25935e-07 1 1.41937e-07 -7.25935e-07 1 8.65489e-08 7.8531e-15 1 1.64806e-07 2.43296e-14 1 5.10585e-07 -8.06593e-08 1 7.41231e-07 0.999285 0.0364329 -0.0101378 0.999297 0.0360925 -0.0101644 0.999843 0.0130636 -0.0119601 0.999839 0.0133949 -0.0119343 0.999843 0.0130626 -0.0119899 0.999855 -0.0100262 -0.0137586 0.999851 -0.0103694 -0.0137848 0.999847 0.0127292 -0.0120155 0.999851 -0.0103944 -0.0137629 0.999855 -0.0100714 -0.0137382 0.999844 0.0129887 -0.0119717 0.999848 0.0126569 -0.0119972 -0.00228063 -0.0724828 -0.997367 -0.00485103 -0.0747126 -0.997193 -0.00199309 -0.0306957 -0.999527 -0.0048521 -0.0747119 -0.997193 -0.00479149 -0.0737786 -0.997263 -0.00192425 -0.0296286 -0.999559 -0.00198776 -0.0306065 -0.99953 0.000948215 0.0145998 -0.999893 0.00100902 0.0155361 -0.999879 -0.00186051 -0.0286511 -0.999588 -0.998864 -0.0467355 -0.00933207 -0.988186 -0.153253 -0.000920238 -0.987943 -0.154815 -0.000795773 -0.998792 -0.0482718 -0.00921181 -0.987944 -0.154813 -0.000772207 -0.988176 -0.153321 -0.000891112 -0.998879 -0.0464139 -0.00933332 -0.998807 -0.0479655 -0.00921188 -0.998878 -0.0464191 -0.00939845 -0.997925 0.0619166 -0.0176844 -0.997828 0.0634292 -0.017799 -0.998948 -0.0448639 -0.00951848 -0.999986 -0.00531317 6.03724e-07 -0.999986 -0.00531318 5.80313e-07 -0.0254244 0.999677 -0.00036923 -0.0170813 0.999854 -0.000248186 -0.0203953 0.999792 -0.000296323 -0.0195153 0.99981 -0.000283538 -0.0202798 0.999794 -0.000294642 0.0359015 -0.000794918 0.999355 -0.00023871 5.41068e-06 1 0.00628945 -0.000139156 0.99998 -0.0363851 0.000805966 0.999337 -0.0428677 0.000949532 0.99908 -0.00676787 0.000150042 0.999977 -0.0363485 0.000804754 0.999339 -0.00672578 0.000148714 0.999977 0.00675165 0.999977 -9.81901e-05 -0.000669355 1 9.84014e-06 0.00223768 0.999998 -3.23861e-05 0.00156415 0.999999 -2.2606e-05 0.00226204 0.999997 -3.27431e-05 -0.00383581 0.151776 0.988407 -0.00391118 0.154758 0.987945 -0.00013743 0.00543961 0.999985 -0.00382803 0.151502 0.98845 -5.738e-05 0.00228067 0.999997 -0.000136862 0.00542614 0.999985 0.00371567 -0.147082 0.989117 0.00379823 -0.15035 0.988626 2.22575e-05 -0.000866831 1 0.999048 0.0424989 -0.00982707 0.999876 0.00968588 -0.0124119 0.999651 -0.021828 -0.014881 0.999863 0.0111168 -0.0122995 0.999657 -0.0218638 -0.0144171 0.999886 0.00919939 -0.011983 0.999096 0.041449 -0.00944275 0.999877 0.0102411 -0.0119011 0.999096 0.0414467 -0.00941419 0.997197 0.0745074 -0.00678019 0.994359 0.105978 -0.00425981 0.9973 0.0731156 -0.00689135 0.999876 0.0095272 -0.0125466 0.999779 -0.0152606 -0.0144426 0.999729 -0.0181052 -0.0146596 0.999897 0.00656997 -0.0127732 0.999721 -0.0180642 -0.01519 0.999773 -0.0151384 -0.0149668 0.99987 0.00947178 -0.0130845 0.99989 0.00652212 -0.0133106 0.999869 0.00947579 -0.0131428 0.999413 0.0322787 -0.0114632 0.999322 0.0350449 -0.011259 0.999842 0.0121418 -0.0129468 -0.00194768 -0.0712391 -0.997457 -0.00194818 -0.0712575 -0.997456 -0.00194559 -0.0711628 -0.997463 -0.9995 -0.0294338 -0.0115516 -0.996584 -0.0822415 -0.00746954 -0.996051 -0.0885053 -0.00698276 -0.999299 -0.0357681 -0.011064 -0.996059 -0.0884636 -0.006454 -0.996581 -0.0823355 -0.00692998 -0.999524 -0.0288148 -0.0110656 -0.999324 -0.035205 -0.0105738 -0.999522 -0.0288237 -0.0111921 -0.999683 0.0203549 -0.0148028 -0.99954 0.0262409 -0.0152328 -0.999668 -0.0229856 -0.0116225 -0.995727 -0.0921925 -0.0054189 -0.99617 -0.0872411 -0.00581301 -0.996574 -0.0824711 -0.00619238 -0.996156 -0.0874009 -0.00580029 -0.996568 -0.0825078 -0.00665581 -0.996114 -0.087858 -0.00623013 -0.995609 -0.0934279 -0.00578658 -0.996092 -0.0881008 -0.00621081 -0.99561 -0.0934238 -0.00573372 -0.995127 -0.0984587 -0.00532998 -0.994642 -0.103262 -0.00494446 -0.995152 -0.0982059 -0.00535026 0.000918747 -0.0224823 0.999747 0.0010749 -0.0263035 0.999654 0.000170939 -0.0041825 0.999991 0.000925717 -0.0226527 0.999743 2.08962e-05 -0.000510928 1 0.000176358 -0.00431521 0.999991 -0.000883751 0.021625 0.999766 -0.00013458 0.00329215 0.999995 </float_array>
          <technique_common>
            <accessor count="249" offset="0" source="#meshId1-bitangents-array" stride="3">
              <param name="X" type="float" />
              <param name="Y" type="float" />
              <param name="Z" type="float" />
            </accessor>
          </technique_common>
        </source>
        <source id="meshId1-tex0" name="meshId1-tex0">
          <float_array id="meshId1-tex0-array" count="498"> 0.43623 0.869149 0.354 0.869149 0.354019 0.848 0.434857 0.847868 0.725669 0.473247 0.878059 0.470509 0.876995 0.570544 0.727304 0.570559 0.767722 0.827288 0.862512 0.829416 0.862528 0.848857 0.769135 0.847456 0.304593 0.670843 0.30061 0.826808 0.169212 0.826808 0.17583 0.672562 0.518062 0.847739 0.517664 0.826329 0.595298 0.825744 0.595535 0.846879 0.0337708 0.925513 0.034058 0.879593 0.166947 0.879593 0.166947 0.925513 0.91526 0.833711 0.917862 0.709806 0.9202 0.709835 0.918775 0.833807 0.917355 0.0411151 0.921365 0.0409474 0.921365 0.123991 0.917365 0.124075 0.917356 0.207035 0.921366 0.207035 0.921014 0.3189 0.918311 0.319057 0.166947 0.879593 0.034058 0.879593 0.0359361 0.8532 0.168076 0.85328 0.895279 0.849732 0.897087 0.869671 0.879816 0.868984 0.879017 0.849301 0.924313 0.57057 0.924544 0.668737 0.90422 0.669419 0.904165 0.570564 0.321649 0.848 0.321492 0.82633 0.337765 0.82659 0.337722 0.848003 0.879914 0.67034 0.875932 0.670578 0.876995 0.570544 0.880454 0.570551 0.948591 0.669963 0.972638 0.671188 0.972185 0.689616 0.947882 0.689522 0.949509 0.959237 0.92203 0.957911 0.922285 0.833887 0.94838 0.835638 0.947554 0.037836 0.973743 0.0347246 0.973743 0.12088 0.947812 0.12242 0.947554 0.207035 0.973742 0.207035 0.973421 0.317753 0.947264 0.316954 0.948591 0.471154 0.924082 0.472403 0.922372 0.451584 0.947755 0.450317 0.948591 0.471154 0.9731 0.469905 0.972869 0.570546 0.948842 0.570558 0.354037 0.826851 0.435851 0.82659 0.434857 0.847868 0.435851 0.82659 0.517664 0.826329 0.518062 0.847739 0.434857 0.847868 0.51846 0.869149 0.43623 0.869149 0.434857 0.847868 0.875932 0.670578 0.725655 0.66787 0.727304 0.570559 0.575378 0.665162 0.574329 0.570574 0.727304 0.570559 0.573279 0.475985 0.727304 0.570559 0.862528 0.848857 0.862544 0.868298 0.767813 0.867589 0.769135 0.847456 0.767813 0.867589 0.673083 0.86688 0.673007 0.846019 0.769135 0.847456 0.672932 0.825159 0.767722 0.827288 0.769135 0.847456 0.0378142 0.826808 0.0472151 0.670843 0.0566161 0.514877 0.182596 0.514877 0.308577 0.514877 0.672932 0.825159 0.673007 0.846019 0.595535 0.846879 0.673083 0.86688 0.595771 0.868014 0.595535 0.846879 0.51846 0.869149 0.595535 0.846879 0.299835 0.879593 0.300123 0.925513 0.30041 0.971433 0.166947 0.971433 0.0334837 0.971433 0.9202 0.709835 0.922539 0.709863 0.922285 0.833887 0.918775 0.833807 0.922285 0.833887 0.92203 0.957911 0.917345 0.957763 0.918775 0.833807 0.917345 0.957763 0.912659 0.957615 0.91526 0.833711 0.918775 0.833807 0.921366 0.207035 0.917356 0.207035 0.917365 0.124075 0.917356 0.207035 0.913346 0.207035 0.913346 0.124159 0.917365 0.124075 0.913345 0.0412827 0.917355 0.0411151 0.917365 0.124075 0.921014 0.3189 0.920662 0.430766 0.919262 0.431094 0.918311 0.319057 0.919262 0.431094 0.917862 0.431422 0.915604 0.319229 0.918311 0.319057 0.915604 0.319229 0.913346 0.207035 0.917356 0.207035 0.918311 0.319057 0.300223 0.8532 0.299835 0.879593 0.879017 0.849301 0.877992 0.829605 0.879017 0.849301 0.893471 0.829793 0.879017 0.849301 0.883896 0.670101 0.883896 0.570558 0.904165 0.570564 0.883896 0.471016 0.903989 0.471709 0.904165 0.570564 0.924082 0.472403 0.904165 0.570564 0.337722 0.848003 0.337903 0.869409 0.337722 0.848003 0.321806 0.86967 0.337722 0.848003 0.878059 0.470509 0.880978 0.470762 0.880454 0.570551 0.883896 0.471016 0.883896 0.570558 0.880454 0.570551 0.883896 0.670101 0.879914 0.67034 0.880454 0.570551 0.972185 0.689616 0.971733 0.708044 0.947136 0.708954 0.947882 0.689522 0.947136 0.708954 0.922539 0.709863 0.923541 0.6893 0.947882 0.689522 0.923541 0.6893 0.924544 0.668737 0.948591 0.669963 0.947882 0.689522 0.922285 0.833887 0.922539 0.709863 0.947136 0.708954 0.94838 0.835638 0.947136 0.708954 0.971733 0.708044 0.974361 0.834304 0.94838 0.835638 0.974361 0.834304 0.976988 0.960564 0.949509 0.959237 0.94838 0.835638 0.973742 0.207035 0.947554 0.207035 0.947812 0.12242 0.973421 0.317753 0.9731 0.428472 0.946881 0.429619 0.947264 0.316954 0.946881 0.429619 0.920662 0.430766 0.921014 0.3189 0.947264 0.316954 0.921014 0.3189 0.921366 0.207035 0.947554 0.207035 0.947264 0.316954 0.922372 0.451584 0.920662 0.430766 0.946881 0.429619 0.947755 0.450317 0.946881 0.429619 0.9731 0.428472 0.9731 0.449188 0.947755 0.450317 0.9731 0.449188 0.9731 0.469905 0.948591 0.471154 0.947755 0.450317 0.972638 0.671188 0.948591 0.669963 0.948842 0.570558 0.924544 0.668737 0.924313 0.57057 0.948842 0.570558 0.924082 0.472403 0.948842 0.570558 </float_array>
          <technique_common>
            <accessor count="249" offset="0" source="#meshId1-tex0-array" stride="2">
              <param name="S" type="float" />
              <param name="T" type="float" />
            </accessor>
          </technique_common>
        </source>
        <vertices id="meshId1-vertices">
          <input semantic="POSITION" source="#meshId1-positions" />
          <input semantic="NORMAL" source="#meshId1-normals" />
          <input semantic="TANGENT" source="#meshId1-tangents" />
          <input semantic="BINORMAL" source="#meshId1-bitangents" />
          <input semantic="TEXCOORD" source="#meshId1-tex0"  />
        </vertices>
        <polylist count="160" material="defaultMaterial">
          <input offset="0" semantic="VERTEX" source="#meshId1-vertices" />
          <vcount>3 3 3 3 3 3 3 3 3 3 3 3 3 3 3 3 3 3 3 3 3 3 3 3 3 3 3 3 3 3 3 3 3 3 3 3 3 3 3 3 3 3 3 3 3 3 3 3 3 3 3 3 3 3 3 3 3 3 3 3 3 3 3 3 3 3 3 3 3 3 3 3 3 3 3 3 3 3 3 3 3 3 3 3 3 3 3 3 3 3 3 3 3 3 3 3 3 3 3 3 3 3 3 3 3 3 3 3 3 3 3 3 3 3 3 3 3 3 3 3 3 3 3 3 3 3 3 3 3 3 3 3 3 3 3 3 3 3 3 3 3 3 3 3 3 3 3 3 3 3 3 3 3 3 3 3 3 3 3 3 </vcount>
          <p>3 0 1 1 2 3 7 4 5 5 6 7 11 8 9 9 10 11 15 12 13 13 14 15 19 16 17 17 18 19 23 20 21 21 22 23 27 24 25 25 26 27 31 28 29 29 30 31 35 32 33 33 34 35 39 36 37 37 38 39 43 40 41 41 42 43 47 44 45 45 46 47 51 48 49 49 50 51 55 52 53 53 54 55 59 56 57 57 58 59 63 60 61 61 62 63 67 64 65 65 66 67 71 68 69 69 70 71 75 72 73 73 74 75 79 76 77 77 78 79 82 2 80 80 81 82 86 83 84 84 85 86 89 85 87 87 88 89 92 6 90 90 91 92 95 91 93 93 94 95 97 94 96 96 4 97 101 98 99 99 100 101 105 102 103 103 104 105 108 104 106 106 107 108 15 14 109 109 110 15 15 110 111 111 112 15 15 112 113 113 12 15 116 18 114 114 115 116 119 115 117 117 118 119 121 118 120 120 16 121 23 22 122 122 123 23 23 123 124 124 125 23 23 125 126 126 20 23 130 127 128 128 129 130 134 131 132 132 133 134 138 135 136 136 137 138 141 30 139 139 140 141 145 142 143 143 144 145 148 144 146 146 147 148 152 149 150 150 151 152 156 153 154 154 155 156 160 157 158 158 159 160 39 38 109 109 14 39 39 14 13 13 161 39 39 161 162 162 36 39 163 42 99 99 98 163 165 10 9 9 164 165 167 164 166 166 40 167 170 46 168 168 169 170 173 169 171 171 172 173 175 172 174 174 44 175 176 50 80 80 2 176 178 2 1 1 177 178 180 177 179 179 48 180 183 54 181 181 182 183 186 182 184 184 185 186 189 185 187 187 188 189 193 190 191 191 192 193 197 194 195 195 196 197 201 198 199 199 200 201 205 202 203 203 204 205 209 206 207 207 208 209 213 210 211 211 212 213 216 66 214 214 215 216 216 215 139 139 30 216 67 30 29 29 64 67 220 217 218 218 219 220 224 221 222 222 223 224 228 225 226 226 227 228 232 229 230 230 231 232 236 233 234 234 235 236 240 237 238 238 239 240 243 78 241 241 242 243 246 242 244 244 245 246 248 245 247 247 76 248 </p>
        </polylist>
      </mesh>
    </geometry>
    <geometry id="meshId2" name="meshId2_name" >
      <mesh>
        <source id="meshId2-positions" name="meshId2-positions">
          <float_array id="meshId2-positions-array" count="1419"> 0.267814 0.154098 -0.00904231 -0.352682 0.166012 0.0480088 -0.352992 0.149844 0.0480088 0.267504 0.13793 -0.00904231 0.263805 0.154175 -0.0526686 -0.356692 0.166089 0.00438254 -0.355736 0.166071 0.0147762 0.26476 0.154157 -0.042275 0.263184 0.121839 -0.0526686 -0.357312 0.133753 0.00438254 -0.357002 0.149921 0.00438254 0.263494 0.138007 -0.0526686 0.884635 0.109906 -0.099326 0.88559 0.109888 -0.0889323 0.265094 0.121802 -0.0318811 0.264139 0.12182 -0.042275 0.885256 0.142243 -0.099326 0.886211 0.142225 -0.0889323 0.885901 0.126056 -0.0889323 0.884945 0.126075 -0.099326 -0.405207 0.123711 0.0101568 -0.44179 0.113451 0.0148911 -0.457194 0.113747 0.0132541 -0.425748 0.125736 0.00585912 -0.473148 0.121654 0.00404973 -0.472598 0.114043 0.0116172 -0.487446 0.114328 0.0160356 -0.495427 0.123337 0.00940314 -0.513712 0.122433 0.0161211 -0.502293 0.114613 0.0204541 -0.507887 0.11472 0.0283396 -0.523356 0.123549 0.0272128 -0.528994 0.122726 0.037665 -0.51348 0.114828 0.0362251 -0.506543 0.114695 0.0429587 -0.521545 0.123515 0.0469171 -0.510041 0.122362 0.0560612 -0.499606 0.114561 0.0496922 -0.484202 0.114266 0.0513292 -0.490838 0.123249 0.0593367 -0.467957 0.121554 0.0605334 -0.468798 0.11397 0.0529661 -0.453951 0.113685 0.0485477 -0.421318 0.125609 0.0534962 -0.401859 0.123646 0.0465891 -0.439103 0.1134 0.0441292 -0.433509 0.113292 0.0362436 -0.398943 0.123848 0.0376093 -0.397315 0.123559 0.0272841 -0.427916 0.113185 0.028358 -0.434853 0.113318 0.0216246 -0.401111 0.123763 0.0181374 -0.421216 0.142001 -0.00181744 -0.368624 0.13397 0.0054226 -0.421161 0.131618 0.00095245 -0.426298 0.137131 -0.00101375 -0.473753 0.139649 -0.00628759 -0.473698 0.129265 -0.0035177 -0.499414 0.129759 0.00413533 -0.501739 0.140717 0.0018984 -0.529165 0.140713 0.0102023 -0.525131 0.130253 0.0117882 -0.534819 0.130439 0.0254465 -0.539893 0.14137 0.0250112 -0.55004 0.141114 0.0396318 -0.544507 0.130625 0.0391048 -0.532492 0.130394 0.0507674 -0.537398 0.141322 0.0521586 -0.52415 0.140617 0.0647615 -0.520476 0.130163 0.0624303 -0.493796 0.129651 0.0652656 -0.49567 0.1406 0.067927 -0.466661 0.139513 0.0708707 -0.467115 0.129139 0.0681008 -0.415865 0.131516 0.058575 -0.413269 0.145129 0.0595005 -0.368314 0.150138 0.0054226 -0.418588 0.15494 -0.000193493 -0.473354 0.160407 -0.00628759 -0.473808 0.150033 -0.00905733 -0.503503 0.150603 -0.000220427 -0.50136 0.160414 0.0018984 -0.528766 0.161471 0.0102023 -0.533198 0.151173 0.00861632 -0.544385 0.151388 0.0243875 -0.539512 0.161226 0.0250112 -0.549641 0.161872 0.0396318 -0.555572 0.151603 0.0401588 -0.541698 0.151336 0.0536257 -0.537017 0.161178 0.0521586 -0.523751 0.161375 0.0647615 -0.527824 0.15107 0.0670927 -0.497016 0.150479 0.0703666 -0.495292 0.160298 0.067927 -0.466263 0.160271 0.0708707 -0.466207 0.149887 0.0736406 -0.415101 0.158058 0.0613447 -0.420156 0.162901 0.0610476 -0.404207 0.175833 0.0101568 -0.368003 0.166307 0.0054226 -0.420452 0.168544 0.00095245 -0.424934 0.174107 0.00584039 -0.472059 0.178366 0.00404973 -0.472901 0.170781 -0.0035177 -0.498617 0.171275 0.00413533 -0.494386 0.177539 0.00940329 -0.512623 0.179144 0.0161211 -0.524334 0.171769 0.0117882 -0.534022 0.171955 0.0254465 -0.522303 0.178399 0.0272128 -0.527905 0.179438 0.037665 -0.54371 0.172141 0.0391048 -0.531695 0.17191 0.0507674 -0.520492 0.178364 0.0469171 -0.508952 0.179074 0.0560612 -0.519679 0.171679 0.0624303 -0.492999 0.171167 0.0652656 -0.489797 0.177451 0.0593367 -0.466868 0.178266 0.0605334 -0.466318 0.170655 0.0681008 -0.415156 0.168442 0.058575 -0.420496 0.174063 0.0535282 -0.400858 0.175768 0.0465891 -0.363994 0.16623 0.0490489 -0.365043 0.16625 0.0376294 -0.397945 0.175502 0.0376324 -0.396314 0.175681 0.0272841 -0.366093 0.16627 0.0262099 -0.367048 0.166288 0.0158163 -0.400118 0.175647 0.0181174 -0.471702 0.111244 0.0219543 -0.457194 0.113747 0.0132541 -0.460603 0.112004 0.0195502 -0.486549 0.111529 0.0263728 -0.487446 0.114328 0.0160356 -0.483015 0.112434 0.021611 -0.492143 0.111636 0.0342585 -0.507887 0.11472 0.0283396 -0.493393 0.11223 0.030258 -0.485206 0.111503 0.0409919 -0.506543 0.114695 0.0429587 -0.492642 0.112216 0.0384217 -0.469801 0.111207 0.0426288 -0.484202 0.114266 0.0513292 -0.480863 0.112393 0.0450329 -0.454954 0.110922 0.0382104 -0.453951 0.113685 0.0485477 -0.45845 0.111963 0.0429723 -0.44936 0.110815 0.0303248 -0.433509 0.113292 0.0362436 -0.448089 0.11136 0.0343252 -0.456298 0.110948 0.0235913 -0.434853 0.113318 0.0216246 -0.448839 0.111375 0.0261616 -0.45481 0.188417 0.0235913 -0.44041 0.185359 0.0148911 -0.455814 0.185654 0.0132541 -0.459153 0.187527 0.0195502 -0.470214 0.188713 0.0219543 -0.471218 0.18595 0.0116172 -0.486065 0.186235 0.0160356 -0.481565 0.187957 0.021611 -0.485062 0.188998 0.0263728 -0.500913 0.18652 0.0204541 -0.506506 0.186628 0.0283396 -0.491927 0.18856 0.030258 -0.490655 0.189105 0.0342585 -0.5121 0.186735 0.0362251 -0.505163 0.186602 0.0429587 -0.491177 0.188545 0.0384217 -0.483718 0.188972 0.0409919 -0.498225 0.186469 0.0496922 -0.482821 0.186173 0.0513292 -0.479413 0.187916 0.0450329 -0.468314 0.188676 0.0426288 -0.467417 0.185877 0.0529661 -0.45257 0.185592 0.0485477 -0.457 0.187486 0.0429723 -0.453466 0.188391 0.0382104 -0.437722 0.185307 0.0441292 -0.432129 0.185199 0.0362436 -0.446623 0.18769 0.0343252 -0.447873 0.188284 0.0303248 -0.426535 0.185092 0.028358 -0.433472 0.185225 0.0216246 -0.447373 0.187704 0.0261616 -0.367669 0.133952 0.0158163 -0.368624 0.13397 0.0054226 -0.362968 0.133861 0.00490249 -0.362013 0.133843 0.0152963 -0.368314 0.150138 0.0054226 -0.368003 0.166307 0.0054226 -0.362348 0.166198 0.00490249 -0.362658 0.15003 0.00490249 -0.367048 0.166288 0.0158163 -0.366093 0.16627 0.0262099 -0.360437 0.166161 0.02569 -0.361392 0.16618 0.0152963 -0.364304 0.150061 0.0490489 -0.364615 0.133893 0.0490489 -0.358959 0.133784 0.0485288 -0.358648 0.149953 0.0485288 -0.365043 0.16625 0.0376294 -0.363994 0.16623 0.0490489 -0.358338 0.166121 0.0485288 -0.359387 0.166141 0.0371093 0.887261 0.142204 -0.0775128 0.886211 0.142225 -0.0889323 0.265715 0.154139 -0.0318811 0.266765 0.154118 -0.0204618 0.888 0.126016 -0.0660935 0.887689 0.109848 -0.0660935 0.88664 0.109868 -0.0775128 0.88695 0.126036 -0.0775128 0.267193 0.121762 -0.00904231 -0.353303 0.133676 0.0480088 -0.354352 0.133696 0.0365894 0.266144 0.121782 -0.0204618 -0.365664 0.133913 0.0376294 -0.366714 0.133933 0.0262099 -0.361058 0.133825 0.02569 -0.360008 0.133805 0.0371093 -0.353303 0.133676 0.0480088 0.267193 0.121762 -0.00904231 0.887689 0.109848 -0.0660935 0.888 0.126016 -0.0660935 0.88831 0.142184 -0.0660935 -0.354781 0.166053 0.0251699 0.885256 0.142243 -0.099326 0.884301 0.142261 -0.10972 -0.356692 0.166089 0.00438254 0.263805 0.154175 -0.0526686 0.884301 0.142261 -0.10972 0.88399 0.126093 -0.10972 0.88368 0.109925 -0.10972 -0.355402 0.133716 0.0251699 -0.356357 0.133734 0.0147762 -0.357312 0.133753 0.00438254 0.263184 0.121839 -0.0526686 0.88368 0.109925 -0.10972 0.885901 0.126056 -0.0889323 0.88559 0.109888 -0.0889323 0.884635 0.109906 -0.099326 0.884945 0.126075 -0.099326 0.88368 0.109925 -0.10972 0.88399 0.126093 -0.10972 0.88399 0.126093 -0.10972 0.884301 0.142261 -0.10972 -0.425748 0.125736 0.00585912 -0.473148 0.121654 0.00404973 -0.473698 0.129265 -0.0035177 -0.421161 0.131618 0.00095245 -0.425748 0.125736 0.00585912 -0.421161 0.131618 0.00095245 -0.368624 0.13397 0.0054226 -0.405207 0.123711 0.0101568 -0.425748 0.125736 0.00585912 -0.513712 0.122433 0.0161211 -0.525131 0.130253 0.0117882 -0.499414 0.129759 0.00413533 -0.499414 0.129759 0.00413533 -0.523356 0.123549 0.0272128 -0.544507 0.130625 0.0391048 -0.534819 0.130439 0.0254465 -0.523356 0.123549 0.0272128 -0.534819 0.130439 0.0254465 -0.523356 0.123549 0.0272128 -0.521545 0.123515 0.0469171 -0.510041 0.122362 0.0560612 -0.520476 0.130163 0.0624303 -0.532492 0.130394 0.0507674 -0.521545 0.123515 0.0469171 -0.532492 0.130394 0.0507674 -0.521545 0.123515 0.0469171 -0.490838 0.123249 0.0593367 -0.467957 0.121554 0.0605334 -0.467115 0.129139 0.0681008 -0.493796 0.129651 0.0652656 -0.493796 0.129651 0.0652656 -0.421318 0.125609 0.0534962 -0.401859 0.123646 0.0465891 -0.364615 0.133893 0.0490489 -0.415865 0.131516 0.058575 -0.421318 0.125609 0.0534962 -0.415865 0.131516 0.058575 -0.421318 0.125609 0.0534962 -0.398943 0.123848 0.0376093 -0.397315 0.123559 0.0272841 -0.366714 0.133933 0.0262099 -0.365664 0.133913 0.0376294 -0.398943 0.123848 0.0376093 -0.365664 0.133913 0.0376294 -0.398943 0.123848 0.0376093 -0.401111 0.123763 0.0181374 -0.367669 0.133952 0.0158163 -0.401111 0.123763 0.0181374 -0.367669 0.133952 0.0158163 -0.401111 0.123763 0.0181374 -0.421161 0.131618 0.00095245 -0.473753 0.139649 -0.00628759 -0.421216 0.142001 -0.00181744 -0.499414 0.129759 0.00413533 -0.501739 0.140717 0.0018984 -0.529165 0.140713 0.0102023 -0.501739 0.140717 0.0018984 -0.501739 0.140717 0.0018984 -0.534819 0.130439 0.0254465 -0.544507 0.130625 0.0391048 -0.55004 0.141114 0.0396318 -0.539893 0.14137 0.0250112 -0.55004 0.141114 0.0396318 -0.555572 0.151603 0.0401588 -0.539893 0.14137 0.0250112 -0.539893 0.14137 0.0250112 -0.532492 0.130394 0.0507674 -0.537398 0.141322 0.0521586 -0.52415 0.140617 0.0647615 -0.537398 0.141322 0.0521586 -0.55004 0.141114 0.0396318 -0.537398 0.141322 0.0521586 -0.493796 0.129651 0.0652656 -0.49567 0.1406 0.067927 -0.466661 0.139513 0.0708707 -0.49567 0.1406 0.067927 -0.49567 0.1406 0.067927 -0.415865 0.131516 0.058575 -0.364615 0.133893 0.0490489 -0.364304 0.150061 0.0490489 -0.413269 0.145129 0.0595005 -0.364304 0.150061 0.0490489 -0.363994 0.16623 0.0490489 -0.415101 0.158058 0.0613447 -0.413269 0.145129 0.0595005 -0.413269 0.145129 0.0595005 -0.418588 0.15494 -0.000193493 -0.473354 0.160407 -0.00628759 -0.472901 0.170781 -0.0035177 -0.420452 0.168544 0.00095245 -0.418588 0.15494 -0.000193493 -0.420452 0.168544 0.00095245 -0.368003 0.166307 0.0054226 -0.368314 0.150138 0.0054226 -0.418588 0.15494 -0.000193493 -0.50136 0.160414 0.0018984 -0.528766 0.161471 0.0102023 -0.524334 0.171769 0.0117882 -0.498617 0.171275 0.00413533 -0.50136 0.160414 0.0018984 -0.498617 0.171275 0.00413533 -0.50136 0.160414 0.0018984 -0.549641 0.161872 0.0396318 -0.539512 0.161226 0.0250112 -0.549641 0.161872 0.0396318 -0.54371 0.172141 0.0391048 -0.534022 0.171955 0.0254465 -0.539512 0.161226 0.0250112 -0.534022 0.171955 0.0254465 -0.539512 0.161226 0.0250112 -0.537017 0.161178 0.0521586 -0.523751 0.161375 0.0647615 -0.519679 0.171679 0.0624303 -0.531695 0.17191 0.0507674 -0.537017 0.161178 0.0521586 -0.531695 0.17191 0.0507674 -0.54371 0.172141 0.0391048 -0.549641 0.161872 0.0396318 -0.537017 0.161178 0.0521586 -0.495292 0.160298 0.067927 -0.466263 0.160271 0.0708707 -0.466318 0.170655 0.0681008 -0.492999 0.171167 0.0652656 -0.495292 0.160298 0.067927 -0.492999 0.171167 0.0652656 -0.495292 0.160298 0.067927 -0.415156 0.168442 0.058575 -0.415156 0.168442 0.058575 -0.420452 0.168544 0.00095245 -0.424934 0.174107 0.00584039 -0.472059 0.178366 0.00404973 -0.455814 0.185654 0.0132541 -0.424934 0.174107 0.00584039 -0.404207 0.175833 0.0101568 -0.424934 0.174107 0.00584039 -0.498617 0.171275 0.00413533 -0.494386 0.177539 0.00940329 -0.512623 0.179144 0.0161211 -0.486065 0.186235 0.0160356 -0.494386 0.177539 0.00940329 -0.534022 0.171955 0.0254465 -0.522303 0.178399 0.0272128 -0.506506 0.186628 0.0283396 -0.522303 0.178399 0.0272128 -0.531695 0.17191 0.0507674 -0.508952 0.179074 0.0560612 -0.505163 0.186602 0.0429587 -0.520492 0.178364 0.0469171 -0.492999 0.171167 0.0652656 -0.466868 0.178266 0.0605334 -0.482821 0.186173 0.0513292 -0.415156 0.168442 0.058575 -0.420496 0.174063 0.0535282 -0.400858 0.175768 0.0465891 -0.45257 0.185592 0.0485477 -0.420496 0.174063 0.0535282 -0.420496 0.174063 0.0535282 -0.365043 0.16625 0.0376294 -0.397945 0.175502 0.0376324 -0.396314 0.175681 0.0272841 -0.432129 0.185199 0.0362436 -0.397945 0.175502 0.0376324 -0.397945 0.175502 0.0376324 -0.367048 0.166288 0.0158163 -0.400118 0.175647 0.0181174 -0.433472 0.185225 0.0216246 -0.400118 0.175647 0.0181174 -0.400118 0.175647 0.0181174 -0.460603 0.112004 0.0195502 -0.456298 0.110948 0.0235913 -0.470805 0.108444 0.0322917 -0.483015 0.112434 0.021611 -0.486549 0.111529 0.0263728 -0.483015 0.112434 0.021611 -0.492642 0.112216 0.0384217 -0.485206 0.111503 0.0409919 -0.480863 0.112393 0.0450329 -0.480863 0.112393 0.0450329 -0.454954 0.110922 0.0382104 -0.448089 0.11136 0.0343252 -0.459153 0.187527 0.0195502 -0.469211 0.191476 0.0322917 -0.45481 0.188417 0.0235913 -0.481565 0.187957 0.021611 -0.485062 0.188998 0.0263728 -0.483718 0.188972 0.0409919 -0.479413 0.187916 0.0450329 -0.479413 0.187916 0.0450329 -0.453466 0.188391 0.0382104 -0.447373 0.187704 0.0261616 -0.362968 0.133861 0.00490249 -0.362013 0.133843 0.0152963 -0.361058 0.133825 0.02569 -0.367669 0.133952 0.0158163 -0.362013 0.133843 0.0152963 -0.362968 0.133861 0.00490249 -0.368624 0.13397 0.0054226 -0.368314 0.150138 0.0054226 -0.360437 0.166161 0.02569 -0.361392 0.16618 0.0152963 -0.362348 0.166198 0.00490249 -0.362348 0.166198 0.00490249 -0.368003 0.166307 0.0054226 -0.367048 0.166288 0.0158163 -0.358338 0.166121 0.0485288 -0.363994 0.16623 0.0490489 -0.364304 0.150061 0.0490489 -0.358338 0.166121 0.0485288 -0.352682 0.166012 0.0480088 -0.353731 0.166033 0.0365894 -0.359387 0.166141 0.0371093 -0.365043 0.16625 0.0376294 -0.359387 0.166141 0.0371093 0.267814 0.154098 -0.00904231 0.88831 0.142184 -0.0660935 0.88695 0.126036 -0.0775128 0.887261 0.142204 -0.0775128 0.88831 0.142184 -0.0660935 0.88664 0.109868 -0.0775128 0.887689 0.109848 -0.0660935 -0.360008 0.133805 0.0371093 -0.358959 0.133784 0.0485288 -0.358959 0.133784 0.0485288 -0.364615 0.133893 0.0490489 -0.365664 0.133913 0.0376294 </float_array>
          <technique_common>
            <accessor count="473" offset="0" source="#meshId2-positions-array" stride="3">
              <param name="X" type="float" />
              <param name="Y" type="float" />
              <param name="Z" type="float" />
            </accessor>
          </technique_common>
        </source>
        <source id="meshId2-normals" name="meshId2-normals">
          <float_array id="meshId2-normals-array" count="1419"> 0.0915246 -0.00175744 0.995801 0.0915246 -0.00175743 0.995801 0.0915246 -0.00175743 0.995801 0.0915246 -0.00175744 0.995801 0.0191975 0.999816 4.17473e-07 0.0191975 0.999816 4.13701e-07 0.0191975 0.999816 4.13701e-07 0.0191975 0.999816 4.17473e-07 -0.0915246 0.00175736 -0.995801 -0.0915246 0.00175736 -0.995801 -0.0915246 0.00175736 -0.995801 -0.0915246 0.00175736 -0.995801 -0.0191974 -0.999816 -6.88984e-11 -0.0191974 -0.999816 -1.228e-07 -0.0191974 -0.999816 -1.228e-07 -0.0191974 -0.999816 -6.88984e-11 0.995618 -0.0191184 -0.0915434 0.995618 -0.01912 -0.0915414 0.995618 -0.01912 -0.0915414 0.995618 -0.0191184 -0.0915434 0.22376 -0.914241 -0.337779 0.121594 -0.822299 -0.555913 0.0446559 -0.858882 -0.510222 0.0812969 -0.657135 -0.749376 -0.0255203 -0.694504 -0.719036 -0.031935 -0.777678 -0.627851 -0.191645 -0.781638 -0.59356 -0.217025 -0.696093 -0.684365 -0.374012 -0.80312 -0.463803 -0.266762 -0.846569 -0.460607 -0.379388 -0.888826 -0.257006 -0.454008 -0.835082 -0.310669 -0.450422 -0.891927 0.039824 -0.386667 -0.921596 0.033912 -0.260852 -0.932366 0.250297 -0.390043 -0.83631 0.385295 -0.283462 -0.804859 0.521393 -0.178606 -0.848262 0.498549 -0.072364 -0.84611 0.528073 -0.0888662 -0.698553 0.710019 0.082339 -0.719184 0.689924 0.0632384 -0.79302 0.605904 0.157709 -0.761369 0.628844 0.169347 -0.72137 0.671526 0.250595 -0.928363 0.274488 0.185882 -0.867419 0.461555 0.245221 -0.961325 0.125381 0.269442 -0.954121 0.130594 0.300111 -0.953737 -0.0178765 0.275259 -0.960887 -0.030478 0.204578 -0.963336 -0.173583 0.286984 -0.933768 -0.213818 0.117298 -0.0672592 -0.990817 0.180535 -0.411811 -0.893207 0.0948709 -0.493983 -0.86428 0.0933318 -0.256147 -0.962122 -0.0711415 -0.257437 -0.963673 -0.0455002 -0.483931 -0.873923 -0.264774 -0.43262 -0.861821 -0.280644 -0.248771 -0.927012 -0.527356 -0.322537 -0.786044 -0.453985 -0.528368 -0.717443 -0.662414 -0.589843 -0.461836 -0.758995 -0.373538 -0.533288 -0.88 -0.468178 0.0800559 -0.750669 -0.657187 0.0678353 -0.522208 -0.672298 0.524704 -0.649188 -0.375645 0.661396 -0.375345 -0.325453 0.867869 -0.315774 -0.53102 0.786323 -0.101565 -0.486307 0.867865 -0.107046 -0.252106 0.961761 0.111164 -0.200468 0.973373 0.0975143 -0.43614 0.89458 0.200379 -0.354557 0.913311 0.205623 -0.174494 0.962949 0.106722 0.038179 -0.993556 0.129089 0.0422403 -0.990733 0.00414673 0.200738 -0.979636 -0.0236064 0.0152336 -0.999605 -0.285125 0.00547508 -0.958475 -0.270887 0.259362 -0.927012 -0.454941 0.323586 -0.829651 -0.553402 0.0106264 -0.832847 -0.815442 0.0156573 -0.578627 -0.744096 0.402401 -0.533287 -0.861376 0.501621 0.0800533 -0.995618 0.0191171 0.0915414 -0.696299 0.0133689 0.717627 -0.634288 0.400298 0.661393 -0.295985 0.320535 0.899806 -0.392315 0.00753261 0.9198 -0.105636 0.0020283 0.994403 -0.0972898 0.256027 0.961761 0.0669061 0.257491 0.963962 0.10721 -0.0204752 0.994026 0.228917 -0.0525469 0.972027 0.187648 0.254091 0.948802 0.14829 0.823178 -0.548077 0.153363 0.438817 -0.885392 0.102819 0.339143 -0.935099 0.0902848 0.69704 -0.711325 -0.00860083 0.706486 -0.707674 -0.0119268 0.417417 -0.908637 -0.247972 0.442465 -0.86182 -0.190143 0.70391 -0.684366 -0.276423 0.77373 -0.570028 -0.433368 0.545407 -0.717443 -0.639283 0.614838 -0.461834 -0.421616 0.851895 -0.310668 -0.415854 0.908559 0.0398252 -0.724887 0.685519 0.0678338 -0.496015 0.691848 0.524704 -0.357654 0.850664 0.385298 -0.167638 0.771641 0.61357 -0.295156 0.542751 0.786323 -0.0828217 0.489847 0.867865 -0.0619843 0.70145 0.710019 0.0830189 0.716184 0.692956 0.0783529 0.4956 0.865009 0.17919 0.542647 0.820625 0.161997 0.717723 0.677223 0.19881 0.863432 0.463639 0.273886 0.437744 0.856369 0.226161 0.974035 0.0103741 0.259651 0.965627 0.012057 0.282257 0.958976 -0.0263678 0.243121 0.969801 -0.0194333 0.241893 0.968519 -0.0588119 0.280259 0.957443 -0.0689727 -0.0422316 -0.965293 -0.257732 0.0733501 -0.729214 -0.680343 0.00932692 -0.964989 -0.262123 -0.117221 -0.973659 -0.19557 -0.167681 -0.844279 -0.508995 -0.0936764 -0.963012 -0.252651 -0.146867 -0.989087 0.0117529 -0.302407 -0.931569 -0.201818 -0.155999 -0.982957 -0.0972668 -0.0799217 -0.974375 0.210251 -0.32647 -0.889843 0.318743 -0.135972 -0.983341 0.120632 0.00514506 -0.966202 0.257733 -0.0804909 -0.783772 0.61581 -0.0463641 -0.96392 0.262123 0.0797585 -0.977441 0.19557 0.116837 -0.873477 0.472638 0.0566397 -0.965898 0.252651 0.108789 -0.993995 -0.0117531 0.231192 -0.964966 0.124058 0.11815 -0.988221 0.0972664 0.0424592 -0.976725 -0.210252 0.22971 -0.955614 -0.184485 0.098123 -0.987836 -0.120632 0.079922 0.974375 -0.210251 0.131449 0.845552 -0.517458 0.0675646 0.877901 -0.474052 0.0463634 0.963921 -0.262121 -0.00514498 0.966203 -0.257732 -0.0122605 0.786975 -0.616863 -0.161498 0.788419 -0.59356 -0.0566405 0.965898 -0.252652 -0.0797579 0.977441 -0.19557 -0.234068 0.856186 -0.460605 -0.344989 0.902735 -0.257007 -0.11815 0.98822 -0.0972681 -0.108789 0.993995 0.0117532 -0.351004 0.93576 0.0339121 -0.224868 0.941693 0.250296 -0.0981226 0.987836 0.12063 -0.0424585 0.976725 0.210251 -0.145911 0.854494 0.498549 -0.0398299 0.848265 0.528072 -0.00932612 0.96499 0.26212 0.0422316 0.965293 0.257731 0.081704 0.798212 0.596809 0.168278 0.770058 0.615381 0.0936772 0.963012 0.252651 0.117221 0.973659 0.19557 0.190354 0.883723 0.427551 0.238376 0.965415 0.105596 0.155998 0.982956 0.0972679 0.146866 0.989087 -0.011753 0.262059 0.96472 -0.0253168 0.209997 0.965866 -0.151673 0.135971 0.983341 -0.12063 0.230714 -0.971001 -0.0626781 0.180535 -0.411811 -0.893207 -0.0191975 -0.999816 -2.20489e-07 -0.0191975 -0.999816 -2.20489e-07 0.0791812 0.0388984 -0.996101 0.153363 0.438817 -0.885392 -0.0915246 0.00175736 -0.995801 -0.0915246 0.00175736 -0.995801 0.241893 0.968519 -0.0588119 0.243121 0.969801 -0.0194333 0.0191977 0.999816 2.54495e-07 0.0191974 0.999816 -1.08732e-10 0.186394 -0.0442493 0.981478 0.249412 -0.455914 0.854363 0.0915246 -0.00175744 0.995801 0.0915246 -0.00175744 0.995801 0.226161 0.974035 0.0103741 0.273886 0.437744 0.856369 0.0191978 0.999816 -4.40646e-07 0.0191978 0.999816 -4.40646e-07 0.0191975 0.999816 9.37288e-07 0.0191975 0.999816 4.44326e-07 0.0191975 0.999816 4.44326e-07 0.0191975 0.999816 9.37288e-07 0.995618 -0.0191123 -0.0915432 0.995618 -0.0191123 -0.0915432 0.995618 -0.0191123 -0.0915432 0.995618 -0.0191123 -0.0915432 -0.0191974 -0.999816 2.34724e-07 -0.0191974 -0.999816 2.32429e-07 -0.0191974 -0.999816 2.32429e-07 -0.0191974 -0.999816 2.34724e-07 0.255075 -0.966775 0.0168428 0.256346 -0.966291 -0.0238352 -0.0191976 -0.999816 -3.44794e-08 -0.0191977 -0.999816 1.9596e-08 0.0915246 -0.00175729 0.995801 0.0915246 -0.00175729 0.995801 0.0915246 -0.00175729 0.995801 0.0915246 -0.00175729 0.995801 0.0915246 -0.00175744 0.995801 0.0191974 0.999816 4.82597e-08 0.0191974 0.999816 -9.72832e-08 0.0191974 0.999816 -1.08732e-10 -0.0915246 0.00175736 -0.995801 -0.0915246 0.00175736 -0.995801 -0.0915246 0.00175736 -0.995801 -0.0915246 0.00175736 -0.995801 -0.0915246 0.00175736 -0.995801 -0.0191975 -0.999816 -1.2165e-07 -0.0191974 -0.999816 2.84757e-10 -0.0191974 -0.999816 -2.3809e-09 -0.0191974 -0.999816 4.63992e-10 -0.0191974 -0.999816 -6.88984e-11 0.995618 -0.0191133 -0.0915414 0.995618 -0.0191133 -0.0915414 0.995618 -0.0191143 -0.0915434 0.995618 -0.0191143 -0.0915434 0.995618 -0.0191159 -0.0915394 0.995618 -0.0191159 -0.0915394 0.995618 -0.0191168 -0.0915394 0.995618 -0.0191168 -0.0915394 0.0810001 -0.682325 -0.726547 -0.0184796 -0.70005 -0.713854 -0.0455002 -0.483931 -0.873923 0.0940635 -0.521538 -0.848027 0.0895553 -0.69042 -0.717844 0.0948709 -0.493983 -0.86428 0.180535 -0.411811 -0.893207 0.154042 -0.804582 -0.573515 0.0912119 -0.671737 -0.735153 -0.30592 -0.762549 -0.570028 -0.453985 -0.528368 -0.717443 -0.258215 -0.4833 -0.836508 -0.264774 -0.43262 -0.861821 -0.454008 -0.835083 -0.310666 -0.750669 -0.657187 0.0678353 -0.609319 -0.670626 -0.423074 -0.45401 -0.835081 -0.310669 -0.662414 -0.589843 -0.461836 -0.454008 -0.835082 -0.310669 -0.390041 -0.836311 0.385295 -0.197136 -0.764638 0.613569 -0.315774 -0.53102 0.786323 -0.567325 -0.591667 0.572777 -0.390043 -0.836309 0.385297 -0.522208 -0.672298 0.524704 -0.390044 -0.836309 0.385296 -0.0888659 -0.698554 0.710018 0.0735996 -0.713811 0.696461 0.0975143 -0.43614 0.89458 -0.103384 -0.435719 0.894126 -0.101565 -0.486307 0.867865 0.16618 -0.741099 0.650505 0.207784 -0.850544 0.483116 0.249412 -0.455914 0.854363 0.19454 -0.389577 0.900213 0.158775 -0.729948 0.664806 0.200379 -0.354557 0.913311 0.162158 -0.714057 0.681049 0.302196 -0.942854 0.140373 0.303192 -0.952389 -0.0320908 0.256346 -0.966291 -0.0238352 0.255075 -0.966775 0.0168428 0.30498 -0.952151 0.0198973 0.235946 -0.971682 0.0127937 0.276251 -0.960971 0.0148087 0.255652 -0.946511 -0.196875 0.230714 -0.971001 -0.0626781 0.272745 -0.959298 -0.0731866 0.254707 -0.964341 -0.0719138 0.300588 -0.950055 -0.0839178 0.0940635 -0.521538 -0.848027 -0.0669585 -0.257489 -0.963959 0.130826 0.0487422 -0.990206 -0.258215 -0.4833 -0.836508 -0.280644 -0.248775 -0.927011 -0.467028 -0.305882 -0.829651 -0.280645 -0.248771 -0.927012 -0.280644 -0.248772 -0.927012 -0.609319 -0.670626 -0.423074 -0.750669 -0.657187 0.0678353 -0.88 -0.468178 0.0800559 -0.758994 -0.373536 -0.533291 -0.879997 -0.468184 0.080056 -0.995618 0.0191171 0.0915414 -0.758993 -0.373538 -0.53329 -0.758995 -0.373538 -0.533288 -0.567325 -0.591667 0.572777 -0.649193 -0.375643 0.661393 -0.308072 -0.308937 0.899805 -0.649191 -0.375652 0.66139 -0.879997 -0.468184 0.080056 -0.649186 -0.375654 0.661394 -0.103384 -0.435719 0.894126 -0.107046 -0.252104 0.961761 0.120882 -0.20467 0.971338 -0.107046 -0.252106 0.961761 -0.107046 -0.252104 0.961761 0.19454 -0.389577 0.900213 0.249412 -0.455914 0.854363 0.186394 -0.0442493 0.981478 0.198751 -0.0498162 0.978783 0.213978 -0.0449169 0.975805 0.273886 0.437744 0.856369 0.215704 0.0590998 0.974669 0.227572 -0.0497412 0.97249 0.239372 -0.174949 0.955036 0.141987 0.165174 -0.975991 -0.0100694 0.198786 -0.979991 -0.0119268 0.417417 -0.908637 0.107061 0.341151 -0.933892 0.108527 0.166437 -0.980062 0.102819 0.339143 -0.935099 0.153363 0.438817 -0.885392 0.0791812 0.0388984 -0.996101 0.100578 0.0435066 -0.993977 -0.270888 0.259361 -0.927012 -0.514586 0.342544 -0.786044 -0.433368 0.545407 -0.717443 -0.239472 0.492855 -0.836509 -0.270887 0.259364 -0.927012 -0.247972 0.442465 -0.86182 -0.270888 0.259361 -0.927012 -0.861376 0.501621 0.0800533 -0.744093 0.4024 -0.533291 -0.861379 0.501615 0.080054 -0.724887 0.685519 0.0678338 -0.583125 0.693522 -0.423075 -0.744094 0.402397 -0.533292 -0.639283 0.614838 -0.461834 -0.744096 0.402401 -0.533286 -0.634291 0.400295 0.661392 -0.362574 0.339622 0.867869 -0.295156 0.542751 0.786323 -0.544193 0.613009 0.572777 -0.634293 0.400287 0.661394 -0.496015 0.691848 0.524704 -0.724887 0.685519 0.0678338 -0.861379 0.501615 0.080054 -0.63429 0.400291 0.661395 -0.0972894 0.256028 0.961761 0.0620848 0.257547 0.964269 0.0783529 0.4956 0.865009 -0.086582 0.439367 0.894126 -0.0972896 0.256028 0.961761 -0.0828217 0.489847 0.867865 -0.0972896 0.25603 0.961761 0.177351 0.549629 0.816367 0.17919 0.542647 0.820625 0.107061 0.341151 -0.933892 0.0902 0.697976 -0.710417 -0.0130565 0.706427 -0.707666 0.0856304 0.742205 -0.66468 0.0897743 0.697586 -0.710855 0.217536 0.931608 -0.291178 0.0897804 0.696307 -0.712107 -0.239472 0.492855 -0.836509 -0.190143 0.703911 -0.684365 -0.342907 0.816886 -0.463802 -0.135147 0.850095 -0.508993 -0.190143 0.703913 -0.684363 -0.583125 0.693522 -0.423075 -0.421618 0.851894 -0.310669 -0.266422 0.942491 -0.201817 -0.421616 0.851896 -0.310666 -0.544193 0.613009 0.572777 -0.252357 0.815147 0.521394 -0.292071 0.901719 0.318744 -0.357651 0.850667 0.385294 -0.086582 0.439367 0.894126 0.0939343 0.726407 0.680816 -0.0503448 0.786284 0.61581 0.177351 0.549629 0.816367 0.154943 0.749874 0.643181 0.240238 0.940795 0.239147 0.134499 0.887288 0.441169 0.169871 0.772107 0.612368 0.176453 0.732083 0.657965 0.242032 0.97017 0.0137867 0.283744 0.95876 0.0163742 0.279648 0.959994 -0.0144441 0.232265 0.966587 0.108459 0.282023 0.952429 0.115508 0.254429 0.961137 0.10715 0.22189 0.973736 -0.0510265 0.256875 0.964589 -0.0598563 0.225405 0.961848 -0.155049 0.24347 0.956297 -0.16192 0.270007 0.94654 -0.176515 0.00932661 -0.96499 -0.262122 0.0612364 -0.981691 -0.180371 -0.0191974 -0.999816 5.96442e-08 -0.0936772 -0.963012 -0.252652 -0.130413 -0.978011 -0.16275 -0.0936775 -0.963011 -0.252654 -0.135971 -0.983341 0.120631 -0.098877 -0.978616 0.180371 -0.0463633 -0.963921 0.262121 -0.046364 -0.96392 0.262124 0.0927729 -0.982296 0.16275 0.11815 -0.988221 0.0972667 0.0463641 0.96392 -0.262122 0.0191975 0.999816 -3.94045e-07 0.0988765 0.978616 -0.180371 -0.056639 0.965898 -0.25265 -0.0927735 0.982296 -0.16275 -0.0612371 0.981691 0.180371 -0.0093273 0.96499 0.262122 -0.00932696 0.964989 0.262125 0.130413 0.978011 0.16275 0.135971 0.983341 -0.120633 -0.0191975 -0.999816 -3.1448e-07 -0.0191975 -0.999816 -3.1448e-07 -0.0191973 -0.999816 -5.4882e-08 0.254707 -0.964341 -0.0719138 -0.0191975 -0.999816 -9.38915e-08 -0.0915246 0.00175736 -0.995801 0.180535 -0.411811 -0.893207 0.106722 0.038179 -0.993556 0.0191972 0.999816 2.953e-07 0.0191975 0.999816 1.35856e-07 0.0191974 0.999816 -1.08732e-10 0.0191975 0.999816 1.35859e-07 0.153363 0.438817 -0.885392 0.22189 0.973736 -0.0510265 0.0915246 -0.00175729 0.995801 0.273886 0.437744 0.856369 0.213978 -0.0449169 0.975805 0.019197 0.999816 -2.38946e-07 0.0191974 0.999816 -4.66907e-07 0.0191974 0.999816 -4.66907e-07 0.019197 0.999816 -2.38946e-07 0.242032 0.97017 0.0137867 0.0191979 0.999816 4.86229e-07 0.0191974 0.999816 -4.68985e-07 0.0191974 0.999816 -8.48349e-07 0.995618 -0.0191123 -0.0915396 0.995618 -0.0191214 -0.0915396 0.995618 -0.0191214 -0.0915432 -0.0191975 -0.999816 -2.34507e-07 -0.0191974 -0.999816 2.34014e-07 -0.0191972 -0.999816 -1.04934e-07 -0.0191972 -0.999816 -1.93783e-08 -0.0191977 -0.999816 -6.59605e-08 0.249412 -0.455914 0.854363 0.235946 -0.971682 0.0127937 </float_array>
          <technique_common>
            <accessor count="473" offset="0" source="#meshId2-normals-array" stride="3">
              <param name="X" type="float" />
              <param name="Y" type="float" />
              <param name="Z" type="float" />
            </accessor>
          </technique_common>
        </source>
        <source id="meshId2-tangents" name="meshId2-tangents">
          <float_array id="meshId2-tangents-array" count="1419"> 0.995618 -0.0191168 -0.0915414 0.995618 -0.0191189 -0.0915414 0.995618 -0.0191188 -0.0915414 0.995618 -0.0191168 -0.0915414 0.995618 -0.0191168 -0.0915415 0.995618 -0.0191168 -0.0915387 0.995617 -0.0191168 -0.0915488 0.995618 -0.0191168 -0.0915415 0.995618 -0.0191168 -0.0915414 0.995618 -0.0191099 -0.0915414 0.995618 -0.0190901 -0.0915414 0.995618 -0.0191168 -0.0915414 0.995618 -0.0191168 -0.0915408 0.995618 -0.0191168 -0.091541 0.995618 -0.0191168 -0.0915415 0.995618 -0.0191168 -0.0915415 -0.0192007 -0.999816 -1.75372e-05 -0.0192006 -0.999816 -3.71854e-07 -0.0192006 -0.999816 -2.32916e-07 -0.0191997 -0.999816 -6.63641e-06 0.103387 -0.322346 0.940959 0.088151 -0.54891 0.831221 0.0857695 -0.50555 0.858524 0.0474586 -0.74846 0.66148 0.0507426 -0.719243 0.692903 0.0647266 -0.628462 0.775142 0.0520572 -0.612014 0.789132 0.0511503 -0.70822 0.704136 0.0580954 -0.519405 0.852551 0.0542671 -0.490362 0.869828 0.0767719 -0.307057 0.94859 0.0766052 -0.383969 0.920163 0.0915232 -0.00175715 0.995801 0.0915279 -0.00175915 0.995801 0.100488 0.231641 0.967597 0.0914738 0.381174 0.919967 0.0984404 0.516401 0.85067 0.105346 0.487298 0.866858 0.0986896 0.520789 0.847962 0.0782689 0.705737 0.704137 0.0795629 0.694808 0.714781 0.0814886 0.609195 0.788823 0.0673939 0.643628 0.762366 0.0789382 0.689106 0.720348 0.0748511 0.301267 0.950597 0.0729756 0.480632 0.873881 0.104743 0.154845 0.982371 0.0808222 0.157536 0.9842 0.0883633 0.00913562 0.996046 0.0887645 -0.00616503 0.996034 0.0867675 -0.158788 0.983493 0.101173 -0.192414 0.976085 -0.00276286 -0.997722 0.0674009 -0.0970437 -0.911156 0.400472 -0.0196978 -0.868958 0.494495 0.0051501 -0.966202 0.257733 0.0051439 -0.966203 0.257733 0.0280885 -0.875103 0.483122 0.15348 -0.90123 0.40525 0.0750937 -0.968557 0.237186 0.21651 -0.945617 0.242759 0.324358 -0.847957 0.419239 0.457083 -0.806666 0.374653 0.269385 -0.925828 0.265092 -0.427278 0.853921 0.297074 -0.601019 0.721911 0.342959 -0.43698 0.739291 0.512346 -0.239271 0.926252 0.291217 -0.168308 0.944694 0.281471 -0.242253 0.84638 0.474293 -0.083233 0.873471 0.479708 -0.0759503 0.966566 0.244912 0.0354009 0.979621 0.197712 0.0502454 0.899875 0.433244 0.0824459 0.935014 0.344894 0.0404942 0.98465 0.169779 -0.0149058 -0.999089 -0.0399927 -0.0310679 -0.99843 -0.0466165 -0.0425469 -0.978722 -0.200731 -0.0197618 -0.999696 -0.0147683 -0.0191991 -0.999816 9.82072e-08 -0.11182 -0.964977 -0.237309 -0.245192 -0.941152 -0.232623 -0.019199 -0.999816 4.36933e-07 -0.0191995 -0.999816 2.93791e-06 -0.301345 -0.914592 -0.269654 0.459752 0.836888 -0.297062 0.0191977 0.999816 -1.77691e-07 0.0191946 0.999816 -1.70742e-06 0.267837 0.91631 -0.297722 0.198989 0.942039 -0.270123 0.0191985 0.999816 6.90177e-07 0.0191994 0.999816 2.21936e-07 0.10638 0.963485 -0.245725 -0.00514094 0.966203 -0.257733 0.0210837 0.99961 0.0183163 0.0354362 0.99833 0.0456234 -0.00515435 0.966203 -0.257731 -0.0896929 -0.540726 -0.836403 -0.406373 -0.788715 -0.461292 -0.13198 -0.927118 -0.350761 -0.0782486 -0.707069 -0.702802 -0.078294 -0.706004 -0.703867 -0.0790526 -0.906251 -0.415283 -0.000461015 -0.889659 -0.456625 -0.0782982 -0.705735 -0.704136 -0.0811551 -0.609813 -0.788379 0.0933338 -0.764639 -0.637664 0.0697268 -0.551765 -0.83108 -0.0919107 -0.380992 -0.919999 -0.0915211 0.00175948 -0.995802 -0.0915236 0.0017574 -0.995801 -0.168499 0.516101 -0.839791 -0.0772177 0.384238 -0.919999 -0.0637278 0.612594 -0.787825 -0.207765 0.766835 -0.607287 -0.0752406 0.865298 -0.495579 -0.0511221 0.708221 -0.704137 -0.0524001 0.697531 -0.714636 -0.0317473 0.868477 -0.494712 -0.0101802 0.835104 -0.549998 -0.0510269 0.691462 -0.720608 -0.0678115 0.484068 -0.872399 0.266191 0.82113 -0.504865 -0.0849239 0.0303258 -0.995926 -0.0969125 0.0384773 -0.994549 -0.0896747 -0.000990906 -0.995971 -0.0912837 0.00292938 -0.995821 -0.100828 -0.0351938 -0.994281 -0.0839175 -0.0471399 -0.995357 0.0834216 -0.260469 0.961872 0.0659956 -0.677136 0.732892 0.0834235 -0.260469 0.961871 0.0861803 -0.206158 0.974716 0.0573571 -0.523785 0.849917 0.0834133 -0.260466 0.961873 0.0915279 -0.00175806 0.995801 0.077505 -0.235062 0.968885 0.0888397 -0.112036 0.989725 0.092998 0.202718 0.974811 0.0975162 0.303712 0.94776 0.0930897 0.108543 0.989724 0.0933952 0.257074 0.961868 0.0928541 0.609232 0.787537 0.0933788 0.257074 0.96187 0.0940785 0.2027 0.974711 0.0763999 0.482392 0.872617 0.0933956 0.257074 0.961868 0.0915303 -0.00175675 0.995801 0.0945301 0.149189 0.98428 0.0930753 0.108542 0.989725 0.0850999 -0.206141 0.974815 0.0738517 -0.171893 0.982343 0.0888711 -0.112035 0.989722 -0.0929542 -0.202722 -0.974815 -0.104975 -0.507179 -0.855424 -0.101913 -0.46658 -0.878588 -0.0933707 -0.257073 -0.961871 -0.0933784 -0.257073 -0.96187 -0.0875228 -0.615387 -0.783351 -0.0755291 -0.609566 -0.789129 -0.0933876 -0.257074 -0.961869 -0.0940334 -0.202698 -0.974716 -0.0730603 -0.487917 -0.869827 -0.0875368 -0.303569 -0.94878 -0.0930348 -0.10854 -0.989729 -0.0915282 0.00175713 -0.995801 -0.091525 0.00175699 -0.995801 -0.0920694 0.235191 -0.967579 -0.0888969 0.11203 -0.98972 -0.0851475 0.206138 -0.974811 -0.0865586 0.490982 -0.866859 -0.0786108 0.524193 -0.847963 -0.0834361 0.260466 -0.961871 -0.0834385 0.260468 -0.96187 -0.0604016 0.601676 -0.796453 -0.0441375 0.629544 -0.775711 -0.0834304 0.260467 -0.961871 -0.0862179 0.206161 -0.974712 -0.0613776 0.445375 -0.893238 -0.0968347 0.131816 -0.986533 -0.0888547 0.112039 -0.989723 -0.09153 0.0017582 -0.995801 -0.0897595 -0.00175418 -0.995962 -0.0918021 -0.134968 -0.986588 -0.0930846 -0.108542 -0.989724 0.96878 0.235239 -0.0782757 0.983335 0.0953714 0.154781 0.995612 -0.0191167 -0.0916032 0.99561 -0.0191167 -0.0916208 0.996595 -0.0261265 0.0782003 0.98643 -0.121134 0.110827 0.995618 -0.0191154 -0.0915414 0.995618 -0.0191145 -0.0915414 0.965914 -0.246115 -0.0802402 0.965672 -0.243878 -0.0894527 0.995619 -0.0191171 -0.0915287 0.995619 -0.0191169 -0.0915255 0.982209 -0.0148611 -0.187203 0.966598 0.0634386 -0.248324 0.995618 -0.0191195 -0.0915414 0.995618 -0.0190988 -0.0915414 0.969838 -0.224167 -0.0957286 0.961459 -0.102272 -0.255218 0.995612 -0.0191172 -0.0916034 0.995615 -0.0191172 -0.091566 0.995618 -0.0191168 -0.0915413 0.995618 -0.0191168 -0.0915413 0.995618 -0.0191168 -0.0915415 0.995618 -0.0191168 -0.0915415 -0.019193 -0.999816 -9.33727e-07 -0.0191939 -0.999816 -1.09448e-05 -0.0191945 -0.999816 -1.74178e-05 -0.0191936 -0.999816 -7.40672e-06 0.995618 -0.0191168 -0.0915415 0.99562 -0.0191169 -0.0915164 0.995618 -0.0191169 -0.0915342 0.995618 -0.0191168 -0.0915415 0.962512 0.252211 -0.0998005 0.96224 0.257451 -0.0883939 0.995619 -0.019117 -0.0915263 0.99562 -0.0191171 -0.091512 0.995618 -0.0191189 -0.0915414 0.995618 -0.0191168 -0.0915414 0.995618 -0.0191177 -0.0915414 0.995618 -0.0191178 -0.0915414 0.995618 -0.0191177 -0.0915414 0.995618 -0.0191168 -0.091545 0.995618 -0.0191168 -0.0915413 0.995618 -0.0191168 -0.0915413 0.995618 -0.0191109 -0.0915414 0.995618 -0.0191168 -0.0915414 0.995618 -0.0191168 -0.0915414 0.995618 -0.0191168 -0.0915414 0.995618 -0.0191168 -0.0915414 0.995618 -0.0191168 -0.0915425 0.995619 -0.0191169 -0.0915227 0.995619 -0.0191169 -0.0915306 0.995618 -0.0191168 -0.0915415 0.995618 -0.0191168 -0.0915408 -0.0191923 -0.999816 1.70023e-05 -0.0191932 -0.999816 6.79136e-06 -0.0191933 -0.999816 1.77824e-05 -0.0191933 -0.999816 1.73555e-05 -0.0191961 -0.999816 5.13641e-06 -0.0191981 -0.999816 -1.70921e-05 -0.0191975 -0.999816 -5.1936e-07 -0.0191985 -0.999816 -1.14338e-05 0.0483218 -0.725397 0.686632 0.0510036 -0.713707 0.698585 0.0401172 -0.875008 0.482443 0.0688356 -0.846358 0.528147 0.0481164 -0.7169 0.695514 0.0725101 -0.862461 0.500903 0.451165 -0.772281 0.447248 0.0663426 -0.570711 0.818467 0.0489649 -0.734312 0.677044 0.0569873 -0.612326 0.788549 -0.124051 -0.759879 0.638118 -0.0165366 -0.863534 0.504019 -0.0336869 -0.889022 0.456624 0.0776302 -0.384421 0.919888 0.0915241 -0.00175568 0.995801 -0.0337513 -0.511142 0.858833 0.0763135 -0.38384 0.920241 -0.0923875 -0.547463 0.831715 0.0754086 -0.383437 0.920483 0.0925216 0.380723 0.920049 0.0879074 0.609543 0.787864 0.238539 0.75768 0.60747 0.242625 0.544577 0.802851 0.0937674 0.380189 0.920144 0.189896 0.508146 0.840075 0.0928279 0.380593 0.920072 0.078282 0.705735 0.704138 0.0788557 0.700333 0.709447 0.0488377 0.899878 0.433399 0.116648 0.887428 0.445943 0.108415 0.86177 0.495579 0.0814935 0.667742 0.739919 0.0854409 0.507789 0.857234 -0.214232 0.834408 0.507806 0.00245129 0.917938 0.396717 0.0804793 0.680675 0.728152 -0.00762967 0.931625 0.363341 0.0776712 0.697278 0.71258 0.0809354 0.172104 0.981748 0.0886519 -0.00533969 0.996048 0.0912287 -0.000361904 0.99583 0.0809376 0.0387061 0.995967 0.103496 0.0539049 0.993168 0.0830675 0.0332844 0.995988 0.101536 0.0445037 0.993836 0.1011 -0.176351 0.979122 0.100748 -0.040231 0.994098 0.0794287 -0.0533588 0.995412 0.103502 -0.046753 0.99353 0.0774837 -0.0633707 0.994978 -0.0226851 -0.852706 0.521899 0.00514184 -0.966203 0.257731 -0.00495901 -0.998746 -0.0498178 0.16898 -0.875118 0.453446 0.118984 -0.967394 0.22359 0.208881 -0.949871 0.232623 0.112593 -0.967692 0.225601 0.0746909 -0.968559 0.237309 0.522736 -0.740934 0.421621 0.653213 -0.722872 0.225318 0.473989 -0.854769 0.211435 0.287945 -0.927183 0.239622 0.473995 -0.854762 0.211449 -0.0191977 -0.999816 -4.68922e-07 0.282448 -0.926876 0.247235 0.26601 -0.925486 0.269656 -0.380961 0.805209 0.45443 -0.21628 0.924812 0.312963 -0.162675 0.948983 0.270125 -0.212127 0.924451 0.316848 -0.427286 0.853921 0.297063 -0.232466 0.925917 0.297721 -0.0767686 0.899757 0.429587 -0.0303042 0.967697 0.250287 0.0352929 0.978781 0.201846 -0.0298986 0.967698 0.250334 -0.0693111 0.966858 0.245725 0.0891565 0.920971 0.379293 0.144478 0.889888 0.432695 0.0267938 0.998843 0.0399437 0.0196028 0.99871 0.0468499 0.027946 0.998815 0.039848 -0.110512 0.898842 -0.42411 0.0193124 0.997713 -0.0647711 0.0186314 0.998734 0.0467237 0.0426714 0.984577 0.169665 -0.0227599 -0.985174 -0.170039 -0.0416854 -0.979272 -0.198212 -0.0554329 -0.90758 -0.416204 -0.00137588 -0.939239 -0.343262 -0.024816 -0.985124 -0.170044 -0.00270985 -0.939982 -0.341212 0.050106 -0.898293 -0.436532 -0.0159993 -0.99906 -0.0402857 -0.0301059 -0.998453 -0.0467489 -0.149661 -0.962656 -0.2256 -0.252648 -0.936609 -0.242761 -0.356666 -0.834881 -0.419242 -0.202442 -0.867988 -0.453448 -0.156026 -0.962114 -0.223592 -0.187956 -0.894675 -0.405252 -0.112212 -0.964961 -0.237188 -0.506458 -0.835936 -0.21145 -0.317824 -0.91535 -0.247231 -0.506453 -0.835943 -0.211436 -0.680481 -0.697263 -0.225321 -0.550788 -0.720321 -0.421628 -0.323322 -0.915446 -0.239628 -0.487708 -0.788524 -0.374661 -0.304725 -0.914804 -0.265098 0.247456 0.915626 -0.31685 0.20444 0.937537 -0.281476 0.274559 0.836457 -0.474297 0.411592 0.789991 -0.454429 0.251621 0.915828 -0.312964 0.465039 0.721972 -0.512343 0.628289 0.698307 -0.342958 0.459744 0.836888 -0.297075 0.274653 0.916383 -0.291217 0.0670279 0.965837 -0.250333 -0.00514935 0.966203 -0.257732 -0.0146389 0.868155 -0.496077 0.111246 0.896147 -0.429587 0.0674245 0.965821 -0.250288 0.116697 0.869633 -0.479709 0.112992 0.962938 -0.244914 -0.0652775 0.83426 -0.547494 -0.0642351 0.838799 -0.540639 -0.133408 -0.925867 -0.353514 -0.0781952 -0.70616 -0.703722 -0.0782792 -0.706276 -0.703595 -0.094845 -0.658028 -0.746996 -0.0781928 -0.706597 -0.703283 -0.107901 -0.27354 -0.955789 -0.0781934 -0.70786 -0.702012 -0.0166212 -0.863533 -0.504019 -0.0783091 -0.705735 -0.704135 -0.0792867 -0.517145 -0.852218 -0.0774383 -0.521197 -0.849916 -0.078325 -0.705735 -0.704133 0.0124317 -0.513105 -0.858236 -0.0918961 -0.380988 -0.920002 -0.0859203 -0.231774 -0.968968 -0.0918754 -0.380976 -0.920009 -0.219878 0.554646 -0.802509 -0.0772168 0.52015 -0.850577 -0.0867738 0.306916 -0.947772 -0.0772381 0.384225 -0.920003 -0.082484 0.891253 -0.445942 -0.0540068 0.68655 -0.725074 -0.0693906 0.612348 -0.787537 -0.0120886 0.830671 -0.556633 -0.0572071 0.656761 -0.751925 -0.0717622 0.2629 -0.962151 -0.0635651 0.452023 -0.889739 -0.0603016 0.628379 -0.775567 -0.0537427 0.674623 -0.736204 -0.0832969 0.0349329 -0.995912 -0.0979185 0.0459572 -0.994133 -0.0890497 0.010955 -0.995967 -0.0902026 0.132434 -0.987079 -0.0794661 0.143171 -0.986503 -0.0798363 0.131292 -0.988124 -0.0987075 -0.0296309 -0.994675 -0.0848954 -0.0391738 -0.995619 -0.0835299 -0.13948 -0.986696 -0.102979 -0.140512 -0.984709 -0.103542 -0.153718 -0.982675 0.0834104 -0.260469 0.961872 0.0875625 -0.17473 0.980715 0.0915239 -0.00175729 0.995801 0.0834335 -0.260469 0.96187 0.0860789 -0.174701 0.980852 0.0834028 -0.260468 0.961873 0.0931 0.108541 0.989723 0.0942083 0.171239 0.980715 0.093393 0.257071 0.961869 0.0934054 0.257073 0.961867 0.0927237 0.171268 0.980852 0.0930565 0.108541 0.989727 -0.0933836 -0.257072 -0.96187 -0.0915246 0.00175697 -0.995801 -0.094188 -0.171242 -0.980717 -0.0933707 -0.257072 -0.961871 -0.0927041 -0.171267 -0.980853 -0.0875841 0.174728 -0.980714 -0.0834225 0.260468 -0.961872 -0.0834494 0.26047 -0.961869 -0.0860997 0.174703 -0.980849 -0.0930747 -0.108546 -0.989725 0.995619 -0.0191169 -0.0915265 0.995621 -0.0191169 -0.0915107 0.995616 -0.0191167 -0.0915557 0.962767 0.25985 -0.0745447 0.995613 -0.0191167 -0.0915964 0.995618 -0.0191179 -0.0915414 0.983335 0.0953346 0.154799 0.994023 -0.0271962 0.105727 0.995617 -0.0191166 -0.0915509 0.995617 -0.0191168 -0.0915545 0.995619 -0.0191169 -0.0915264 0.995616 -0.0191168 -0.0915555 0.986431 -0.121117 0.110836 0.970713 -0.225537 -0.0827545 0.995618 -0.0190928 -0.0915414 0.961458 -0.102239 -0.255235 0.97657 -0.0135754 -0.214771 0.995619 -0.0191164 -0.0915263 0.995618 -0.0191168 -0.0915343 0.995618 -0.0191168 -0.0915354 0.995619 -0.0191164 -0.0915285 0.96601 -0.239616 -0.0970017 0.995617 -0.0191173 -0.0915442 0.995618 -0.0191168 -0.0915415 0.995618 -0.0191168 -0.0915413 -0.0191926 -0.999816 3.42272e-06 -0.0192004 -0.999816 1.73871e-05 -0.019201 -0.999816 1.09196e-05 0.995618 -0.0191168 -0.0915413 0.995618 -0.0191168 -0.0915413 0.995618 -0.0191166 -0.0915354 0.995624 -0.0191167 -0.0914765 0.995621 -0.0191171 -0.0915062 0.966598 0.0634491 -0.248318 0.967388 0.233615 -0.0979019 </float_array>
          <technique_common>
            <accessor count="473" offset="0" source="#meshId2-tangents-array" stride="3">
              <param name="X" type="float" />
              <param name="Y" type="float" />
              <param name="Z" type="float" />
            </accessor>
          </technique_common>
        </source>
        <source id="meshId2-bitangents" name="meshId2-bitangents">
          <float_array id="meshId2-bitangents-array" count="1419"> 0.0191975 0.999816 7.41566e-08 0.0191995 0.999816 -1.11759e-07 0.0191995 0.999816 -1.11177e-07 0.0191974 0.999816 7.57864e-08 -0.0915246 0.00175778 -0.995801 -0.0915218 0.00175772 -0.995802 -0.0915319 0.00175792 -0.995801 -0.0915246 0.00175778 -0.995801 -0.0191974 -0.999816 6.98492e-10 -0.0191906 -0.999816 -6.30971e-07 -0.0191708 -0.999816 -2.44845e-06 -0.0191974 -0.999816 6.98492e-10 0.0915239 -0.00175735 0.995801 0.0915242 -0.00175748 0.995801 0.0915247 -0.00175749 0.995801 0.0915247 -0.00175736 0.995801 -0.0915262 0.00177515 -0.995801 -0.0915245 0.00175802 -0.995801 -0.0915245 0.00175788 -0.995801 -0.0915264 0.00176421 -0.995801 -0.969145 -0.245471 0.0223929 -0.988658 -0.150075 0.00574259 -0.995314 -0.0820996 0.0510902 -0.995559 -0.0893405 -0.0296608 -0.998386 -0.0188026 0.0535963 -0.997392 -0.0158845 0.0704064 -0.980083 0.120334 0.157979 -0.974825 0.117809 0.189307 -0.925602 0.29192 0.240921 -0.962233 0.207042 0.176751 -0.922047 0.340153 0.184731 -0.887698 0.393963 0.238296 -0.888112 0.452176 0.0824235 -0.917666 0.388148 0.0850319 -0.960134 0.277552 0.0332674 -0.916242 0.394071 -0.0721739 -0.953918 0.292459 -0.0671494 -0.978265 0.207346 0.00232645 -0.992484 0.113477 0.0458159 -0.992964 0.118146 -0.00804127 -0.993423 -0.00396201 0.11443 -0.994666 -0.000509579 0.103147 -0.985183 -0.0778517 0.152818 -0.98239 -0.0689798 0.173642 -0.965194 -0.217669 0.144985 -0.979858 -0.128756 0.152641 -0.963792 -0.227765 0.138663 -0.959619 -0.25463 0.119561 -0.949803 -0.300504 0.087017 -0.957264 -0.276872 0.0835957 -0.974997 -0.216262 0.0511016 -0.952578 -0.301753 0.039252 -0.993093 -0.00516849 -0.117216 -0.978769 0.0143807 -0.20446 -0.995295 -0.0298888 -0.0921692 -0.995622 -0.0290097 -0.0888582 -0.997453 0.0133785 0.0700613 -0.998569 -0.002565 0.0534102 -0.952018 -0.0249722 0.305021 -0.95687 -0.00304785 0.290501 -0.821595 -0.0421662 0.568509 -0.829873 -0.0423801 0.55634 -0.593534 0.0370785 0.803954 -0.592755 0.0575437 0.803324 -0.207445 0.227219 -0.951492 -0.274359 0.216678 -0.936898 -0.732358 0.0382658 -0.679844 -0.722014 0.0308018 -0.691193 -0.911476 -0.0404212 -0.409362 -0.917388 -0.0407198 -0.395906 -0.991341 -0.0235134 -0.129191 -0.991349 -0.046829 -0.122615 -0.993171 0.0124798 0.115996 -0.993965 0.00270096 0.109665 -0.976243 0.00618941 0.216589 -0.977793 0.0040834 0.209532 -0.994177 0.0190779 -0.106056 -0.991146 0.0367977 -0.127574 -0.999086 0.0425128 0.00448229 -0.999526 0.0194054 0.0239002 -0.958298 0.0184019 0.285178 -0.956094 0.0393745 0.290402 -0.856102 0.0975937 0.507509 -0.832693 0.0159901 0.553504 -0.578521 0.0111118 0.815592 -0.596248 -0.0399448 0.801806 -0.216008 -0.219077 -0.951497 -0.0915245 0.0017572 -0.995801 -0.717495 0.0137734 -0.696428 -0.725218 -0.0116959 -0.68842 -0.934236 0.0990989 -0.342612 -0.91963 0.017659 -0.392388 -0.99422 0.0190919 -0.105655 -0.989554 0.0784054 -0.120973 -0.997746 0.0122882 0.0659686 -0.994013 0.0189941 0.107599 -0.972801 0.024001 0.230397 -0.982223 0.0434723 0.182616 -0.984868 0.173189 -0.006351 -0.900744 0.430545 0.0573643 -0.985905 0.15948 -0.0505649 -0.992837 0.119113 -0.00929514 -0.996893 0.0493528 0.0613858 -0.996799 0.0668771 0.0438066 -0.968767 -0.112833 0.220814 -0.978629 -0.0803019 0.189306 -0.957603 -0.171665 0.231358 -0.896371 -0.343305 0.280465 -0.765804 -0.563497 0.309863 -0.902104 -0.359333 0.238931 -0.904815 -0.417752 0.0824206 -0.68276 -0.728052 0.0614673 -0.851808 -0.504961 -0.139418 -0.930656 -0.358793 -0.0717376 -0.983787 -0.171171 -0.0535187 -0.932586 -0.342615 -0.113571 -0.99372 -0.106343 -0.034809 -0.996767 -0.0799431 -0.00803901 -0.995169 0.0230173 0.0954364 -0.99642 0.0113004 0.0837816 -0.983762 0.0901998 0.155166 -0.985471 0.0821794 0.148638 -0.977689 0.142001 0.154788 -0.924191 0.366233 0.108372 -0.970381 0.224359 0.0895773 -0.960827 0.257067 0.103572 -0.955138 0.283484 0.0857162 -0.965691 0.243879 0.0892392 -0.96505 0.24644 0.0891411 -0.95625 0.284746 0.0671349 -0.995619 0.0191209 0.0915263 -0.99512 -0.0986573 -0.00154317 -0.99647 -0.0308385 0.0780734 -0.989359 0.097403 0.108076 -0.984171 0.113321 0.136254 -0.992102 0.0690303 0.104728 -0.984913 0.147326 0.0907872 -0.950023 0.277355 0.143285 -0.983754 0.145755 0.104803 -0.992454 0.0974616 0.0744134 -0.940164 0.340498 -0.0123787 -0.98633 0.145804 0.0767801 -0.995616 0.0191222 0.0915614 -0.992421 0.12057 0.0237388 -0.994551 0.0690729 0.0780907 -0.992365 -0.0593426 0.108123 -0.990208 -0.0658444 0.123095 -0.994017 -0.0308833 0.104771 -0.989842 -0.109408 0.0907896 -0.968305 -0.215831 0.12571 -0.988624 -0.107883 0.104803 -0.995467 -0.0592823 0.0743666 -0.970453 -0.239279 0.0310882 -0.991198 -0.107835 0.0767969 -0.992458 0.0974529 0.0743703 -0.985749 0.166765 0.0220937 -0.992496 0.107674 0.0579455 -0.994551 0.06907 0.0780832 -0.995618 0.0191178 0.0915451 -0.996087 0.0443854 0.0764232 -0.983979 -0.0826117 0.157992 -0.994017 -0.0308862 0.104764 -0.992369 -0.0593512 0.108079 -0.969471 -0.169947 0.176759 -0.934516 -0.304821 0.18375 -0.988628 -0.107887 0.104763 -0.989842 -0.109408 0.0907875 -0.93189 -0.352634 0.0850287 -0.97003 -0.240622 0.0338141 -0.991196 -0.107838 0.0768229 -0.995463 -0.0592914 0.0744134 -0.985504 -0.169638 0.00232389 -0.996109 -0.0752865 0.0458042 -0.996469 -0.0308408 0.0780858 -0.995618 0.0191166 0.0915426 -0.994825 0.0290252 0.0973727 -0.984751 0.103373 0.139927 -0.992101 0.0690266 0.104744 -0.989356 0.0973954 0.108113 -0.979795 0.143789 0.13902 -0.966333 0.22494 0.124907 -0.983753 0.145753 0.104818 -0.984912 0.147325 0.0907893 -0.960868 0.263273 0.0861331 -0.973383 0.221105 0.0603257 -0.98633 0.145802 0.0767754 0.0907501 -0.0426621 0.994959 0.0214457 -0.906265 0.422166 0.0915864 -0.00175877 0.995796 0.0916039 -0.00175911 0.995794 -0.0229828 -0.998901 -0.0408347 -0.0586185 -0.890374 -0.45144 -0.019196 -0.999816 -1.29454e-07 -0.0191951 -0.999816 -2.16882e-07 -0.0921887 -0.0373977 -0.995039 -0.0914907 0.00298166 -0.995802 -0.0915118 0.00175739 -0.995803 -0.0915087 0.00175706 -0.995803 0.0228694 0.99891 0.040692 0.0590148 0.88776 0.456508 0.0192001 0.999816 -1.64844e-07 0.0191795 0.999816 1.7269e-06 -0.0909174 0.0317113 -0.995353 -0.0241373 0.893264 -0.448884 -0.0915866 0.00175815 -0.995796 -0.0915492 0.00175743 -0.995799 -0.0915244 0.0017583 -0.995801 -0.0915244 0.0017578 -0.995801 -0.0915246 0.00175781 -0.995801 -0.0915246 0.0017583 -0.995801 -0.0915264 0.00175792 -0.995801 -0.0915262 0.00176797 -0.995801 -0.091526 0.00177447 -0.995801 -0.0915262 0.00176442 -0.995801 0.0915247 -0.00175713 0.995801 0.0914995 -0.00175665 0.995804 0.0915174 -0.00175699 0.995802 0.0915247 -0.00175713 0.995801 0.0922366 0.041668 0.994865 0.0915507 -0.00027575 0.9958 0.0915095 -0.00175712 0.995803 0.0914951 -0.0017568 0.995804 0.0191995 0.999816 -2.62051e-07 0.0191974 0.999816 -7.36909e-08 0.0191983 0.999816 -1.56811e-07 0.0191983 0.999816 -1.58092e-07 0.0191983 0.999816 -7.79983e-09 -0.0915282 0.00175748 -0.995801 -0.0915244 0.00175726 -0.995801 -0.0915244 0.00175736 -0.995801 -0.0191916 -0.999816 -5.41448e-07 -0.0191974 -0.999816 0 -0.0191974 -0.999816 3.49246e-10 -0.0191974 -0.999816 3.49246e-10 -0.0191974 -0.999816 3.49246e-10 0.0915256 -0.0017575 0.995801 0.0915059 -0.001757 0.995803 0.0915137 -0.00175715 0.995802 0.0915246 -0.00175736 0.995801 0.091524 -0.00175735 0.995801 -0.0915249 0.00173996 -0.995801 -0.0915247 0.00175022 -0.995801 -0.0915269 0.00173932 -0.995801 -0.0915269 0.00173974 -0.995801 -0.0915227 0.00175208 -0.995801 -0.0915222 0.0017744 -0.995802 -0.0915226 0.00175784 -0.995801 -0.0915224 0.0017688 -0.995801 -0.995542 -0.0907254 -0.0257861 -0.998528 -0.0234996 0.0488941 -0.998158 -0.0131081 0.059227 -0.993184 -0.108054 -0.043711 -0.994819 -0.0968271 -0.0309816 -0.992845 -0.11019 -0.0460037 -0.873989 -0.483728 0.0463706 -0.985835 -0.164127 -0.0345354 -0.994627 -0.0977511 -0.0340865 -0.95035 0.208749 0.230779 -0.882331 0.378696 0.279429 -0.965946 0.143978 0.214985 -0.963722 0.149934 0.220816 -0.887609 0.393519 0.239358 -0.654309 0.753725 0.0614664 -0.792207 0.537583 0.288814 -0.887722 0.394091 0.237995 -0.743419 0.593608 0.308153 -0.887801 0.39448 0.237056 -0.916138 0.394504 -0.0711206 -0.976427 0.209254 -0.0529455 -0.91836 0.379392 -0.112587 -0.786941 0.594447 -0.165399 -0.91601 0.395024 -0.0698714 -0.831408 0.538333 -0.137691 -0.916105 0.394634 -0.070815 -0.992963 0.118156 -0.00803156 -0.994165 0.00270488 0.107832 -0.994035 0.00142656 0.109051 -0.987778 0.150402 -0.0409201 -0.988904 0.144423 -0.0348029 -0.982722 -0.0699482 0.17136 -0.974436 -0.136842 0.178182 -0.944404 -0.309685 0.11044 -0.980891 -0.0749708 0.179531 -0.984029 -0.0621094 0.16682 -0.979689 -0.079774 0.183972 -0.983703 -0.0626525 0.168531 -0.949804 -0.285319 0.128319 -0.948797 -0.304839 0.0828121 -0.96227 -0.257451 0.0880607 -0.963528 -0.252683 0.0881214 -0.946719 -0.300837 0.114984 -0.968209 -0.233937 0.0885685 -0.955707 -0.273045 0.109867 -0.961468 -0.270218 0.0506079 -0.967792 -0.235667 0.0885441 -0.958802 -0.277307 0.0616424 -0.961463 -0.260502 0.087903 -0.950601 -0.30558 0.0545653 -0.995308 -0.0298541 -0.0920396 -0.997743 0.0123008 0.0660195 -0.991393 0.0114279 -0.130421 -0.951194 -0.0242669 0.307636 -0.952408 -0.0475505 0.301094 -0.859217 -0.0646568 0.507509 -0.953185 -0.0410618 0.299587 -0.956901 -0.00263994 0.290401 -0.59622 0.0357453 0.802025 -0.09904 0.21345 0.971921 -0.0305601 0.224009 0.974108 -0.583966 0.0283138 0.811284 -0.030568 0.22402 0.974105 0.0915245 -0.00175785 0.995801 -0.586645 0.037023 0.808997 -0.594278 0.0628078 0.801804 -0.730077 0.0396041 -0.682217 -0.729227 0.0601273 -0.681626 -0.937352 -0.0631575 -0.342612 -0.730447 0.0653957 -0.679831 -0.207442 0.227208 -0.951496 -0.724236 0.0395246 -0.688419 -0.991675 -0.0242282 -0.12647 -0.993792 -0.00235302 -0.111228 -0.992039 0.00988182 0.12554 -0.993804 -0.00195804 -0.111126 -0.991835 -0.0403567 -0.120972 -0.976834 0.00647218 0.213899 -0.957559 0.0155174 0.287819 -0.98211 0.0188522 0.187364 -0.979854 0.00987542 0.199471 -0.976439 0.0187432 0.21498 -0.955392 0.0215183 0.294556 -0.976268 0.0327946 0.214069 -0.973583 0.00748585 0.228211 -0.96999 0.000139553 0.243146 -0.989607 0.0463567 -0.136122 -0.99908 0.0388555 0.0181472 -0.998391 0.0454044 0.0339632 -0.994251 0.0380349 -0.100086 -0.993784 0.0427757 -0.102783 -0.994696 0.037617 -0.0957288 -0.986899 0.0225842 -0.159752 -0.996732 0.0191268 -0.0784845 -0.994474 0.0346265 -0.0991123 -0.950906 0.0776249 0.299588 -0.819372 0.0736708 0.568509 -0.827636 0.0742012 0.556338 -0.949563 0.060757 0.307633 -0.949882 0.08407 0.301092 -0.950359 0.0614934 0.305018 -0.956048 0.0397709 0.2905 -0.039148 -0.222681 0.974105 -0.587634 -0.0144701 0.808998 -0.0391391 -0.22267 0.974108 -0.107164 -0.209492 0.97192 -0.597158 -0.0128372 0.802021 -0.584626 -0.00588074 0.811282 -0.594523 -0.0142741 0.803952 -0.594528 -0.0347528 0.803323 -0.732421 -0.0373094 -0.679829 -0.909255 0.0753714 -0.409359 -0.915151 0.0759001 -0.395903 -0.731058 -0.0115465 -0.682217 -0.730998 -0.0320906 -0.681624 -0.733285 -0.0101217 -0.679846 -0.282473 -0.205987 -0.936898 -0.216013 -0.219089 -0.951492 -0.722663 -0.00306189 -0.691194 -0.992997 0.0401101 -0.111127 -0.998058 0.0110358 0.0613127 -0.996818 0.0262063 0.0752775 -0.990014 0.0622738 -0.126468 -0.99297 0.0404959 -0.111227 -0.989708 0.0615469 -0.129188 -0.988821 0.084844 -0.122613 -0.98198 0.0438085 0.183835 -0.981715 0.0441638 0.185161 -0.985261 0.162436 -0.053612 -0.992849 0.119027 -0.00911713 -0.996846 0.046209 0.06452 -0.991802 0.127007 0.0140472 -0.992888 0.11872 -0.00888806 -0.97007 0.239337 0.0410169 -0.992887 0.118709 -0.00910529 -0.970761 -0.106794 0.214983 -0.978628 -0.0802942 0.189313 -0.936017 -0.255458 0.242101 -0.987795 -0.0754484 0.136268 -0.978627 -0.080283 0.189324 -0.812287 -0.505719 0.290583 -0.902105 -0.35934 0.238917 -0.960019 -0.240814 0.142729 -0.902108 -0.359348 0.238894 -0.809634 -0.562661 -0.167047 -0.964548 -0.254909 -0.0683203 -0.952452 -0.304476 -0.0113959 -0.930656 -0.358799 -0.0717144 -0.992824 -0.112362 -0.0409257 -0.994112 0.0313406 0.103722 -0.996318 -0.0823798 0.0237322 -0.984073 0.0888509 0.153965 -0.986266 0.0797114 0.144659 -0.968058 0.213983 0.130672 -0.988873 0.0916255 0.117197 -0.983619 0.0948196 0.153303 -0.982841 0.0945447 0.158383 -0.966686 0.239895 0.089267 -0.953887 0.280476 0.10692 -0.955964 0.279807 0.0885507 -0.968461 0.219481 0.117948 -0.956111 0.269037 0.116063 -0.963791 0.242853 0.110138 -0.970063 0.225745 0.0895403 -0.962709 0.260831 0.0718264 -0.970678 0.235358 0.0489036 -0.964426 0.256422 0.0642683 -0.957275 0.283606 0.0565015 -0.996472 -0.0308347 0.0780609 -0.994275 -0.0758492 0.0752595 -0.995618 0.0191168 0.0915407 -0.9921 0.0690257 0.104747 -0.987716 0.113907 0.106969 -0.992103 0.0690339 0.104718 -0.986329 0.145804 0.0767907 -0.99063 0.113963 0.0752621 -0.994549 0.0690756 0.0781048 -0.994548 0.0690798 0.0781164 -0.99136 -0.0759057 0.106971 -0.988626 -0.107885 0.104784 -0.99455 0.0690741 0.0780955 -0.995618 0.0191169 0.0915415 -0.990632 0.113959 0.0752421 -0.994019 -0.0308893 0.104747 -0.991362 -0.0759096 0.106952 -0.994273 -0.0758537 0.0752807 -0.996471 -0.0308385 0.0780724 -0.996468 -0.0308454 0.0780983 -0.987714 0.113903 0.10699 -0.986331 0.145802 0.076765 0.0915096 -0.00175739 0.995803 0.0914939 -0.00175709 0.995804 0.0915388 -0.00175768 0.9958 0.0905733 -0.0502492 0.994621 0.0915795 -0.00175851 0.995796 -0.0191985 -0.999816 9.32487e-08 0.0214058 -0.906269 0.42216 -0.0229844 -0.998901 -0.0408532 -0.091534 0.00175782 -0.9958 -0.0915376 0.00175775 -0.9958 -0.0915095 0.00175707 -0.995803 -0.0915387 0.00175777 -0.9958 -0.0585995 -0.890376 -0.451438 -0.0920894 -0.0311698 -0.995263 0.0191735 0.999816 2.12295e-06 -0.024173 0.893268 -0.448874 0.0228938 0.998899 0.0409597 -0.0915094 0.00175679 -0.995803 -0.0915175 0.00175676 -0.995802 -0.0915186 0.00175678 -0.995802 -0.0915116 0.00175683 -0.995803 -0.0908046 0.0367956 -0.995189 -0.0915273 0.00175794 -0.995801 -0.0915246 0.00175689 -0.995801 -0.0915244 0.00175651 -0.995801 -0.0915228 0.00175347 -0.995802 -0.0915231 0.00174029 -0.995802 -0.0915266 0.00174685 -0.995801 0.0915244 -0.00175759 0.995801 0.0915244 -0.00175712 0.995801 0.0915185 -0.00175733 0.995802 0.0914596 -0.00175611 0.995807 0.0914894 -0.00175677 0.995805 0.0590034 0.887759 0.456511 0.0921406 0.0354761 0.995114 </float_array>
          <technique_common>
            <accessor count="473" offset="0" source="#meshId2-bitangents-array" stride="3">
              <param name="X" type="float" />
              <param name="Y" type="float" />
              <param name="Z" type="float" />
            </accessor>
          </technique_common>
        </source>
        <source id="meshId2-tex0" name="meshId2-tex0">
          <float_array id="meshId2-tex0-array" count="946"> 0.737226 0.763522 0.615143 0.763522 0.615143 0.76013 0.737226 0.76013 0.737226 0.77271 0.615143 0.77271 0.615143 0.770521 0.737226 0.770521 0.737226 0.779494 0.615143 0.779494 0.615143 0.776102 0.737226 0.776102 0.859309 0.781683 0.859309 0.783872 0.737226 0.783872 0.737226 0.781683 0.85931 0.770521 0.859309 0.768332 0.862701 0.768332 0.862701 0.770521 0.104022 0.269491 0.105152 0.297449 0.102669 0.309035 0.0989892 0.284817 0.0939817 0.320622 0.100187 0.320622 0.102669 0.332208 0.0966671 0.337936 0.100764 0.352276 0.105152 0.343795 0.111145 0.348594 0.109061 0.360366 0.117139 0.365348 0.117139 0.353393 0.123133 0.348594 0.125218 0.360366 0.133514 0.352276 0.129126 0.343795 0.131609 0.332208 0.137611 0.337936 0.140297 0.320622 0.134092 0.320622 0.131609 0.309035 0.138054 0.284777 0.133895 0.269491 0.129126 0.297449 0.123133 0.29265 0.126811 0.266653 0.118538 0.264692 0.117139 0.287851 0.111145 0.29265 0.110817 0.266938 0.131034 0.0746217 0.137419 0.0305749 0.140476 0.0746217 0.135552 0.0789032 0.134091 0.118668 0.143532 0.118668 0.143461 0.140474 0.133575 0.141496 0.13402 0.163951 0.143391 0.162279 0.143609 0.176318 0.133718 0.178891 0.594517 0.237848 0.583757 0.234448 0.584006 0.218696 0.595102 0.22158 0.594766 0.204821 0.584255 0.202943 0.584208 0.178465 0.59528 0.179612 0.594718 0.153986 0.58416 0.153986 0.587578 0.10473 0.601472 0.102602 0.122711 0.0305747 0.119223 0.0727349 0.115208 0.118668 0.124649 0.118668 0.124649 0.142146 0.115724 0.141496 0.115278 0.163951 0.124649 0.165624 0.124649 0.181024 0.11558 0.178891 0.616036 0.237848 0.605276 0.241248 0.605276 0.223973 0.61545 0.22158 0.615787 0.204821 0.605276 0.206698 0.605276 0.180342 0.615272 0.179612 0.615834 0.153986 0.605276 0.153986 0.614583 0.10473 0.619409 0.109573 0.721183 0.289668 0.72224 0.26352 0.729308 0.300504 0.725912 0.304082 0.730573 0.337488 0.736376 0.337488 0.732355 0.356257 0.728061 0.353682 0.724229 0.367094 0.728333 0.375026 0.718624 0.3828 0.71647 0.374681 0.708915 0.379356 0.708915 0.390575 0.699205 0.3828 0.701359 0.374681 0.693599 0.367094 0.689496 0.375026 0.685475 0.356257 0.689768 0.353682 0.687256 0.337488 0.681453 0.337488 0.685118 0.300504 0.689337 0.304043 0.693243 0.289668 0.688783 0.26352 0.697541 0.26352 0.699851 0.287011 0.707606 0.285179 0.706298 0.26352 0.714269 0.26352 0.714843 0.287282 0.108663 0.320622 0.102669 0.309035 0.107536 0.312037 0.111145 0.332208 0.102669 0.332208 0.107536 0.329206 0.117139 0.337007 0.111145 0.348594 0.113792 0.337686 0.123133 0.332208 0.123133 0.348594 0.120486 0.337686 0.125616 0.320622 0.131609 0.332208 0.126742 0.329206 0.123133 0.309035 0.131609 0.309035 0.126742 0.312037 0.117139 0.304236 0.123133 0.29265 0.120486 0.303558 0.111145 0.309035 0.111145 0.29265 0.113792 0.303558 0.71452 0.326652 0.720125 0.315816 0.722448 0.326652 0.717896 0.32946 0.716842 0.337488 0.72477 0.337488 0.722448 0.348325 0.717896 0.345517 0.71452 0.348325 0.720125 0.359161 0.71452 0.363649 0.712045 0.353448 0.708915 0.352813 0.708915 0.368138 0.703309 0.363649 0.705784 0.353448 0.703309 0.348325 0.697703 0.359161 0.695381 0.348325 0.699933 0.345517 0.700987 0.337488 0.69306 0.337488 0.695381 0.326652 0.699933 0.32946 0.703309 0.326652 0.697703 0.315816 0.703309 0.311328 0.705784 0.321529 0.708915 0.322164 0.708915 0.306839 0.71452 0.311328 0.712045 0.321529 0.612917 0.781683 0.612918 0.779494 0.61403 0.779494 0.61403 0.781683 0.612917 0.776102 0.612917 0.77271 0.61403 0.77271 0.61403 0.776102 0.612917 0.770521 0.612917 0.768332 0.61403 0.768332 0.61403 0.770521 0.612918 0.76013 0.612918 0.756739 0.61403 0.756739 0.61403 0.76013 0.612917 0.765927 0.612917 0.763522 0.61403 0.763522 0.61403 0.765927 0.859309 0.765927 0.859309 0.768332 0.737226 0.768332 0.737226 0.765927 0.862701 0.763522 0.866093 0.763522 0.866093 0.765927 0.862701 0.765927 0.737226 0.788682 0.615143 0.788682 0.615143 0.786277 0.737226 0.786277 0.612917 0.786277 0.612917 0.783872 0.61403 0.783872 0.61403 0.786277 0.615143 0.756739 0.737226 0.756739 0.859309 0.756739 0.859309 0.76013 0.859309 0.763522 0.615143 0.768332 0.85931 0.770521 0.85931 0.77271 0.615143 0.77271 0.737226 0.77271 0.85931 0.77271 0.85931 0.776102 0.859309 0.779494 0.615143 0.783872 0.615143 0.781683 0.615143 0.779494 0.737226 0.779494 0.859309 0.779494 0.862701 0.768332 0.866093 0.768332 0.866093 0.770521 0.862701 0.770521 0.866093 0.77271 0.862701 0.77271 0.862701 0.77271 0.85931 0.77271 0.0989892 0.284817 0.0939817 0.320622 0.0877767 0.320622 0.0953341 0.281077 0.0989892 0.284817 0.0953341 0.281077 0.102891 0.241533 0.104022 0.269491 0.0989892 0.284817 0.100764 0.352276 0.0963766 0.360758 0.0920767 0.34069 0.0920767 0.34069 0.109061 0.360366 0.117139 0.377303 0.106758 0.36903 0.109061 0.360366 0.106758 0.36903 0.109061 0.360366 0.125218 0.360366 0.133514 0.352276 0.137902 0.360758 0.127521 0.36903 0.125218 0.360366 0.127521 0.36903 0.125218 0.360366 0.137611 0.337936 0.140297 0.320622 0.146502 0.320622 0.142202 0.34069 0.142202 0.34069 0.138054 0.284777 0.133895 0.269491 0.138664 0.241533 0.142583 0.281077 0.138054 0.284777 0.142583 0.281077 0.138054 0.284777 0.126811 0.266653 0.118538 0.264692 0.119937 0.241533 0.1293 0.241533 0.126811 0.266653 0.1293 0.241533 0.126811 0.266653 0.110817 0.266938 0.111414 0.241533 0.110817 0.266938 0.111414 0.241533 0.110817 0.266938 0.140476 0.0746217 0.134091 0.118668 0.131034 0.0746217 0.143461 0.140474 0.133575 0.141496 0.13402 0.163951 0.133575 0.141496 0.133575 0.141496 0.143609 0.176318 0.143827 0.190358 0.134238 0.193391 0.133718 0.178891 0.134238 0.193391 0.124649 0.196424 0.133718 0.178891 0.133718 0.178891 0.584006 0.218696 0.595102 0.22158 0.594766 0.204821 0.595102 0.22158 0.594517 0.237848 0.595102 0.22158 0.584208 0.178465 0.59528 0.179612 0.594718 0.153986 0.59528 0.179612 0.59528 0.179612 0.587578 0.10473 0.590996 0.0554739 0.607443 0.0554739 0.601472 0.102602 0.607443 0.0554739 0.62389 0.0554739 0.614583 0.10473 0.601472 0.102602 0.601472 0.102602 0.119223 0.0727349 0.115208 0.118668 0.105767 0.118668 0.106885 0.0746215 0.119223 0.0727349 0.106885 0.0746215 0.108003 0.0305745 0.122711 0.0305747 0.119223 0.0727349 0.115724 0.141496 0.115278 0.163951 0.105907 0.162279 0.105837 0.140474 0.115724 0.141496 0.105837 0.140474 0.115724 0.141496 0.11506 0.193391 0.11558 0.178891 0.11506 0.193391 0.105471 0.190358 0.105689 0.176318 0.11558 0.178891 0.105689 0.176318 0.11558 0.178891 0.61545 0.22158 0.615787 0.204821 0.626297 0.202943 0.626546 0.218696 0.61545 0.22158 0.626546 0.218696 0.626796 0.234448 0.616036 0.237848 0.61545 0.22158 0.615272 0.179612 0.615834 0.153986 0.626393 0.153986 0.626345 0.178465 0.615272 0.179612 0.626345 0.178465 0.615272 0.179612 0.625141 0.10473 0.625141 0.10473 0.729308 0.300504 0.725912 0.304082 0.730573 0.337488 0.722448 0.326652 0.725912 0.304082 0.721183 0.289668 0.725912 0.304082 0.732355 0.356257 0.728061 0.353682 0.724229 0.367094 0.722448 0.348325 0.728061 0.353682 0.718624 0.3828 0.71647 0.374681 0.71452 0.363649 0.71647 0.374681 0.699205 0.3828 0.693599 0.367094 0.703309 0.363649 0.701359 0.374681 0.685475 0.356257 0.687256 0.337488 0.695381 0.348325 0.685118 0.300504 0.689337 0.304043 0.693243 0.289668 0.695381 0.326652 0.689337 0.304043 0.689337 0.304043 0.697541 0.26352 0.699851 0.287011 0.707606 0.285179 0.703309 0.311328 0.699851 0.287011 0.699851 0.287011 0.714269 0.26352 0.714843 0.287282 0.71452 0.311328 0.714843 0.287282 0.714843 0.287282 0.107536 0.312037 0.111145 0.309035 0.117139 0.320622 0.107536 0.329206 0.111145 0.332208 0.107536 0.329206 0.120486 0.337686 0.123133 0.332208 0.126742 0.329206 0.126742 0.329206 0.123133 0.309035 0.120486 0.303558 0.717896 0.32946 0.708915 0.337488 0.71452 0.326652 0.717896 0.345517 0.71452 0.348325 0.703309 0.348325 0.699933 0.345517 0.699933 0.345517 0.703309 0.326652 0.712045 0.321529 0.61403 0.779494 0.61403 0.781683 0.61403 0.783872 0.612917 0.781683 0.61403 0.781683 0.61403 0.779494 0.612917 0.779494 0.612917 0.776102 0.61403 0.768332 0.61403 0.770521 0.61403 0.77271 0.61403 0.77271 0.612917 0.77271 0.612917 0.770521 0.61403 0.763522 0.612918 0.763522 0.612918 0.76013 0.61403 0.763522 0.615143 0.763522 0.615143 0.765927 0.61403 0.765927 0.612917 0.765927 0.61403 0.765927 0.737226 0.763522 0.859309 0.763522 0.862701 0.765927 0.859309 0.765927 0.859309 0.763522 0.859309 0.786277 0.859309 0.788682 0.61403 0.786277 0.61403 0.788682 0.61403 0.788682 0.612917 0.788682 0.612917 0.786277 </float_array>
          <technique_common>
            <accessor count="473" offset="0" source="#meshId2-tex0-array" stride="2">
              <param name="S" type="float" />
              <param name="T" type="float" />
            </accessor>
          </technique_common>
        </source>
        <vertices id="meshId2-vertices">
          <input semantic="POSITION" source="#meshId2-positions" />
          <input semantic="NORMAL" source="#meshId2-normals" />
          <input semantic="TANGENT" source="#meshId2-tangents" />
          <input semantic="BINORMAL" source="#meshId2-bitangents" />
          <input semantic="TEXCOORD" source="#meshId2-tex0"  />
        </vertices>
        <polylist count="428" material="defaultMaterial">
          <input offset="0" semantic="VERTEX" source="#meshId2-vertices" />
          <vcount>3 3 3 3 3 3 3 3 3 3 3 3 3 3 3 3 3 3 3 3 3 3 3 3 3 3 3 3 3 3 3 3 3 3 3 3 3 3 3 3 3 3 3 3 3 3 3 3 3 3 3 3 3 3 3 3 3 3 3 3 3 3 3 3 3 3 3 3 3 3 3 3 3 3 3 3 3 3 3 3 3 3 3 3 3 3 3 3 3 3 3 3 3 3 3 3 3 3 3 3 3 3 3 3 3 3 3 3 3 3 3 3 3 3 3 3 3 3 3 3 3 3 3 3 3 3 3 3 3 3 3 3 3 3 3 3 3 3 3 3 3 3 3 3 3 3 3 3 3 3 3 3 3 3 3 3 3 3 3 3 3 3 3 3 3 3 3 3 3 3 3 3 3 3 3 3 3 3 3 3 3 3 3 3 3 3 3 3 3 3 3 3 3 3 3 3 3 3 3 3 3 3 3 3 3 3 3 3 3 3 3 3 3 3 3 3 3 3 3 3 3 3 3 3 3 3 3 3 3 3 3 3 3 3 3 3 3 3 3 3 3 3 3 3 3 3 3 3 3 3 3 3 3 3 3 3 3 3 3 3 3 3 3 3 3 3 3 3 3 3 3 3 3 3 3 3 3 3 3 3 3 3 3 3 3 3 3 3 3 3 3 3 3 3 3 3 3 3 3 3 3 3 3 3 3 3 3 3 3 3 3 3 3 3 3 3 3 3 3 3 3 3 3 3 3 3 3 3 3 3 3 3 3 3 3 3 3 3 3 3 3 3 3 3 3 3 3 3 3 3 3 3 3 3 3 3 3 3 3 3 3 3 3 3 3 3 3 3 3 3 3 3 3 3 3 3 3 3 3 3 3 3 3 3 3 3 3 3 3 3 3 3 3 3 3 3 3 3 3 3 3 3 3 3 3 3 3 3 3 3 3 3 3 3 3 3 3 3 3 3 3 3 3 3 3 3 3 3 </vcount>
          <p>3 0 1 1 2 3 7 4 5 5 6 7 11 8 9 9 10 11 15 12 13 13 14 15 19 16 17 17 18 19 23 20 21 21 22 23 27 24 25 25 26 27 31 28 29 29 30 31 35 32 33 33 34 35 39 36 37 37 38 39 43 40 41 41 42 43 47 44 45 45 46 47 51 48 49 49 50 51 55 52 53 53 54 55 59 56 57 57 58 59 63 60 61 61 62 63 67 64 65 65 66 67 71 68 69 69 70 71 75 72 73 73 74 75 77 76 53 53 52 77 81 78 79 79 80 81 85 82 83 83 84 85 89 86 87 87 88 89 93 90 91 91 92 93 97 94 95 95 96 97 101 98 99 99 100 101 105 102 103 103 104 105 109 106 107 107 108 109 113 110 111 111 112 113 117 114 115 115 116 117 121 118 119 119 120 121 125 122 123 123 124 125 129 126 127 127 128 129 132 130 25 25 131 132 135 133 29 29 134 135 138 136 33 33 137 138 141 139 37 37 140 141 144 142 41 41 143 144 147 145 45 45 146 147 150 148 49 49 149 150 153 151 21 21 152 153 157 154 155 155 156 157 161 158 159 159 160 161 165 162 163 163 164 165 169 166 167 167 168 169 173 170 171 171 172 173 177 174 175 175 176 177 181 178 179 179 180 181 185 182 183 183 184 185 189 186 187 187 188 189 193 190 191 191 192 193 197 194 195 195 196 197 201 198 199 199 200 201 205 202 203 203 204 205 209 206 207 207 208 209 213 210 211 211 212 213 217 214 215 215 216 217 221 218 219 219 220 221 3 2 222 222 223 3 3 223 224 224 225 3 3 225 226 226 0 3 7 6 227 227 208 7 7 208 207 207 228 7 7 228 229 229 4 7 11 10 230 230 231 11 11 231 232 232 233 11 11 233 234 234 8 11 15 14 235 235 236 15 15 236 237 237 238 15 15 238 239 239 12 15 243 240 241 241 242 243 19 242 244 244 245 19 19 246 247 247 16 19 248 131 25 25 24 248 252 249 250 250 251 252 256 253 254 254 255 256 27 134 29 29 28 27 27 257 258 258 259 27 27 260 250 250 249 27 261 137 33 33 32 261 264 32 262 262 263 264 266 265 258 258 257 266 267 140 37 37 36 267 271 268 269 269 270 271 273 272 262 262 32 273 274 143 41 41 40 274 274 275 276 276 277 274 274 278 269 269 268 274 279 146 45 45 44 279 283 280 281 281 282 283 285 284 276 276 275 285 286 149 49 49 48 286 290 287 288 288 289 290 292 291 281 281 280 292 293 152 21 21 20 293 295 255 254 254 294 295 297 296 288 288 287 297 55 298 57 57 56 55 55 299 79 79 300 55 302 301 61 61 60 302 304 303 83 83 80 304 305 80 79 79 299 305 309 306 307 307 308 309 312 310 311 311 84 312 313 84 83 83 303 313 315 314 69 69 68 315 317 316 91 91 88 317 319 88 87 87 318 319 321 320 73 73 72 321 323 322 95 95 92 323 324 92 91 91 316 324 328 325 326 326 327 328 332 329 330 330 331 332 333 96 95 95 322 333 334 300 79 79 78 334 338 335 336 336 337 338 342 339 340 340 341 342 343 80 83 83 82 343 347 344 345 345 346 347 349 348 336 336 335 349 351 84 311 311 350 351 355 352 353 353 354 355 357 356 345 345 344 357 358 88 91 91 90 358 362 359 360 360 361 362 366 363 364 364 365 366 367 92 95 95 94 367 371 368 369 369 370 371 373 372 360 360 359 373 97 331 330 330 374 97 97 375 369 369 368 97 377 376 103 103 102 377 380 378 159 159 379 380 382 156 155 155 381 382 384 383 107 107 106 384 387 385 163 163 386 387 384 160 159 159 378 384 389 388 111 111 110 389 391 110 167 167 390 391 389 164 163 163 385 389 113 392 115 115 114 113 113 393 171 171 394 113 395 168 167 167 110 395 117 396 119 119 118 117 117 397 175 175 398 117 117 172 171 171 393 117 400 399 123 123 122 400 403 401 179 179 402 403 404 176 175 175 397 404 406 405 127 127 126 406 409 407 183 183 408 409 410 180 179 179 401 410 412 411 99 99 98 412 414 381 155 155 413 414 415 184 183 183 407 415 416 22 21 21 151 416 416 417 418 418 130 416 419 26 25 25 130 419 421 130 418 418 420 421 138 30 29 29 133 138 138 420 418 418 136 138 422 34 33 33 136 422 422 136 418 418 423 422 424 38 37 37 139 424 425 423 418 418 142 425 147 42 41 41 142 147 147 142 418 418 426 147 427 46 45 45 145 427 150 426 418 418 148 150 153 50 49 49 148 153 153 148 418 418 417 153 428 379 159 159 158 428 157 158 429 429 430 157 431 386 163 163 162 431 431 432 429 429 158 431 165 390 167 167 166 165 165 166 429 429 432 165 169 394 171 171 170 169 169 433 429 429 166 169 434 398 175 175 174 434 435 174 429 429 433 435 177 402 179 179 178 177 177 436 429 429 174 177 181 408 183 183 182 181 181 182 429 429 436 181 437 413 155 155 154 437 185 430 429 429 182 185 439 438 237 237 236 439 439 236 235 235 440 439 442 220 219 219 441 442 193 192 230 230 10 193 193 10 9 9 443 193 193 443 444 444 445 193 447 446 227 227 6 447 447 6 5 5 448 447 197 449 450 450 451 197 201 200 222 222 2 201 201 2 1 1 452 201 201 452 453 453 454 201 458 455 456 456 457 458 458 457 227 227 446 458 460 196 195 195 459 460 209 208 227 227 457 209 209 457 456 456 461 209 209 461 462 462 206 209 463 212 241 241 240 463 463 18 17 17 464 463 463 464 465 465 210 463 217 216 235 235 14 217 217 14 13 13 466 217 217 466 467 467 214 217 468 440 235 235 216 468 221 216 215 215 469 221 221 470 471 471 472 221 </p>
        </polylist>
      </mesh>
    </geometry>
    <geometry id="meshId3" name="meshId3_name" >
      <mesh>
        <source id="meshId3-positions" name="meshId3-positions">
          <float_array id="meshId3-positions-array" count="1386"> -0.106493 -0.106333 -0.324761 -0.728749 -0.0715431 -0.324761 -0.729651 -0.0876892 -0.324761 -0.107396 -0.122479 -0.324761 -0.106493 -0.106333 -0.368571 -0.728749 -0.0715431 -0.368571 -0.728749 -0.0715431 -0.358134 -0.106493 -0.106333 -0.358134 -0.108299 -0.138625 -0.368571 -0.730554 -0.103835 -0.368571 -0.729651 -0.0876892 -0.368571 -0.107396 -0.122479 -0.368571 0.513957 -0.173414 -0.358134 0.513957 -0.173414 -0.347696 -0.108299 -0.138625 -0.347696 -0.108299 -0.138625 -0.358134 0.515762 -0.141122 -0.358134 0.515762 -0.141122 -0.347696 0.514859 -0.157268 -0.347696 0.514859 -0.157268 -0.358134 -0.779113 -0.112097 -0.367187 -0.816327 -0.120994 -0.365803 -0.831496 -0.120146 -0.368844 -0.799087 -0.109348 -0.373351 -0.84624 -0.11171 -0.379483 -0.846665 -0.119298 -0.371884 -0.861833 -0.118449 -0.368844 -0.868838 -0.10919 -0.376194 -0.887682 -0.109393 -0.371177 -0.877002 -0.117601 -0.365803 -0.883285 -0.11725 -0.358463 -0.898251 -0.10787 -0.361016 -0.904848 -0.108433 -0.351122 -0.889568 -0.116899 -0.351122 -0.883285 -0.11725 -0.343782 -0.898251 -0.10787 -0.341229 -0.887682 -0.109393 -0.331068 -0.877002 -0.117601 -0.336442 -0.861833 -0.118449 -0.333401 -0.868838 -0.10919 -0.32605 -0.84624 -0.11171 -0.322761 -0.846665 -0.119298 -0.330361 -0.831496 -0.120146 -0.333401 -0.799037 -0.109392 -0.325508 -0.779113 -0.112097 -0.330601 -0.816327 -0.120994 -0.336442 -0.810044 -0.121345 -0.343782 -0.775383 -0.112048 -0.339277 -0.77283 -0.112449 -0.349409 -0.803761 -0.121696 -0.351122 -0.810044 -0.121345 -0.358463 -0.775764 -0.112153 -0.358865 -0.793278 -0.0932972 -0.380609 -0.741898 -0.103201 -0.368571 -0.793857 -0.103662 -0.377827 -0.798587 -0.097975 -0.380265 -0.845237 -0.093758 -0.389864 -0.845816 -0.104123 -0.387083 -0.872089 -0.102654 -0.381816 -0.873795 -0.0916303 -0.384276 -0.901847 -0.090593 -0.378517 -0.898362 -0.101185 -0.37655 -0.909245 -0.100576 -0.363836 -0.913853 -0.0894702 -0.364753 -0.925296 -0.089282 -0.351122 -0.920127 -0.099968 -0.351122 -0.909245 -0.100576 -0.338409 -0.913852 -0.0894702 -0.337491 -0.901847 -0.090593 -0.323728 -0.898362 -0.101185 -0.325695 -0.872089 -0.102654 -0.320428 -0.873795 -0.0916303 -0.317969 -0.845237 -0.093758 -0.312381 -0.845816 -0.104123 -0.315162 -0.793857 -0.103662 -0.319962 -0.790858 -0.0901473 -0.318826 -0.740995 -0.087055 -0.368571 -0.790335 -0.0804546 -0.378774 -0.844078 -0.0730287 -0.389864 -0.844657 -0.0833934 -0.392646 -0.874995 -0.0816972 -0.386565 -0.872695 -0.0719597 -0.384276 -0.900688 -0.0698637 -0.378517 -0.905332 -0.0800011 -0.380484 -0.917898 -0.0792986 -0.365803 -0.912744 -0.0696412 -0.364753 -0.924137 -0.0685527 -0.351122 -0.930464 -0.078596 -0.351122 -0.917898 -0.0792986 -0.336442 -0.912744 -0.0696412 -0.337491 -0.900688 -0.0698637 -0.323728 -0.905332 -0.0800011 -0.321761 -0.874995 -0.0816972 -0.31568 -0.872695 -0.0719597 -0.317969 -0.844078 -0.0730287 -0.312381 -0.844657 -0.0833934 -0.309599 -0.792375 -0.0771511 -0.31718 -0.797201 -0.0721291 -0.317947 -0.776203 -0.0600471 -0.367187 -0.740093 -0.0709089 -0.368571 -0.791796 -0.0667865 -0.377827 -0.796498 -0.0610387 -0.37338 -0.843074 -0.0550766 -0.379483 -0.843498 -0.0626641 -0.387083 -0.869771 -0.0611952 -0.381816 -0.865812 -0.055062 -0.376194 -0.884516 -0.0527597 -0.371177 -0.896044 -0.0597263 -0.37655 -0.906927 -0.0591179 -0.363836 -0.895189 -0.0530956 -0.361016 -0.901681 -0.0518 -0.351122 -0.917809 -0.0585094 -0.351122 -0.906927 -0.0591179 -0.338409 -0.895189 -0.0530956 -0.341229 -0.884516 -0.0527597 -0.331068 -0.896044 -0.0597263 -0.325695 -0.869771 -0.0611952 -0.320428 -0.865812 -0.055062 -0.32605 -0.843074 -0.0550766 -0.322761 -0.843498 -0.0626641 -0.315162 -0.791796 -0.0667865 -0.319962 -0.796442 -0.0610012 -0.325486 -0.776203 -0.0600471 -0.330601 -0.740093 -0.0709089 -0.324761 -0.740093 -0.0709089 -0.336229 -0.772495 -0.0604655 -0.339253 -0.76992 -0.0603984 -0.349409 -0.740093 -0.0709089 -0.347696 -0.740093 -0.0709089 -0.358134 -0.772868 -0.0603411 -0.358886 -0.84682 -0.122075 -0.361503 -0.831496 -0.120146 -0.368844 -0.835527 -0.121731 -0.362883 -0.861988 -0.121227 -0.358463 -0.861833 -0.118449 -0.368844 -0.858003 -0.120475 -0.362883 -0.868272 -0.120875 -0.351122 -0.883285 -0.11725 -0.358463 -0.869128 -0.120257 -0.355221 -0.861988 -0.121227 -0.343782 -0.883285 -0.11725 -0.343782 -0.869128 -0.120257 -0.347023 -0.84682 -0.122075 -0.340742 -0.861833 -0.118449 -0.333401 -0.858003 -0.120475 -0.339362 -0.831651 -0.122923 -0.343782 -0.831496 -0.120146 -0.333401 -0.835527 -0.121731 -0.339362 -0.825368 -0.123274 -0.351122 -0.810044 -0.121345 -0.343782 -0.824448 -0.122755 -0.347023 -0.831651 -0.122923 -0.358463 -0.810044 -0.121345 -0.358463 -0.824448 -0.122755 -0.355221 -0.827326 -0.04556 -0.358463 -0.812312 -0.0491853 -0.365803 -0.827481 -0.0483372 -0.368844 -0.831311 -0.046312 -0.362883 -0.842495 -0.044712 -0.361503 -0.84265 -0.0474892 -0.371884 -0.857818 -0.0466411 -0.368844 -0.853787 -0.0450554 -0.362883 -0.857663 -0.0438639 -0.358463 -0.872987 -0.045793 -0.365803 -0.87927 -0.0454418 -0.358463 -0.864866 -0.0440322 -0.355221 -0.863946 -0.0435126 -0.351122 -0.885553 -0.0450905 -0.351122 -0.87927 -0.0454418 -0.343782 -0.864866 -0.0440322 -0.347023 -0.857663 -0.0438639 -0.343782 -0.872987 -0.045793 -0.336442 -0.857818 -0.0466411 -0.333401 -0.853787 -0.0450554 -0.339362 -0.842495 -0.044712 -0.340742 -0.84265 -0.0474892 -0.330361 -0.827481 -0.0483372 -0.333401 -0.831311 -0.046312 -0.339362 -0.827326 -0.04556 -0.343782 -0.812312 -0.0491853 -0.336442 -0.806029 -0.0495366 -0.343782 -0.820186 -0.0465302 -0.347023 -0.821043 -0.0459113 -0.351122 -0.799746 -0.0498878 -0.351122 -0.806029 -0.0495366 -0.358463 -0.820186 -0.0465302 -0.355221 -0.741898 -0.103201 -0.358134 -0.741898 -0.103201 -0.368571 -0.736226 -0.103518 -0.368571 -0.736226 -0.103518 -0.358134 -0.740995 -0.087055 -0.368571 -0.740093 -0.0709089 -0.368571 -0.734421 -0.071226 -0.368571 -0.735323 -0.0873721 -0.368571 -0.740093 -0.0709089 -0.358134 -0.740093 -0.0709089 -0.347696 -0.734421 -0.071226 -0.347696 -0.734421 -0.071226 -0.358134 -0.740995 -0.087055 -0.324761 -0.741898 -0.103201 -0.324761 -0.736226 -0.103518 -0.324761 -0.735324 -0.0873721 -0.324761 -0.740093 -0.0709089 -0.336229 -0.740093 -0.0709089 -0.324761 -0.734421 -0.071226 -0.324761 -0.734421 -0.071226 -0.336229 0.515762 -0.141122 -0.336229 0.515762 -0.141122 -0.347696 -0.106493 -0.106333 -0.347696 -0.106493 -0.106333 -0.336229 0.514859 -0.157268 -0.324761 0.513957 -0.173414 -0.324761 0.513957 -0.173414 -0.336229 0.514859 -0.157268 -0.336229 -0.108299 -0.138625 -0.324761 -0.730554 -0.103835 -0.324761 -0.730554 -0.103835 -0.336229 -0.108299 -0.138625 -0.336229 -0.741898 -0.103201 -0.336229 -0.741898 -0.103201 -0.347696 -0.736226 -0.103518 -0.347696 -0.736226 -0.103518 -0.336229 -0.730554 -0.103835 -0.324761 -0.108299 -0.138625 -0.324761 0.513957 -0.173414 -0.324761 0.514859 -0.157268 -0.324761 0.515762 -0.141122 -0.324761 -0.728749 -0.0715431 -0.347696 0.515762 -0.141122 -0.358134 0.515762 -0.141122 -0.368571 -0.728749 -0.0715431 -0.368571 -0.106493 -0.106333 -0.368571 0.515762 -0.141122 -0.368571 0.514859 -0.157268 -0.368571 0.513957 -0.173414 -0.368571 -0.730554 -0.103835 -0.347696 -0.730554 -0.103835 -0.358134 -0.730554 -0.103835 -0.368571 -0.108299 -0.138625 -0.368571 0.513957 -0.173414 -0.368571 0.513957 -0.173414 -0.347696 0.513957 -0.173414 -0.358134 0.513957 -0.173414 -0.368571 0.514859 -0.157268 -0.368571 0.515762 -0.141122 -0.368571 0.514859 -0.157268 -0.358134 -0.799087 -0.109348 -0.373351 -0.84624 -0.11171 -0.379483 -0.845816 -0.104123 -0.387083 -0.793857 -0.103662 -0.377827 -0.799087 -0.109348 -0.373351 -0.793857 -0.103662 -0.377827 -0.741898 -0.103201 -0.368571 -0.779113 -0.112097 -0.367187 -0.799087 -0.109348 -0.373351 -0.887682 -0.109393 -0.371177 -0.898362 -0.101185 -0.37655 -0.872089 -0.102654 -0.381816 -0.872089 -0.102654 -0.381816 -0.898251 -0.10787 -0.361016 -0.920127 -0.099968 -0.351122 -0.909245 -0.100576 -0.363836 -0.898251 -0.10787 -0.361016 -0.909245 -0.100576 -0.363836 -0.898251 -0.10787 -0.361016 -0.898251 -0.10787 -0.341229 -0.887682 -0.109393 -0.331068 -0.898362 -0.101185 -0.325695 -0.909245 -0.100576 -0.338409 -0.898251 -0.10787 -0.341229 -0.909245 -0.100576 -0.338409 -0.898251 -0.10787 -0.341229 -0.84624 -0.11171 -0.322761 -0.845816 -0.104123 -0.315162 -0.872089 -0.102654 -0.320428 -0.872089 -0.102654 -0.320428 -0.799037 -0.109392 -0.325508 -0.779113 -0.112097 -0.330601 -0.741898 -0.103201 -0.324761 -0.793857 -0.103662 -0.319962 -0.799037 -0.109392 -0.325508 -0.793857 -0.103662 -0.319962 -0.799037 -0.109392 -0.325508 -0.775383 -0.112048 -0.339277 -0.77283 -0.112449 -0.349409 -0.741898 -0.103201 -0.347696 -0.741898 -0.103201 -0.336229 -0.775383 -0.112048 -0.339277 -0.741898 -0.103201 -0.336229 -0.775383 -0.112048 -0.339277 -0.775764 -0.112153 -0.358865 -0.741898 -0.103201 -0.358134 -0.775764 -0.112153 -0.358865 -0.741898 -0.103201 -0.358134 -0.775764 -0.112153 -0.358865 -0.793857 -0.103662 -0.377827 -0.798587 -0.097975 -0.380265 -0.845237 -0.093758 -0.389864 -0.793278 -0.0932972 -0.380609 -0.798587 -0.097975 -0.380265 -0.872089 -0.102654 -0.381816 -0.873795 -0.0916303 -0.384276 -0.901847 -0.090593 -0.378517 -0.873795 -0.0916303 -0.384276 -0.873795 -0.0916303 -0.384276 -0.909245 -0.100576 -0.363836 -0.920127 -0.099968 -0.351122 -0.925296 -0.089282 -0.351122 -0.913853 -0.0894702 -0.364753 -0.930464 -0.078596 -0.351122 -0.913853 -0.0894702 -0.364753 -0.913853 -0.0894702 -0.364753 -0.909245 -0.100576 -0.338409 -0.913852 -0.0894702 -0.337491 -0.901847 -0.090593 -0.323728 -0.913852 -0.0894702 -0.337491 -0.913852 -0.0894702 -0.337491 -0.872089 -0.102654 -0.320428 -0.873795 -0.0916303 -0.317969 -0.845237 -0.093758 -0.312381 -0.873795 -0.0916303 -0.317969 -0.873795 -0.0916303 -0.317969 -0.793857 -0.103662 -0.319962 -0.741898 -0.103201 -0.324761 -0.740995 -0.087055 -0.324761 -0.790858 -0.0901473 -0.318826 -0.740995 -0.087055 -0.324761 -0.740093 -0.0709089 -0.324761 -0.792375 -0.0771511 -0.31718 -0.790858 -0.0901473 -0.318826 -0.790858 -0.0901473 -0.318826 -0.790335 -0.0804546 -0.378774 -0.844078 -0.0730287 -0.389864 -0.843498 -0.0626641 -0.387083 -0.791796 -0.0667865 -0.377827 -0.790335 -0.0804546 -0.378774 -0.791796 -0.0667865 -0.377827 -0.740093 -0.0709089 -0.368571 -0.740995 -0.087055 -0.368571 -0.790335 -0.0804546 -0.378774 -0.872695 -0.0719597 -0.384276 -0.900688 -0.0698637 -0.378517 -0.896044 -0.0597263 -0.37655 -0.869771 -0.0611952 -0.381816 -0.872695 -0.0719597 -0.384276 -0.869771 -0.0611952 -0.381816 -0.872695 -0.0719597 -0.384276 -0.924137 -0.0685527 -0.351122 -0.912744 -0.0696412 -0.364753 -0.917809 -0.0585094 -0.351122 -0.906927 -0.0591179 -0.363836 -0.912744 -0.0696412 -0.364753 -0.906927 -0.0591179 -0.363836 -0.912744 -0.0696412 -0.364753 -0.912744 -0.0696412 -0.337491 -0.900688 -0.0698637 -0.323728 -0.896044 -0.0597263 -0.325695 -0.906927 -0.0591179 -0.338409 -0.912744 -0.0696412 -0.337491 -0.906927 -0.0591179 -0.338409 -0.917809 -0.0585094 -0.351122 -0.912744 -0.0696412 -0.337491 -0.872695 -0.0719597 -0.317969 -0.844078 -0.0730287 -0.312381 -0.843498 -0.0626641 -0.315162 -0.869771 -0.0611952 -0.320428 -0.872695 -0.0719597 -0.317969 -0.869771 -0.0611952 -0.320428 -0.872695 -0.0719597 -0.317969 -0.791796 -0.0667865 -0.319962 -0.791796 -0.0667865 -0.319962 -0.791796 -0.0667865 -0.377827 -0.796498 -0.0610387 -0.37338 -0.843074 -0.0550766 -0.379483 -0.827481 -0.0483372 -0.368844 -0.796498 -0.0610387 -0.37338 -0.776203 -0.0600471 -0.367187 -0.796498 -0.0610387 -0.37338 -0.869771 -0.0611952 -0.381816 -0.865812 -0.055062 -0.376194 -0.884516 -0.0527597 -0.371177 -0.857818 -0.0466411 -0.368844 -0.865812 -0.055062 -0.376194 -0.906927 -0.0591179 -0.363836 -0.87927 -0.0454418 -0.358463 -0.895189 -0.0530956 -0.361016 -0.906927 -0.0591179 -0.338409 -0.884516 -0.0527597 -0.331068 -0.87927 -0.0454418 -0.343782 -0.895189 -0.0530956 -0.341229 -0.869771 -0.0611952 -0.320428 -0.865812 -0.055062 -0.32605 -0.843074 -0.0550766 -0.322761 -0.857818 -0.0466411 -0.333401 -0.791796 -0.0667865 -0.319962 -0.796442 -0.0610012 -0.325486 -0.776203 -0.0600471 -0.330601 -0.827481 -0.0483372 -0.333401 -0.796442 -0.0610012 -0.325486 -0.796442 -0.0610012 -0.325486 -0.740093 -0.0709089 -0.336229 -0.772495 -0.0604655 -0.339253 -0.76992 -0.0603984 -0.349409 -0.806029 -0.0495366 -0.343782 -0.772495 -0.0604655 -0.339253 -0.772495 -0.0604655 -0.339253 -0.740093 -0.0709089 -0.358134 -0.772868 -0.0603411 -0.358886 -0.806029 -0.0495366 -0.358463 -0.772868 -0.0603411 -0.358886 -0.772868 -0.0603411 -0.358886 -0.831651 -0.122923 -0.358463 -0.846975 -0.124852 -0.351122 -0.858003 -0.120475 -0.362883 -0.861988 -0.121227 -0.358463 -0.858003 -0.120475 -0.362883 -0.869128 -0.120257 -0.355221 -0.869128 -0.120257 -0.347023 -0.861988 -0.121227 -0.343782 -0.858003 -0.120475 -0.339362 -0.858003 -0.120475 -0.339362 -0.831651 -0.122923 -0.343782 -0.824448 -0.122755 -0.347023 -0.824448 -0.122755 -0.355221 -0.842339 -0.0419348 -0.351122 -0.827326 -0.04556 -0.358463 -0.853787 -0.0450554 -0.362883 -0.857663 -0.0438639 -0.358463 -0.864866 -0.0440322 -0.355221 -0.864866 -0.0440322 -0.347023 -0.857663 -0.0438639 -0.343782 -0.853787 -0.0450554 -0.339362 -0.827326 -0.04556 -0.343782 -0.820186 -0.0465302 -0.355221 -0.736226 -0.103518 -0.358134 -0.736226 -0.103518 -0.358134 -0.741898 -0.103201 -0.358134 -0.736226 -0.103518 -0.358134 -0.736226 -0.103518 -0.368571 -0.741898 -0.103201 -0.368571 -0.740995 -0.087055 -0.368571 -0.734421 -0.071226 -0.358134 -0.734421 -0.071226 -0.368571 -0.740093 -0.0709089 -0.358134 -0.735324 -0.0873721 -0.324761 -0.734421 -0.071226 -0.324761 -0.740093 -0.0709089 -0.324761 -0.740995 -0.087055 -0.324761 -0.728749 -0.0715431 -0.324761 -0.728749 -0.0715431 -0.336229 -0.734421 -0.071226 -0.336229 -0.740093 -0.0709089 -0.336229 -0.106493 -0.106333 -0.324761 0.515762 -0.141122 -0.324761 0.515762 -0.141122 -0.336229 0.514859 -0.157268 -0.336229 0.515762 -0.141122 -0.324761 0.513957 -0.173414 -0.336229 0.513957 -0.173414 -0.324761 -0.736226 -0.103518 -0.324761 -0.741898 -0.103201 -0.324761 -0.741898 -0.103201 -0.336229 </float_array>
          <technique_common>
            <accessor count="462" offset="0" source="#meshId3-positions-array" stride="3">
              <param name="X" type="float" />
              <param name="Y" type="float" />
              <param name="Z" type="float" />
            </accessor>
          </technique_common>
        </source>
        <source id="meshId3-normals" name="meshId3-normals">
          <float_array id="meshId3-normals-array" count="1386"> -4.17446e-09 -7.46658e-08 1 -4.09905e-09 -7.33169e-08 1 -4.09905e-09 -7.33169e-08 1 -4.17447e-09 -7.46658e-08 1 0.0558215 0.998441 4.19343e-07 0.0558215 0.998441 4.15555e-07 0.0558215 0.998441 4.15555e-07 0.0558215 0.998441 4.19343e-07 0 0 -1 0 0 -1 0 0 -1 0 0 -1 -0.0558215 -0.998441 0 -0.0558215 -0.998441 -1.23155e-07 -0.0558215 -0.998441 -1.23155e-07 -0.0558215 -0.998441 0 0.998441 -0.0558231 -1.98482e-06 0.998441 -0.0558246 0 0.998441 -0.0558246 -3.602e-13 0.998441 -0.0558231 -1.98482e-06 0.219969 -0.923496 -0.314274 0.141614 -0.829011 -0.541005 0.0595306 -0.862535 -0.502484 0.125261 -0.663479 -0.737635 0.0148176 -0.69678 -0.717132 -0.0029545 -0.779198 -0.626771 -0.165167 -0.777165 -0.607235 -0.178983 -0.691217 -0.700131 -0.359296 -0.791329 -0.494676 -0.254456 -0.838638 -0.4816 -0.386695 -0.875725 -0.289089 -0.454073 -0.819575 -0.34945 -0.484627 -0.874721 -4.04678e-07 -0.421731 -0.906721 -3.53614e-07 -0.316701 -0.92096 0.227011 -0.454074 -0.819574 0.349448 -0.359296 -0.79133 0.494675 -0.254456 -0.838638 0.4816 -0.15135 -0.840205 0.52072 -0.178983 -0.691217 0.700132 -0.00753095 -0.71817 0.695827 -0.021571 -0.791691 0.610541 0.0715059 -0.763383 0.641976 0.0806552 -0.723617 0.685473 0.190195 -0.935457 0.297903 0.110937 -0.871241 0.478154 0.197265 -0.968963 0.148988 0.221156 -0.962618 0.156383 0.26526 -0.96411 0.0113421 0.241418 -0.970415 -0.00346848 0.184071 -0.971021 -0.152437 0.270839 -0.944678 -0.185013 0.204817 -0.0765475 -0.975803 0.246172 -0.42267 -0.872209 0.155262 -0.50152 -0.8511 0.171408 -0.264288 -0.94909 0.00782877 -0.259597 -0.965685 0.0168245 -0.486413 -0.873567 -0.200605 -0.427091 -0.881675 -0.203688 -0.243122 -0.948369 -0.464793 -0.307135 -0.830443 -0.405608 -0.515148 -0.755053 -0.638643 -0.567686 -0.519488 -0.72028 -0.348376 -0.599859 -0.900231 -0.435412 9.44108e-07 -0.777353 -0.629065 7.76232e-07 -0.592315 -0.650149 0.475888 -0.720277 -0.348375 0.599863 -0.464793 -0.307132 0.830444 -0.405609 -0.515146 0.755054 -0.198252 -0.477846 0.85578 -0.203688 -0.243124 0.948368 0.0142968 -0.199406 0.979813 -0.000740174 -0.434824 0.900515 0.102908 -0.356946 0.928439 0.110202 -0.176942 0.978032 0.198415 0.0291904 -0.979683 0.220565 0.032449 -0.974832 0.101036 0.195445 -0.975496 0.0684305 0.0109749 -0.997595 -0.195934 0.0109548 -0.980556 -0.175317 0.264313 -0.948368 -0.365016 0.335692 -0.868374 -0.474199 0.0265124 -0.880018 -0.758015 0.0423797 -0.650858 -0.676958 0.426496 -0.599858 -0.846082 0.533053 -1.35151e-06 -0.998441 0.0558217 -3.57428e-08 -0.758013 0.0423787 0.650862 -0.676953 0.426501 0.599859 -0.365016 0.335692 0.868374 -0.474199 0.0265116 0.880018 -0.195935 0.0109544 0.980556 -0.175318 0.264311 0.948369 -0.012068 0.259807 0.965585 0.0150836 -0.0192853 0.9997 0.137032 -0.055879 0.988989 0.109347 0.251935 0.961547 0.227893 0.814421 -0.533651 0.249656 0.428412 -0.86841 0.20024 0.330392 -0.922358 0.180458 0.689647 -0.7013 0.0820667 0.702706 -0.706732 0.0865087 0.412926 -0.906647 -0.151747 0.446791 -0.881675 -0.100818 0.70686 -0.700132 -0.194564 0.780359 -0.594294 -0.345657 0.557151 -0.755052 -0.571384 0.635339 -0.519486 -0.359886 0.865082 -0.349449 -0.384105 0.923289 4.96549e-07 -0.702387 0.711795 -6.61235e-07 -0.516153 0.712121 0.475888 -0.35989 0.86508 0.349452 -0.194564 0.780358 0.594295 -0.345658 0.557149 0.755054 -0.143751 0.496966 0.85578 -0.100817 0.70686 0.700132 0.0455812 0.716218 0.696386 0.0171116 0.496833 0.867678 0.123242 0.539949 0.832626 0.125669 0.7148 0.687945 0.187176 0.857978 0.478371 0.210359 0.431852 0.877071 0.259884 0.965195 0.0293181 0.292748 0.955582 0.0340739 0.318512 0.947916 -0.00210892 0.27933 0.960194 0.00119557 0.28166 0.958756 -0.0381279 0.320361 0.94624 -0.0447151 -0.0539194 -0.96442 -0.258819 0.108396 -0.734868 -0.669492 -0.0021992 -0.966016 -0.258473 -0.134533 -0.969732 -0.203767 -0.15135 -0.840204 -0.520721 -0.105495 -0.960241 -0.258472 -0.18355 -0.98301 -1.91327e-07 -0.316701 -0.92096 -0.227011 -0.182448 -0.977109 -0.109409 -0.134533 -0.969732 0.203766 -0.386694 -0.875726 0.289088 -0.182448 -0.977109 0.109409 -0.0539194 -0.96442 0.25882 -0.165167 -0.777165 0.607235 -0.105496 -0.960241 0.258473 0.0256001 -0.978685 0.203766 0.0409925 -0.874725 0.482882 -0.00219961 -0.966016 0.258472 0.0728306 -0.997344 -2.2509e-08 0.183292 -0.972097 0.146393 0.0723935 -0.991357 0.109408 0.0256 -0.978685 -0.203766 0.210361 -0.964274 -0.161007 0.072394 -0.991357 -0.109409 0.134533 0.969732 -0.203766 0.209157 0.83755 -0.50474 0.142804 0.872425 -0.46742 0.105495 0.960241 -0.258471 0.0539194 0.96442 -0.258819 0.0730807 0.783737 -0.616779 -0.077508 0.790733 -0.607235 0.00219884 0.966016 -0.258472 -0.0255995 0.978685 -0.203766 -0.159388 0.861776 -0.481599 -0.286669 0.913372 -0.289089 -0.0723939 0.991357 -0.10941 -0.0728307 0.997344 1.80073e-07 -0.318031 0.94808 -2.01796e-07 -0.212068 0.950523 0.22701 -0.0723934 0.991357 0.109407 -0.0255993 0.978685 0.203766 -0.159388 0.861776 0.481599 -0.0567495 0.85184 0.520719 0.00220031 0.966017 0.25847 0.0539195 0.96442 0.258818 0.0560728 0.797748 0.600379 0.139494 0.766555 0.626846 0.105495 0.960241 0.258472 0.134533 0.969732 0.203766 0.182804 0.878379 0.441625 0.26302 0.956623 0.125273 0.182448 0.977109 0.10941 0.183549 0.98301 2.81363e-08 0.298527 0.954397 -0.00292104 0.258309 0.956792 -0.133514 0.182448 0.977109 -0.109407 0.199661 -0.979065 -0.0395926 0.246172 -0.42267 -0.872209 -0.0558215 -0.998441 -2.21528e-07 -0.0558215 -0.998441 -2.21528e-07 0.171267 0.0308991 -0.98474 0.249656 0.428412 -0.86841 0 0 -1 0 0 -1 0.28166 0.958756 -0.0381279 0.27933 0.960194 0.00119557 0.0558217 0.998441 2.76167e-07 0.0558215 0.998441 0 0.094157 -0.0459905 0.994494 0.153369 -0.460321 0.874404 -4.17462e-09 -7.46685e-08 1 -4.17462e-09 -7.46685e-08 1 0.259884 0.965195 0.0293181 0.210359 0.431852 0.877071 0.0558219 0.998441 -4.03256e-07 0.0558219 0.998441 -4.03256e-07 0.0558215 0.998441 9.40993e-07 0.0558215 0.998441 4.46122e-07 0.0558215 0.998441 4.46122e-07 0.0558215 0.998441 9.40993e-07 0.998441 -0.055817 -1.80654e-06 0.998441 -0.055817 -1.80654e-06 0.998441 -0.055817 -1.80654e-06 0.998441 -0.055817 -1.80654e-06 -0.0558215 -0.998441 2.35248e-07 -0.0558215 -0.998441 2.33123e-07 -0.0558215 -0.998441 2.33123e-07 -0.0558215 -0.998441 2.35248e-07 0.216791 -0.975322 0.0418167 0.221791 -0.975093 0.00142495 -0.0558216 -0.998441 -4.49788e-08 -0.0558217 -0.998441 0 3.33166e-09 7.33598e-08 1 3.40008e-09 7.47091e-08 1 4.17447e-09 7.46658e-08 1 4.17447e-09 7.46658e-08 1 -4.94885e-09 -7.46225e-08 1 0.0558215 0.998441 4.85724e-08 0.0558215 0.998441 -9.75842e-08 0.0558215 0.998441 0 0 0 -1 0 0 -1 0 0 -1 0 0 -1 0 0 -1 -0.0558215 -0.998441 -1.22449e-07 -0.0558215 -0.998441 0 -0.0558215 -0.998441 -2.85367e-09 -0.0558215 -0.998441 0 -0.0558215 -0.998441 0 0.998441 -0.055818 3.60199e-13 0.998441 -0.055819 -1.98482e-06 0.998441 -0.0558206 1.98482e-06 0.998441 -0.0558206 1.98482e-06 0.998441 -0.0558215 1.98482e-06 0.998441 -0.0558215 1.98482e-06 0.121954 -0.688526 -0.714884 0.0211469 -0.702552 -0.711318 0.0168245 -0.486413 -0.873567 0.151962 -0.528944 -0.834941 0.129375 -0.696882 -0.705421 0.155262 -0.50152 -0.8511 0.246172 -0.42267 -0.872209 0.176164 -0.812577 -0.555594 0.133291 -0.67836 -0.722538 -0.280337 -0.753808 -0.594294 -0.405608 -0.515148 -0.755053 -0.198252 -0.477847 -0.85578 -0.200605 -0.427091 -0.881675 -0.454073 -0.819576 -0.349447 -0.777353 -0.629065 7.76232e-07 -0.592315 -0.650149 -0.475887 -0.454075 -0.819573 -0.34945 -0.638643 -0.567686 -0.519488 -0.454074 -0.819574 -0.34945 -0.454072 -0.819576 0.349449 -0.280337 -0.753808 0.594294 -0.405609 -0.515146 0.755054 -0.638645 -0.567684 0.519488 -0.454075 -0.819573 0.349451 -0.592315 -0.650149 0.475888 -0.454075 -0.819574 0.34945 -0.016628 -0.712449 0.701527 -0.000740174 -0.434824 0.900515 -0.200605 -0.427091 0.881675 -0.198252 -0.477846 0.85578 0.0787008 -0.743324 0.664285 0.131382 -0.855066 0.501599 0.153369 -0.460321 0.874404 0.0970091 -0.391796 0.914923 0.0704341 -0.731838 0.677829 0.102908 -0.356946 0.928439 0.0728991 -0.715998 0.694285 0.253271 -0.952502 0.169099 0.269675 -0.962948 -0.00253287 0.221791 -0.975093 0.00142495 0.216791 -0.975322 0.0418167 0.266711 -0.96251 0.0494001 0.197946 -0.97955 0.0360425 0.238264 -0.970304 0.0417191 0.237643 -0.956185 -0.170986 0.199661 -0.979065 -0.0395926 0.242879 -0.968954 -0.0462306 0.224626 -0.97333 -0.0466052 0.271906 -0.960786 -0.0543847 0.151962 -0.528944 -0.834941 0.171408 -0.26429 -0.949089 0.0120156 -0.259802 -0.965587 0.222484 0.038886 -0.974161 0.171408 -0.264286 -0.94909 -0.198252 -0.477847 -0.85578 -0.203688 -0.243125 -0.948368 -0.400161 -0.292911 -0.868375 -0.203688 -0.243121 -0.948369 -0.203688 -0.243123 -0.948368 -0.592315 -0.650149 -0.475887 -0.777353 -0.629065 7.76232e-07 -0.900231 -0.435412 9.44108e-07 -0.720279 -0.348374 -0.599862 -0.998441 0.0558217 -3.57428e-08 -0.720278 -0.348376 -0.599861 -0.72028 -0.348376 -0.599859 -0.638645 -0.567684 0.519488 -0.720282 -0.348372 0.599859 -0.400161 -0.292913 0.868374 -0.720279 -0.348381 0.599857 -0.720275 -0.348384 0.59986 -0.200605 -0.427091 0.881675 -0.203688 -0.243122 0.948369 0.0239986 -0.20397 0.978683 -0.203688 -0.243123 0.948368 -0.203688 -0.243121 0.948369 0.0970091 -0.391796 0.914923 0.153369 -0.460321 0.874404 0.094157 -0.0459905 0.994494 0.106496 -0.0520174 0.992952 0.122101 -0.047691 0.991371 0.210359 0.431852 0.877071 0.127742 0.0561867 0.990215 0.135754 -0.0530239 0.989323 0.144494 -0.178666 0.973242 0.236566 0.154905 -0.959188 0.0868497 0.19401 -0.977147 0.0865087 0.412926 -0.906647 0.204425 0.332251 -0.920771 0.203688 0.157365 -0.966306 0.20024 0.330392 -0.922358 0.249656 0.428412 -0.86841 0.171267 0.0308991 -0.98474 0.192535 0.034736 -0.980675 -0.175318 0.264312 -0.948369 -0.42766 0.357032 -0.830443 -0.345657 0.557151 -0.755052 -0.143752 0.496966 -0.85578 -0.175317 0.264314 -0.948368 -0.151747 0.446791 -0.881675 -0.175318 0.264312 -0.948369 -0.846082 0.533053 -1.35151e-06 -0.676955 0.426495 -0.599862 -0.702387 0.711795 -6.61235e-07 -0.516152 0.712122 -0.475888 -0.676956 0.426492 -0.599863 -0.571384 0.635339 -0.519486 -0.676958 0.426496 -0.599858 -0.676956 0.426498 0.599858 -0.427661 0.357029 0.830444 -0.345658 0.557149 0.755054 -0.571385 0.635335 0.519488 -0.676959 0.426491 0.59986 -0.516153 0.712121 0.475888 -0.702387 0.711795 -6.61235e-07 -0.676956 0.426494 0.599861 -0.175318 0.264312 0.948368 -0.0168919 0.26004 0.96545 0.0171116 0.496833 0.867678 -0.151747 0.446791 0.881675 -0.175318 0.264312 0.948369 -0.143751 0.496966 0.85578 -0.175318 0.264314 0.948368 0.122059 0.546972 0.828205 0.123242 0.539949 0.832626 0.204425 0.332251 -0.920771 0.180325 0.69059 -0.700406 0.0776297 0.702808 -0.707131 0.173222 0.735189 -0.655356 0.179927 0.690213 -0.700879 0.277304 0.92157 -0.271683 0.180001 0.688928 -0.702124 -0.143752 0.496966 -0.85578 -0.100818 0.706861 -0.700131 -0.268849 0.826448 -0.494675 -0.0567498 0.85184 -0.520719 -0.100817 0.706863 -0.700129 -0.516152 0.712122 -0.475888 -0.212069 0.950523 -0.22701 -0.359886 0.865083 -0.349447 -0.571385 0.635335 0.519488 -0.268849 0.826449 0.494675 -0.286669 0.913372 0.289089 -0.359887 0.865082 0.34945 -0.151747 0.446791 0.881675 -0.100818 0.706861 0.700131 0.0579285 0.725974 0.685278 -0.0775085 0.790733 0.607235 0.122059 0.546972 0.828205 0.122943 0.747012 0.653344 0.251762 0.932634 0.258477 0.126107 0.884045 0.450068 0.14143 0.768529 0.623987 0.142343 0.728526 0.670066 0.275224 0.960772 0.0341758 0.316077 0.947865 0.0405901 0.314863 0.949089 0.00952419 0.25672 0.958031 0.127563 0.305071 0.942107 0.139162 0.278695 0.951771 0.128297 0.261234 0.964738 -0.0322152 0.29652 0.954279 -0.0377898 0.273804 0.952199 -0.135459 0.292205 0.945959 -0.140637 0.319588 0.935168 -0.152725 0.0413725 -0.984178 -0.172284 -0.0558215 -0.998441 6.14528e-08 -0.105495 -0.960241 -0.258473 -0.15082 -0.973433 -0.172284 -0.105496 -0.96024 -0.258474 -0.182448 -0.977109 -0.109409 -0.182448 -0.977109 0.109408 -0.150821 -0.973433 0.172284 -0.105495 -0.960241 0.258471 -0.105495 -0.960241 0.258474 0.0413726 -0.984178 0.172284 0.0723938 -0.991357 0.109409 0.0723933 -0.991357 -0.109408 0.0558216 0.998441 -3.9071e-07 0.15082 0.973433 -0.172284 0.00220014 0.966017 -0.258471 -0.0413732 0.984178 -0.172284 -0.0723936 0.991357 -0.109407 -0.0723939 0.991357 0.10941 -0.0413732 0.984178 0.172284 0.00219894 0.966016 0.258472 0.15082 0.973433 0.172284 0.182448 0.977109 -0.10941 -0.0558215 -0.998441 -3.15915e-07 -0.0558215 -0.998441 0 0.224626 -0.97333 -0.0466052 -0.0558215 -0.998441 -9.43966e-08 0 0 -1 0.246172 -0.42267 -0.872209 0.198415 0.0291904 -0.979683 0.0558215 0.998441 1.36538e-07 0.0558215 0.998441 0 0.261234 0.964738 -0.0322152 -4.17438e-09 -7.46642e-08 1 4.17438e-09 7.46642e-08 1 0.210359 0.431852 0.877071 0.122101 -0.047691 0.991371 0.0558215 0.998441 -4.68766e-07 0.0558215 0.998441 -4.68766e-07 0.0558211 0.998441 -2.78983e-07 0.275224 0.960772 0.0341758 0.0558215 0.998441 -4.70496e-07 0.0558215 0.998441 -8.52174e-07 0.998441 -0.055826 1.80654e-06 0.998441 -0.055826 1.80654e-06 0.998441 -0.055826 -1.80654e-06 -0.0558215 -0.998441 -2.35248e-07 -0.0558215 -0.998441 2.35248e-07 -0.0558213 -0.998441 0 0.153369 -0.460321 0.874404 0.197946 -0.97955 0.0360425 </float_array>
          <technique_common>
            <accessor count="462" offset="0" source="#meshId3-normals-array" stride="3">
              <param name="X" type="float" />
              <param name="Y" type="float" />
              <param name="Z" type="float" />
            </accessor>
          </technique_common>
        </source>
        <source id="meshId3-tangents" name="meshId3-tangents">
          <float_array id="meshId3-tangents-array" count="1386"> 0.998441 -0.0558215 -8.88178e-16 0.998441 -0.0558262 -3.48594e-13 0.998439 -0.0558457 -1.78168e-12 0.998441 -0.0558215 8.40636e-17 0.998441 -0.0558215 4.40217e-07 0.998441 -0.0558215 7.88277e-06 0.998441 -0.0558215 2.43688e-05 0.998441 -0.0558215 4.40217e-07 0.998441 -0.0558215 0 0.998441 -0.0558163 0 0.998442 -0.0557971 0 0.998441 -0.0558213 0 0.998441 -0.0558215 0 0.998441 -0.0558215 -4.35321e-07 0.998441 -0.0558215 -1.37636e-15 0.998441 -0.0558215 0 -0.0558231 -0.998441 -1.69659e-05 -0.0558246 -0.998441 -2.46335e-07 -0.0558246 -0.998441 -3.03258e-19 -0.0558231 -0.998441 -6.19062e-06 0.00503952 -0.321085 0.947037 -0.00839504 -0.547499 0.836764 -0.0116791 -0.503944 0.863657 -0.0406865 -0.7463 0.664365 -0.0392434 -0.717063 0.695902 -0.0295132 -0.626433 0.778916 -0.042799 -0.609463 0.791659 -0.0394615 -0.706006 0.707106 -0.0391852 -0.516812 0.855202 -0.0435085 -0.487561 0.872004 -0.0215794 -0.304796 0.952173 -0.0219704 -0.381796 0.923985 1.54447e-06 -1.32739e-06 1 5.06254e-07 -6.36406e-07 1 0.020061 0.232773 0.972324 0.020948 0.382285 0.923807 0.0391822 0.516812 0.855202 0.0435069 0.48756 0.872005 0.039845 0.521175 0.852519 0.0394553 0.706008 0.707104 0.0393612 0.695094 0.71784 0.0313649 0.609847 0.791898 0.0210005 0.644634 0.764203 0.038003 0.689446 0.723339 -0.00133736 0.303195 0.952928 0.0103922 0.482115 0.876047 0.0201443 0.155949 0.98756 -0.00373731 0.159516 0.987188 -0.00276331 0.0110033 0.999936 -0.00293061 -0.00430325 0.999986 -0.00938108 -0.156816 0.987583 0.00441 -0.190977 0.981585 -0.0455618 -0.996602 0.0686159 -0.166641 -0.90496 0.391508 -0.0966983 -0.865126 0.492145 -0.0539199 -0.96442 0.258819 -0.0539198 -0.96442 0.258819 -0.0483412 -0.873065 0.485202 0.0825974 -0.904139 0.419179 0.0174812 -0.969425 0.244765 0.158551 -0.95162 0.263212 0.253327 -0.857051 0.448653 0.390985 -0.820848 0.416341 0.209843 -0.933655 0.290265 -0.420993 0.87042 0.255212 -0.602932 0.74506 0.285235 -0.454538 0.75732 0.468894 -0.230714 0.935826 0.266461 -0.158535 0.951621 0.263217 -0.253354 0.857052 0.448636 -0.0946052 0.878363 0.468539 -0.0624802 0.969929 0.235232 0.053135 0.97868 0.1984 0.0434492 0.899651 0.434443 0.084853 0.933142 0.349349 0.0609349 0.983378 0.171043 -0.0478749 -0.998075 -0.0394345 -0.0633219 -0.996862 -0.0475095 -0.0599371 -0.977537 -0.202062 -0.055028 -0.998376 -0.0147581 -0.0558249 -0.998441 2.67487e-07 -0.125032 -0.961465 -0.244849 -0.257304 -0.932777 -0.252432 -0.0558214 -0.998441 -6.28649e-07 -0.0558236 -0.998441 2.41541e-06 -0.308824 -0.90438 -0.294492 0.515401 0.818064 -0.255211 0.0558217 0.998441 -1.15992e-06 0.0558166 0.998441 -4.56561e-06 0.327401 0.904418 -0.273564 0.257285 0.93278 -0.252442 0.0558121 0.998441 -4.80805e-06 0.0558197 0.998441 -3.36608e-07 0.163695 0.957705 -0.236652 0.0539196 0.96442 -0.258819 0.0560155 0.99826 0.0184124 0.06776 0.996598 0.0469203 0.0539223 0.964419 -0.25882 -0.0326566 -0.541371 -0.840149 -0.391219 -0.775733 -0.495162 -0.13329 -0.923486 -0.359733 -0.0395705 -0.707338 -0.705767 -0.039488 -0.706274 -0.706836 -0.0739726 -0.904884 -0.419181 0.00861237 -0.891374 -0.453188 -0.0394673 -0.706005 -0.707106 -0.0310953 -0.610474 -0.791425 0.123075 -0.770781 -0.625099 0.125074 -0.558184 -0.820236 -0.0213797 -0.382093 -0.923876 1.45736e-08 5.28291e-07 -1 5.46356e-07 -3.60521e-07 -1 -0.0719618 0.5176 -0.852591 0.0213766 0.382095 -0.923876 0.0310908 0.610475 -0.791425 -0.123076 0.770782 -0.625098 0.00219263 0.86492 -0.501905 0.0394885 0.706006 -0.707104 0.0387757 0.695317 -0.717657 0.0455045 0.866518 -0.497066 0.0707735 0.832104 -0.550086 0.0404471 0.689174 -0.723466 0.0300142 0.481755 -0.875792 0.341182 0.808309 -0.479824 0.00762259 0.0283099 -0.99957 -0.00413501 0.0368999 -0.99931 0.00175303 -0.00281382 -0.999995 0.000285278 0.00116214 -0.999999 -0.0107469 -0.0365819 -0.999273 0.00572834 -0.0491371 -0.998776 -0.0144659 -0.258415 0.965926 -0.0261568 -0.675335 0.737047 -0.0144693 -0.258416 0.965925 -0.0108895 -0.204177 0.978873 -0.0398471 -0.521175 0.852519 -0.0144669 -0.258413 0.965926 -7.91348e-08 -1.88726e-07 1 -0.0200605 -0.232773 0.972324 -0.00615969 -0.110138 0.993897 0.0108895 0.204176 0.978873 0.0215803 0.304795 0.952173 0.00617384 0.110136 0.993897 0.0144659 0.258415 0.965926 0.0427959 0.609464 0.791658 0.0144561 0.258415 0.965926 0.0119706 0.204118 0.978873 0.013994 0.483744 0.875098 0.0144658 0.258415 0.965926 4.88826e-06 3.40572e-07 1 0.00958498 0.150676 0.988537 0.00613928 0.110137 0.993897 -0.0119726 -0.204119 0.978873 -0.02261 -0.169447 0.98528 -0.00615488 -0.110139 0.993897 -0.0108755 -0.204178 -0.978873 -0.0448997 -0.507387 -0.860548 -0.0382488 -0.467043 -0.883407 -0.0144623 -0.258412 -0.965926 -0.0144672 -0.258414 -0.965926 -0.0380969 -0.615787 -0.786991 -0.025424 -0.610436 -0.791657 -0.0144734 -0.258415 -0.965925 -0.0119617 -0.204119 -0.978873 -0.0111385 -0.489374 -0.872003 -0.0115777 -0.305035 -0.952271 -0.00614085 -0.110139 -0.993897 6.73341e-08 1.8313e-07 -1 3.17081e-07 -9.05197e-08 -1 0.00550144 0.233451 -0.972353 0.00615341 0.110137 -0.993897 0.0119616 0.204118 -0.978873 0.0111357 0.489374 -0.872003 0.0185187 0.522368 -0.852519 0.0144623 0.258413 -0.965926 0.0144672 0.258414 -0.965926 0.03478 0.599399 -0.799694 0.0500832 0.626763 -0.777599 0.0144654 0.258413 -0.965926 0.0108777 0.204178 -0.978873 0.0369113 0.442746 -0.895887 -0.00134748 0.130209 -0.991486 0.00617272 0.110137 -0.993897 -5.12983e-06 9.91605e-07 -1 0.00164458 -0.003575 -0.999992 -0.00614513 -0.136574 -0.990611 -0.00618728 -0.110131 -0.993898 0.979862 0.199406 0.0103478 0.967908 0.0602858 0.243968 0.998441 -0.0558215 -4.82973e-05 0.998441 -0.0558215 -4.8297e-05 0.983642 -0.0619945 0.169131 0.967055 -0.156398 0.200859 0.998441 -0.0558217 0 0.998441 -0.0558214 0 0.959512 -0.281529 0.00886645 0.960195 -0.27933 -0.000277074 0.998441 -0.0558217 2.42283e-13 0.998441 -0.0558215 -3.29716e-05 0.993996 -0.0515719 -0.0964948 0.986923 0.0269392 -0.158922 0.998441 -0.0558213 1.59872e-14 0.998443 -0.0557829 2.89352e-12 0.965638 -0.259818 -0.00611007 0.976353 -0.138539 -0.165957 0.998441 -0.0558219 -2.74911e-13 0.998441 -0.0558219 3.41543e-05 0.998441 -0.0558215 0 0.998441 -0.0558215 -8.30968e-16 0.998441 -0.0558215 -8.30967e-16 0.998441 -0.0558215 0 -0.055817 -0.998441 4.56286e-12 -0.055817 -0.998441 -1.03101e-05 -0.055817 -0.998441 -1.69765e-05 -0.055817 -0.998441 -6.66639e-06 0.998441 -0.0558215 -8.80959e-07 0.998441 -0.0558215 -5.1598e-09 0.998441 -0.0558215 -1.28097e-13 0.998441 -0.0558215 -8.70639e-07 0.976215 0.216485 -0.011768 0.975094 0.221791 -0.000416689 0.998441 -0.0558216 -1.44939e-14 0.998441 -0.0558217 0 0.998441 -0.0558267 7.68974e-10 0.998441 -0.0558215 7.75595e-10 0.998441 -0.0558219 3.14243e-14 0.998441 -0.0558219 3.19744e-14 0.998441 -0.0558219 7.75562e-10 0.998441 -0.0558215 4.04595e-07 0.998441 -0.0558215 7.27059e-16 0.998441 -0.0558215 4.69297e-09 0.998441 -0.0558158 0 0.998441 -0.0558211 0 0.998441 -0.0558215 0 0.998441 -0.0558215 0 0.998441 -0.0558215 0 0.998441 -0.0558215 4.22067e-14 0.998441 -0.0558215 0 0.998441 -0.0558215 -1.64849e-05 0.998441 -0.0558215 0 0.998441 -0.0558215 0 -0.055818 -0.998441 -5.15187e-06 -0.055819 -0.998441 9.09465e-12 -0.0558206 -0.998441 -6.19063e-06 -0.0558206 -0.998441 -1.6966e-05 -0.0558215 -0.998441 -1.69651e-05 -0.0558215 -0.998441 -1.69651e-05 -0.0412929 -0.723157 0.689449 -0.0393079 -0.711511 0.701574 -0.0363077 -0.873412 0.485627 -0.0108442 -0.845593 0.533718 -0.0420069 -0.714612 0.698258 -0.00528943 -0.861958 0.506953 0.379722 -0.785905 0.48802 -0.0297323 -0.568556 0.822107 -0.0401087 -0.732138 0.679974 -0.0378503 -0.609957 0.79153 -0.209676 -0.751589 0.62542 -0.0942265 -0.859774 0.501906 -0.107898 -0.884862 0.453185 -0.0209447 -0.382285 0.923807 7.6539e-07 2.78661e-07 1 -0.130852 -0.505181 0.853036 -0.0222614 -0.381657 0.924036 -0.18806 -0.53948 0.820728 -0.0231689 -0.381221 0.924194 0.021969 0.381795 0.923986 0.037848 0.609958 0.791529 0.209675 0.75159 0.625419 0.188059 0.539481 0.820727 0.0231675 0.381223 0.924193 0.130851 0.505182 0.853035 0.0222619 0.381656 0.924036 0.0393468 0.700614 0.712455 0.042032 0.899706 0.434468 0.107905 0.884861 0.453186 0.0942333 0.859774 0.501906 0.037962 0.668103 0.743099 0.0253032 0.508713 0.860564 -0.228953 0.844241 0.4846 -0.000116429 0.919255 0.393663 0.0385199 0.681005 0.731265 -0.00659629 0.933129 0.359481 0.0377648 0.69762 0.715472 -0.00286853 0.174058 0.984731 -0.00300797 -0.00347269 0.999989 -0.000246369 0.00140531 0.999999 -0.00907341 0.0408204 0.999125 0.0141984 0.0551753 0.998376 -0.0071391 0.0353284 0.99935 0.0118433 0.0458558 0.998878 0.00463123 -0.174912 0.984573 0.00791132 -0.0387941 0.999216 -0.0139089 -0.0511312 0.998595 0.0104801 -0.0454116 0.998913 -0.0161531 -0.0610627 0.998003 -0.101579 -0.848636 0.519132 -0.0539072 -0.964419 0.258823 -0.0539195 -0.96442 0.258817 -0.0370649 -0.998145 -0.0483085 -0.0539311 -0.96442 0.258815 0.0945766 -0.878362 0.468546 0.0624463 -0.969929 0.235241 0.151728 -0.955645 0.252429 0.0558955 -0.969984 0.236657 0.0170742 -0.969411 0.24485 0.45444 -0.75731 0.469005 0.602893 -0.745011 0.285446 0.420966 -0.870363 0.255452 0.230583 -0.935815 0.266611 -0.0558217 -0.998441 -7.89768e-08 0.224436 -0.935269 0.273679 0.206086 -0.933168 0.294493 -0.391079 0.820858 0.416232 -0.209877 0.933662 0.290219 -0.151728 0.955645 0.252432 -0.206114 0.933169 0.294469 -0.224551 0.935277 0.273558 -0.082626 0.904139 0.419173 -0.0175021 0.969425 0.244761 0.0526187 0.977866 0.202509 -0.0170971 0.969411 0.244846 -0.0559295 0.969984 0.23665 0.0878713 0.919041 0.384243 0.136908 0.886238 0.442537 0.059695 0.997396 0.0404729 0.051897 0.99756 0.0466928 0.0608496 0.997326 0.040483 -0.0382015 0.900091 -0.434024 0.061788 0.996004 -0.0644861 0.0509461 0.997619 0.0464778 0.0631114 0.983225 0.171128 -0.0432857 -0.984549 -0.169677 -0.0593381 -0.978105 -0.199474 -0.0504616 -0.907074 -0.417936 -0.00450229 -0.940306 -0.340299 -0.0453442 -0.984422 -0.169873 -0.00604373 -0.940991 -0.338378 0.0567638 -0.90174 -0.428536 -0.0489355 -0.998008 -0.0398263 -0.0623658 -0.99692 -0.0475556 -0.163674 -0.957708 -0.236657 -0.263644 -0.928015 -0.26321 -0.347285 -0.823471 -0.448652 -0.191892 -0.862347 -0.468546 -0.170172 -0.956924 -0.235241 -0.182861 -0.889297 -0.419181 -0.12543 -0.961435 -0.244766 -0.515366 -0.81801 -0.255453 -0.327294 -0.904422 -0.273676 -0.68218 -0.673164 -0.285448 -0.53602 -0.701935 -0.469009 -0.333458 -0.90428 -0.266615 -0.480045 -0.772148 -0.416345 -0.312609 -0.904445 -0.290267 0.308838 0.904379 -0.29448 0.263611 0.92802 -0.263225 0.347298 0.823471 -0.448643 0.480139 0.772149 -0.416235 0.312639 0.904448 -0.290226 0.53612 0.701934 -0.468897 0.682226 0.673208 -0.285235 0.333591 0.904275 -0.266464 0.125047 0.961464 -0.244846 0.0539198 0.96442 -0.258819 0.0626592 0.865566 -0.496859 0.182877 0.889295 -0.419177 0.125441 0.961434 -0.244764 0.191908 0.862345 -0.468542 0.170191 0.956922 -0.235236 0.0157136 0.833275 -0.552636 0.0162933 0.837808 -0.545721 -0.134413 -0.922198 -0.362607 -0.039396 -0.706436 -0.706679 -0.0395121 -0.706545 -0.706564 -0.0502489 -0.657952 -0.751382 -0.0394572 -0.70687 -0.706242 -0.0300473 -0.274316 -0.96117 -0.0396208 -0.708125 -0.704974 -0.00217908 -0.864919 -0.501907 -0.0394808 -0.706005 -0.707106 -0.0200095 -0.518265 -0.854986 -0.0185219 -0.522368 -0.852519 -0.0394974 -0.706004 -0.707106 0.0719613 -0.517601 -0.852591 -0.00550113 -0.233451 -0.972353 -0.0213701 -0.382088 -0.923879 -0.125077 0.558185 -0.820235 0.0200076 0.518265 -0.854986 0.0115776 0.305034 -0.952271 0.0213688 0.38209 -0.923878 -0.0085987 0.891374 -0.453186 0.0394778 0.706004 -0.707107 0.0377168 0.684349 -0.728179 0.0254181 0.610437 -0.791657 0.0693201 0.827709 -0.55686 0.0358872 0.654561 -0.755157 0.0261709 0.260421 -0.96514 0.0346588 0.449486 -0.892615 0.0339321 0.626189 -0.778932 0.0385603 0.672364 -0.739216 0.00941149 0.0328543 -0.999416 -0.00488954 0.0444104 -0.999001 0.00281396 0.00910109 -0.999955 0.00533115 0.130581 -0.991423 0.0163475 0.140925 -0.989885 0.0156814 0.129062 -0.991512 -0.00842007 -0.0310953 -0.999481 0.00508526 -0.0411464 -0.99914 0.00192243 -0.141382 -0.989953 -0.0176271 -0.141703 -0.989752 -0.0188755 -0.154863 -0.987756 -0.00892774 -0.172789 0.984918 3.43183e-08 5.96557e-08 1 -0.0144561 -0.258415 0.965926 -0.0104172 -0.172702 0.984919 -0.0144769 -0.258414 0.965926 -0.00617384 -0.110136 0.993897 0.00615951 0.110138 0.993897 0.0104173 0.172703 0.984919 0.0144667 0.258412 0.965926 0.0144769 0.258414 0.965926 0.00892401 0.172788 0.984919 0.00615006 0.110138 0.993897 -0.00613199 -0.110136 0.993898 -2.55836e-08 -4.01774e-07 -1 -0.0104027 -0.172705 -0.984919 -0.0144623 -0.258414 -0.965926 -0.00891398 -0.172789 -0.984919 -0.00615323 -0.110137 -0.993897 0.00614086 0.110139 -0.993897 0.00891407 0.172788 -0.984919 0.0144736 0.258414 -0.965926 0.0104068 0.172704 -0.984919 -0.00616776 -0.110138 -0.993897 0.998441 -0.0558215 -1.53245e-05 0.998441 -0.0558215 0 0.974441 0.224238 0.0134697 0.998441 -0.0558215 -3.29699e-05 0.998441 -0.0558216 0 0.967906 0.0602568 0.243981 0.978527 -0.0628293 0.196309 0.998441 -0.0558215 3.29702e-05 0.998441 -0.0558215 0 0.965274 -0.261153 0.00676593 0.998439 -0.05586 -2.88092e-12 0.998441 -0.0558207 -5.9508e-14 0.976354 -0.138519 -0.165967 0.990952 -0.0502226 -0.124465 0.998441 -0.0558215 -7.0752e-06 0.998441 -0.0558215 -2.4163e-05 0.998441 -0.0558211 -3.41755e-05 0.961378 -0.275124 -0.00770096 0.998441 -0.0558215 -1.75274e-15 0.998441 -0.0558215 0 -0.055826 -0.998441 1.69313e-05 -0.055826 -0.998441 6.64865e-06 -0.055826 -0.998441 1.03038e-05 0.998441 -0.0558215 -8.80959e-07 0.998441 -0.0558215 -8.80419e-07 0.998441 -0.0558213 0 0.986923 0.02693 -0.158927 0.980211 0.197733 -0.00939819 </float_array>
          <technique_common>
            <accessor count="462" offset="0" source="#meshId3-tangents-array" stride="3">
              <param name="X" type="float" />
              <param name="Y" type="float" />
              <param name="Z" type="float" />
            </accessor>
          </technique_common>
        </source>
        <source id="meshId3-bitangents" name="meshId3-bitangents">
          <float_array id="meshId3-bitangents-array" count="1386"> 0.0558215 0.998441 7.47824e-08 0.0558262 0.998441 7.34314e-08 0.0558457 0.998439 7.34314e-08 0.0558215 0.998441 7.47824e-08 4.62939e-07 3.94115e-07 -1 7.89368e-06 -2.51213e-08 -1 2.4354e-05 -9.45394e-07 -1 4.62939e-07 3.94115e-07 -1 -0.0558215 -0.998441 -0 -0.0558163 -0.998441 -0 -0.0557971 -0.998442 -0 -0.0558213 -0.998441 -0 0 0 1 4.27768e-07 -1.47263e-07 1 -6.8747e-09 -1.22963e-07 1 0 0 1 -1.03463e-06 1.70503e-05 -1 1.37516e-08 2.45951e-07 -1 -3.59638e-13 2.01083e-14 -1 -1.63614e-06 6.29177e-06 -1 -0.975494 -0.209903 -0.0659749 -0.989886 -0.113956 -0.084493 -0.998158 -0.0455455 -0.0400737 -0.991289 -0.0532071 -0.120477 -0.99912 0.0178311 -0.0379692 -0.99956 0.0207993 -0.0211458 -0.985337 0.156745 0.0674015 -0.983061 0.154188 0.0990863 -0.9324 0.326655 0.15468 -0.966105 0.24284 0.0875748 -0.921955 0.374439 0.0989654 -0.890693 0.427235 0.155357 -0.874721 0.484627 1.99426e-06 -0.906721 0.421731 7.27424e-07 -0.948313 0.31249 -0.0552441 -0.890717 0.426797 -0.156417 -0.932401 0.326653 -0.154683 -0.966105 0.24284 -0.0875762 -0.987677 0.149777 -0.0454019 -0.983061 0.154183 -0.099091 -0.999197 0.0327946 0.0230333 -0.999275 0.0362316 0.0116763 -0.997219 -0.0411632 0.0621265 -0.996017 -0.032291 0.083107 -0.981745 -0.181641 0.0564151 -0.993773 -0.0922171 0.0625386 -0.980143 -0.19181 0.0502823 -0.975231 -0.218907 0.0316804 -0.964173 -0.265275 0.000254612 -0.970417 -0.241405 -0.00388279 -0.982868 -0.180355 -0.0379744 -0.962614 -0.266668 -0.0475582 -0.977739 0.0304056 -0.207608 -0.954793 0.0489676 -0.29321 -0.983129 0.00588834 -0.182818 -0.983723 0.00681117 -0.179559 -0.998515 0.0500433 -0.0215476 -0.998689 0.0340661 -0.0382027 -0.976184 0.0112654 0.216651 -0.97888 0.033277 0.20171 -0.871108 -0.00932804 0.491003 -0.878241 -0.00929819 0.478128 -0.662771 0.0627816 0.746186 -0.661183 0.0831957 0.745597 -0.111123 0.229749 -0.966885 -0.179432 0.221728 -0.958458 -0.66525 0.0614238 -0.74409 -0.654195 0.0535285 -0.754429 -0.871111 -0.00931295 -0.490999 -0.878233 -0.00932527 -0.478142 -0.975575 0.0119276 -0.219344 -0.97704 -0.0113404 -0.212753 -0.998485 0.0492259 0.0245874 -0.999055 0.0394482 0.0182269 -0.991065 0.0428301 0.126316 -0.99204 0.0407469 0.119152 -0.978948 0.0547266 -0.196636 -0.973315 0.0722072 -0.217818 -0.993076 0.078884 -0.0870519 -0.996137 0.0559056 -0.0677154 -0.979027 0.0547395 0.19624 -0.97654 0.0756504 0.201609 -0.894739 0.131294 0.426854 -0.878646 0.0491235 0.47494 -0.649843 0.0363351 0.759199 -0.668099 -0.0141081 0.743939 -0.13604 -0.21593 -0.966886 -2.90617e-08 -1.16011e-06 -1 -0.649847 0.0363254 -0.759196 -0.659199 0.0112047 -0.751885 -0.894745 0.131274 -0.426848 -0.878647 0.0491134 -0.47494 -0.979027 0.0547343 -0.196241 -0.970808 0.113754 -0.211169 -0.998472 0.0489405 -0.0256473 -0.998316 0.055721 0.0161376 -0.988246 0.0605843 0.140352 -0.99254 0.0801501 0.0918719 -0.973139 0.208891 -0.0967784 -0.885788 0.463358 -0.0260632 -0.970638 0.194974 -0.140881 -0.982786 0.155112 -0.100355 -0.995844 0.0859151 -0.0302131 -0.993501 0.10333 -0.0477351 -0.988382 -0.0763633 0.131416 -0.994122 -0.0436565 0.0990756 -0.980397 -0.135503 0.143042 -0.930254 -0.308998 0.197855 -0.811096 -0.533644 0.239473 -0.932751 -0.325019 0.156005 -0.923289 -0.384105 -2.16375e-07 -0.711795 -0.702387 -1.35669e-07 -0.853468 -0.474313 -0.215915 -0.93275 -0.325024 -0.156005 -0.980397 -0.135506 -0.143038 -0.930254 -0.308999 -0.197855 -0.989611 -0.0702732 -0.125423 -0.994121 -0.0436413 -0.0990906 -0.998208 0.0597145 0.0039215 -0.998818 0.0479888 -0.00778057 -0.98985 0.126722 0.0643363 -0.991247 0.118743 0.0576964 -0.981868 0.178285 0.0644213 -0.916157 0.400176 0.0226947 -0.96561 0.259995 4.65661e-10 -0.956181 0.292406 0.0147537 -0.947917 0.318507 -0.00255796 -0.960195 0.27933 5.0699e-05 -0.959454 0.281865 9.31323e-10 -0.947278 0.319713 -0.021162 -0.998441 0.0558262 -1.75899e-05 -0.993764 -0.0623813 -0.0924255 -0.999893 0.00586419 -0.0134093 -0.990849 0.13391 0.0169087 -0.987677 0.149778 0.0454001 -0.994315 0.105639 0.0133695 -0.98301 0.18355 -4.31497e-08 -0.948313 0.31249 0.0552447 -0.983196 0.182009 0.0140759 -0.990849 0.13391 -0.0169085 -0.921956 0.374438 -0.0989641 -0.983196 0.18201 -0.0140616 -0.998441 0.0558262 1.76132e-05 -0.985337 0.156743 -0.0674039 -0.994315 0.105637 -0.0133803 -0.999601 -0.02262 0.0169409 -0.999061 -0.0291151 0.0320708 -0.999893 0.00586366 0.0134058 -0.997344 -0.0728306 4.90009e-06 -0.983012 -0.179787 0.0369351 -0.997357 -0.07128 0.0140594 -0.999601 -0.0226196 -0.0169429 -0.977362 -0.203624 -0.0574471 -0.997357 -0.0712788 -0.0140751 -0.990849 0.133907 -0.0169225 -0.976851 0.202652 -0.0685176 -0.989012 0.144032 -0.0333265 -0.994315 0.105638 -0.0133739 -0.998441 0.0558265 1.889e-05 -0.996598 0.0810112 -0.0151442 -0.996668 -0.0459214 0.0674173 -0.999893 0.0058649 0.0134134 -0.999601 -0.0226212 0.0169321 -0.987153 -0.133623 0.0875994 -0.95796 -0.26964 0.0980187 -0.997357 -0.0712802 0.0140612 -0.997344 -0.0728307 -8.04927e-08 -0.94808 -0.318031 -2.7183e-07 -0.977239 -0.204957 -0.0547368 -0.997357 -0.0712784 -0.0140734 -0.999601 -0.0226211 -0.0169319 -0.987153 -0.133624 -0.0875967 -0.998217 -0.038737 -0.0454191 -0.999893 0.0058634 -0.0134022 -0.998441 0.0558266 -1.88984e-05 -0.997821 0.0657223 0.00586434 -0.988956 0.139865 0.0490382 -0.994315 0.10564 0.0133711 -0.990849 0.133907 0.0169202 -0.982456 0.180073 0.0485137 -0.96479 0.260611 0.0355365 -0.983196 0.18201 0.0140629 -0.98301 0.183549 5.22468e-06 -0.9544 0.29852 -0.00263682 -0.966043 0.256705 -0.0293987 -0.983196 0.182011 -0.0140476 -0.00223614 -0.0408614 0.999162 -0.0505359 -0.904276 0.423946 4.82096e-05 -2.91721e-06 1 4.82093e-05 -2.91719e-06 1 -0.0558225 -0.997598 -0.0410112 -0.0497667 -0.889945 -0.453344 -0.0558217 -0.998441 -0 -0.0558214 -0.998441 -0 -0.00223335 -0.0390815 -0.999234 6.79141e-05 0.00122538 -0.999999 1.54164e-08 2.75736e-07 -1 -3.29202e-05 1.84053e-06 -1 0.0557258 0.99761 0.0408586 0.0495995 0.887344 0.458433 0.0558213 0.998441 7.47851e-08 0.0557829 0.998443 7.47851e-08 0.00171996 0.0298986 -0.999551 0.0498398 0.891241 -0.450782 -2.25108e-08 -4.02628e-07 -1 3.40785e-05 -2.30918e-06 -1 5.25276e-08 9.39526e-07 -1 2.49032e-08 4.45427e-07 -1 2.49032e-08 4.45426e-07 -1 5.25276e-08 9.39525e-07 -1 -1.80372e-06 1.00831e-07 -1 -1.22825e-06 1.03948e-05 -1 -8.56149e-07 1.70508e-05 -1 -1.43163e-06 6.75684e-06 -1 8.92717e-07 1.85705e-07 1 1.8165e-08 2.32472e-07 1 1.30134e-08 2.3276e-07 1 8.82414e-07 1.86281e-07 1 0.00242491 0.0433733 0.999056 9.02691e-05 0.00148188 0.999999 -2.51078e-09 -4.49087e-08 1 0 0 1 0.0558267 0.998441 -7.34314e-08 0.0558215 0.998441 -7.47824e-08 0.0558219 0.998441 -7.47824e-08 0.0558219 0.998441 -7.47824e-08 0.0558219 0.998441 7.47824e-08 4.06676e-07 2.59115e-08 -1 -5.4473e-09 -9.7432e-08 -1 4.68565e-09 -2.61969e-10 -1 -0.0558158 -0.998441 -0 -0.0558211 -0.998441 -0 -0.0558215 -0.998441 -0 -0.0558215 -0.998441 -0 -0.0558215 -0.998441 -0 -6.83532e-09 -1.22258e-07 1 0 0 1 1.64591e-05 -9.23063e-07 1 0 0 1 0 0 1 2.87567e-07 5.14384e-06 -1 -1.98172e-06 1.10781e-07 -1 2.32729e-06 6.07019e-06 -1 2.92877e-06 1.68287e-05 -1 2.92874e-06 1.68278e-05 -1 2.92874e-06 1.68278e-05 -1 -0.991676 -0.0545613 -0.116623 -0.999003 0.0131243 -0.0426621 -0.999199 0.0235468 -0.0323552 -0.988327 -0.0720504 -0.134234 -0.990706 -0.0607045 -0.121727 -0.987859 -0.0742089 -0.136482 -0.891746 -0.451334 -0.0329707 -0.983912 -0.128306 -0.124319 -0.990265 -0.0616547 -0.124796 -0.959155 0.244389 0.142462 -0.889673 0.411992 0.196836 -0.975611 0.180141 0.125426 -0.973712 0.186042 0.131425 -0.890718 0.426795 0.15642 -0.629065 0.777353 2.64861e-07 -0.79501 0.567537 0.214153 -0.890685 0.427361 0.155056 -0.746169 0.621847 0.237776 -0.890663 0.427748 0.154114 -0.890694 0.427233 -0.155357 -0.959155 0.244388 -0.142464 -0.889673 0.411992 -0.196838 -0.746167 0.621848 -0.237779 -0.890662 0.427748 -0.154116 -0.79501 0.567536 -0.214154 -0.890685 0.427361 -0.155055 -0.999087 0.0394495 0.0163827 -0.999116 0.038172 0.0176106 -0.973711 0.186048 -0.131422 -0.975611 0.180147 -0.125423 -0.996175 -0.0332649 0.0807984 -0.991009 -0.100371 0.0884716 -0.96128 -0.27452 0.0240883 -0.995283 -0.0382954 0.0891304 -0.996772 -0.025396 0.0761563 -0.994669 -0.0431176 0.0936718 -0.996624 -0.0259377 0.0778954 -0.967391 -0.249889 0.0413514 -0.962947 -0.269664 -0.00383302 -0.975094 -0.221792 7.14525e-05 -0.976176 -0.216981 0 -0.963672 -0.265576 0.028382 -0.980187 -0.198074 9.31323e-10 -0.971128 -0.237502 0.0224174 -0.971341 -0.234769 -0.0371382 -0.979833 -0.199818 0 -0.969957 -0.241895 -0.0258958 -0.974389 -0.224871 9.31323e-10 -0.962188 -0.270485 -0.032123 -0.983153 0.00592415 -0.18269 -0.983724 0.00679852 -0.179556 -0.998473 0.0489541 -0.0255965 -0.974232 0.046855 -0.22063 -0.983723 0.00682261 -0.179563 -0.975578 0.0119534 0.21933 -0.977042 -0.0113064 0.212745 -0.903798 -0.0307448 0.426855 -0.977439 -0.00480526 0.211163 -0.978887 0.0336803 0.201608 -0.665317 0.0615367 0.74402 -0.179563 0.221893 0.958395 -0.111226 0.229966 0.966822 -0.65424 0.0537162 0.754377 -4.00957e-08 -7.68585e-08 1 -0.656375 0.062494 0.751842 -0.662364 0.0884949 0.743937 -0.662714 0.0626636 -0.746246 -0.66117 0.083143 -0.745615 -0.903798 -0.0307433 -0.426855 -0.662355 0.0884609 -0.743949 -0.656339 0.0623381 -0.751887 -0.976182 0.011239 -0.216663 -0.978879 0.0332563 -0.201715 -0.998326 0.0466371 0.0342 -0.978887 0.0336577 -0.201614 -0.977437 -0.00483899 -0.211172 -0.991397 0.0431205 0.123583 -0.978639 0.0518412 0.198942 -0.993766 0.0555555 0.0966572 -0.992958 0.0465587 0.108936 -0.990651 0.0553815 0.124676 -0.976878 0.0577952 0.205839 -0.989881 0.069421 0.123759 -0.989432 0.0440925 0.138132 -0.987491 0.0366956 0.153346 -0.970651 0.0816588 -0.226206 -0.994453 0.0753063 -0.0734359 -0.994972 0.0819059 -0.0576329 -0.978872 0.0737114 -0.190727 -0.977985 0.0784175 -0.19338 -0.979728 0.0733315 -0.186428 -0.96667 0.0576923 -0.249443 -0.984009 0.0550097 -0.169414 -0.979306 0.0703167 -0.189775 -0.970811 0.113733 0.211164 -0.864638 0.106376 0.491004 -0.871731 0.107139 0.478129 -0.970831 0.0968634 0.219328 -0.969693 0.120143 0.212744 -0.971357 0.0976145 0.216649 -0.976489 0.0760416 0.201709 -0.136171 -0.216134 0.966821 -0.65925 0.0110647 0.751842 -0.203181 -0.200495 0.958394 -0.668034 0.0130055 0.744017 -0.656153 0.0195424 0.754374 -0.66564 0.0114839 0.746184 -0.666336 -0.00897737 0.745598 -0.668094 -0.0140909 -0.743943 -0.864648 0.106343 -0.490995 -0.871725 0.107152 -0.478135 -0.665571 0.0115962 -0.746244 -0.666321 -0.00893177 -0.745612 -0.667953 0.0131102 -0.744088 -0.203029 -0.200346 -0.958458 -0.656085 0.019724 -0.754429 -0.976538 0.0756648 -0.201613 -0.998402 0.0476849 -0.0303122 -0.997888 0.0628701 -0.0163199 -0.971354 0.0976292 -0.216656 -0.976488 0.0760533 -0.201712 -0.970828 0.0968776 -0.219335 -0.96969 0.120163 -0.212749 -0.992398 0.0804681 0.0931136 -0.992243 0.0808222 0.0944559 -0.96961 0.19789 -0.143862 -0.982818 0.155025 -0.100182 -0.996199 0.0827906 -0.0270795 -0.9836 0.163087 -0.0770291 -0.982888 0.154727 -0.0999513 -0.960312 0.274699 -0.048378 -0.982868 0.154715 -0.100167 -0.989611 -0.0702851 0.125416 -0.994121 -0.0436471 0.0990853 -0.962974 -0.219964 0.155872 -0.998217 -0.0387356 0.045422 -0.994121 -0.0436353 0.0990967 -0.853469 -0.474312 0.215915 -0.977239 -0.204957 0.0547366 -0.932752 -0.325023 0.155995 -0.811095 -0.533646 -0.239473 -0.962975 -0.219964 -0.15587 -0.95796 -0.269639 -0.0980185 -0.932751 -0.325024 -0.155995 -0.988382 -0.0763511 -0.131422 -0.994121 -0.0436495 -0.0990832 -0.997608 0.0680288 0.0122619 -0.996668 -0.0459254 -0.067413 -0.990099 0.125381 0.063113 -0.991765 0.116288 0.0536653 -0.967435 0.24975 0.0411562 -0.991411 0.128164 0.0260434 -0.989367 0.131338 0.0624844 -0.989066 0.13106 0.0676142 -0.961334 0.275385 0 -0.948721 0.315563 0.0186718 -0.949133 0.314876 0.000194905 -0.966471 0.255198 0.0284153 -0.952189 0.30426 0.0275911 -0.960252 0.278342 0.0210439 -0.965239 0.26137 0 -0.955013 0.296073 -0.0170535 -0.961784 0.270793 -0.0405415 -0.956193 0.29169 -0.0247318 -0.947368 0.318558 -0.0318406 -0.999104 -0.0392105 -0.0159352 -0.998441 0.0558215 3.09347e-08 -0.994315 0.105637 0.0133802 -0.988506 0.150341 0.0159066 -0.994314 0.105643 0.0133602 -0.983196 0.18201 0.0140616 -0.983196 0.182008 -0.0140759 -0.988506 0.150341 -0.0159066 -0.994315 0.105639 -0.0133695 -0.994314 0.105643 -0.0133602 -0.999104 -0.0392112 0.0159315 -0.997357 -0.0712791 0.0140702 -0.997357 -0.0712806 -0.0140521 -0.998441 0.0558216 3.11608e-09 -0.988506 0.150338 -0.0159211 -0.999893 0.00586326 0.0134023 -0.999104 -0.0392135 0.0159218 -0.997357 -0.0712786 0.0140733 -0.997357 -0.0712802 -0.0140612 -0.999104 -0.0392135 -0.0159218 -0.999893 0.00586502 -0.0134135 -0.988506 0.150339 0.015917 -0.983196 0.18201 -0.0140679 1.5283e-05 -1.17086e-06 1 0 0 1 -0.00265985 -0.0484397 0.998823 3.29133e-05 -1.93468e-06 1 -0.0558216 -0.998441 -0 -0.050567 -0.904278 0.423938 -0.0558225 -0.997597 -0.0410299 3.29264e-05 -1.70412e-06 -1 0 0 -1 -0.00188574 -0.0328639 -0.999458 0.05586 0.998439 7.47808e-08 0.0558207 0.998441 -7.47808e-08 0.0498184 0.891244 -0.450779 0.0557251 0.997599 0.0411273 -7.09034e-06 -7.30871e-08 -1 -2.41515e-05 8.80779e-07 -1 -3.41378e-05 1.62916e-06 -1 0.00200368 0.0349753 -0.999386 -2.62638e-08 -4.69763e-07 -1 -4.75696e-08 -8.50845e-07 -1 8.58516e-07 -1.70058e-05 -1 1.43256e-06 -6.73913e-06 -1 -2.37894e-06 -1.01868e-05 -1 8.66453e-07 -2.84058e-07 1 8.92178e-07 1.85735e-07 1 0 0 1 0.0496098 0.887344 0.458432 0.00207919 0.0371896 0.999306 </float_array>
          <technique_common>
            <accessor count="462" offset="0" source="#meshId3-bitangents-array" stride="3">
              <param name="X" type="float" />
              <param name="Y" type="float" />
              <param name="Z" type="float" />
            </accessor>
          </technique_common>
        </source>
        <source id="meshId3-tex0" name="meshId3-tex0">
          <float_array id="meshId3-tex0-array" count="924"> 0.738653 0.686037 0.612196 0.686037 0.612196 0.682524 0.738653 0.682524 0.738653 0.695555 0.612196 0.695555 0.612196 0.693287 0.738653 0.693287 0.738653 0.702581 0.612196 0.702581 0.612196 0.699068 0.738653 0.699068 0.86511 0.704849 0.86511 0.707116 0.738653 0.707116 0.738653 0.704849 0.86511 0.693287 0.86511 0.69102 0.868623 0.69102 0.868623 0.693287 0.184169 0.27505 0.185299 0.303009 0.182816 0.314595 0.179136 0.290377 0.174129 0.326182 0.180334 0.326182 0.182816 0.337768 0.176814 0.343496 0.180911 0.357836 0.185299 0.349354 0.191293 0.354154 0.189208 0.365926 0.197287 0.370908 0.197287 0.358953 0.20328 0.354154 0.205365 0.365926 0.213661 0.357836 0.209274 0.349354 0.211756 0.337768 0.217758 0.343496 0.220444 0.326182 0.214239 0.326182 0.211756 0.314595 0.218202 0.290337 0.214042 0.27505 0.209274 0.303009 0.20328 0.29821 0.206959 0.272213 0.198685 0.270251 0.197287 0.293411 0.191293 0.29821 0.190964 0.272498 0.206153 0.076122 0.212947 0.0292517 0.216199 0.076122 0.21096 0.080678 0.209405 0.122992 0.219451 0.122992 0.219376 0.146195 0.208856 0.147283 0.20933 0.171178 0.219301 0.169398 0.219533 0.184337 0.209009 0.187074 0.662814 0.237359 0.652054 0.233959 0.652303 0.218207 0.663399 0.221092 0.663063 0.204333 0.652552 0.202455 0.652505 0.177976 0.663577 0.179123 0.663015 0.153497 0.652457 0.153497 0.655875 0.104241 0.669769 0.102113 0.197296 0.0292516 0.193584 0.0741143 0.189312 0.122992 0.199358 0.122992 0.199358 0.147975 0.189861 0.147283 0.189387 0.171178 0.199358 0.172958 0.199358 0.189345 0.189708 0.187074 0.684333 0.237359 0.673574 0.240759 0.673574 0.223485 0.683748 0.221092 0.684084 0.204332 0.673574 0.20621 0.673574 0.179853 0.68357 0.179123 0.684132 0.153497 0.673574 0.153497 0.682881 0.104241 0.687706 0.109084 0.794131 0.285491 0.795188 0.259343 0.802256 0.296327 0.79886 0.299905 0.803521 0.333312 0.809324 0.333312 0.805303 0.35208 0.801009 0.349505 0.797178 0.362916 0.801281 0.370849 0.791572 0.378623 0.789418 0.370504 0.781863 0.375179 0.781863 0.386397 0.772154 0.378623 0.774307 0.370504 0.766548 0.362916 0.762445 0.370849 0.758423 0.35208 0.762716 0.349505 0.760205 0.333312 0.754401 0.333312 0.758067 0.296327 0.762285 0.299867 0.766192 0.285491 0.761732 0.259343 0.770489 0.259343 0.772799 0.282834 0.780555 0.281002 0.779246 0.259343 0.787217 0.259343 0.787791 0.283104 0.18881 0.326181 0.182816 0.314595 0.187684 0.317597 0.191293 0.337768 0.182816 0.337768 0.187684 0.334766 0.197287 0.342567 0.191293 0.354154 0.193939 0.343246 0.20328 0.337768 0.20328 0.354154 0.200633 0.343246 0.205763 0.326181 0.211756 0.337768 0.206889 0.334766 0.20328 0.314595 0.211756 0.314595 0.206889 0.317597 0.197287 0.309796 0.20328 0.29821 0.200633 0.309117 0.191293 0.314595 0.191293 0.29821 0.193939 0.309117 0.787468 0.322475 0.793074 0.311639 0.795396 0.322475 0.790844 0.325283 0.789791 0.333312 0.797718 0.333311 0.795396 0.344148 0.790844 0.34134 0.787468 0.344148 0.793074 0.354984 0.787468 0.359472 0.784993 0.349271 0.781863 0.348636 0.781863 0.363961 0.776258 0.359472 0.778733 0.349271 0.776258 0.344148 0.770652 0.354984 0.76833 0.344148 0.772882 0.34134 0.773935 0.333312 0.766008 0.333311 0.76833 0.322475 0.772882 0.325283 0.776258 0.322475 0.770652 0.311639 0.776258 0.30715 0.778733 0.317352 0.781863 0.317987 0.781863 0.302662 0.787468 0.30715 0.784993 0.317352 0.609891 0.704849 0.609891 0.702581 0.611043 0.702581 0.611043 0.704849 0.60989 0.699068 0.60989 0.695555 0.611043 0.695555 0.611043 0.699068 0.60989 0.693287 0.609891 0.69102 0.611043 0.69102 0.611043 0.693287 0.60989 0.682524 0.60989 0.679011 0.611043 0.679011 0.611043 0.682524 0.609891 0.688528 0.609891 0.686037 0.611043 0.686037 0.611043 0.688529 0.86511 0.688528 0.86511 0.69102 0.738653 0.69102 0.738653 0.688528 0.868623 0.686037 0.872136 0.686037 0.872136 0.688528 0.868623 0.688529 0.738653 0.712099 0.612196 0.712099 0.612196 0.709607 0.738653 0.709607 0.609891 0.709607 0.609891 0.707116 0.611043 0.707116 0.611043 0.709607 0.612196 0.679011 0.738653 0.679011 0.86511 0.679011 0.86511 0.682524 0.86511 0.686037 0.612196 0.69102 0.86511 0.693287 0.86511 0.695555 0.612196 0.695555 0.738653 0.695555 0.86511 0.695555 0.86511 0.699068 0.86511 0.702581 0.612196 0.707116 0.612196 0.704849 0.612196 0.702581 0.738653 0.702581 0.86511 0.702581 0.872136 0.69102 0.872136 0.693287 0.872136 0.695555 0.868623 0.695555 0.86511 0.695555 0.868623 0.693287 0.179136 0.290377 0.174129 0.326182 0.167924 0.326182 0.175481 0.286637 0.179136 0.290377 0.175481 0.286637 0.183039 0.247092 0.184169 0.27505 0.179136 0.290377 0.180911 0.357836 0.176524 0.366318 0.172224 0.34625 0.172224 0.34625 0.189208 0.365926 0.197287 0.382863 0.186905 0.37459 0.189208 0.365926 0.186905 0.37459 0.189208 0.365926 0.205365 0.365926 0.213661 0.357836 0.218049 0.366318 0.207668 0.37459 0.205365 0.365926 0.207668 0.37459 0.205365 0.365926 0.220444 0.326182 0.226649 0.326182 0.222349 0.34625 0.222349 0.34625 0.218202 0.290337 0.214042 0.27505 0.218811 0.247092 0.22273 0.286637 0.218202 0.290337 0.22273 0.286637 0.218202 0.290337 0.206959 0.272213 0.198685 0.270251 0.200084 0.247092 0.209448 0.247092 0.206959 0.272213 0.209448 0.247092 0.206959 0.272213 0.190964 0.272498 0.191561 0.247092 0.190964 0.272498 0.191561 0.247092 0.190964 0.272498 0.216199 0.076122 0.21096 0.080678 0.209405 0.122992 0.206153 0.076122 0.21096 0.080678 0.219376 0.146195 0.208856 0.147283 0.20933 0.171178 0.208856 0.147283 0.208856 0.147283 0.219533 0.184337 0.219765 0.199276 0.209562 0.202504 0.209009 0.187074 0.199358 0.205732 0.209009 0.187074 0.209009 0.187074 0.652303 0.218207 0.663399 0.221092 0.663063 0.204333 0.663399 0.221092 0.663399 0.221092 0.652505 0.177976 0.663577 0.179123 0.663015 0.153497 0.663577 0.179123 0.663577 0.179123 0.655875 0.104241 0.659293 0.0549856 0.675741 0.0549855 0.669769 0.102113 0.675741 0.0549855 0.692188 0.0549855 0.682881 0.104241 0.669769 0.102113 0.669769 0.102113 0.193584 0.0741143 0.189312 0.122992 0.179266 0.122992 0.180456 0.076122 0.193584 0.0741143 0.180456 0.076122 0.181646 0.0292515 0.197296 0.0292516 0.193584 0.0741143 0.189861 0.147283 0.189387 0.171178 0.179416 0.169398 0.179341 0.146195 0.189861 0.147283 0.179341 0.146195 0.189861 0.147283 0.189155 0.202504 0.189708 0.187074 0.178951 0.199276 0.179183 0.184337 0.189708 0.187074 0.179183 0.184337 0.189708 0.187074 0.683748 0.221092 0.684084 0.204332 0.694595 0.202455 0.694844 0.218207 0.683748 0.221092 0.694844 0.218207 0.695093 0.233959 0.683748 0.221092 0.68357 0.179123 0.684132 0.153497 0.694689 0.153497 0.694642 0.177976 0.68357 0.179123 0.694642 0.177976 0.68357 0.179123 0.693439 0.104241 0.693439 0.104241 0.802256 0.296327 0.79886 0.299905 0.803521 0.333312 0.795396 0.322475 0.79886 0.299905 0.794131 0.285491 0.79886 0.299905 0.805303 0.35208 0.801009 0.349505 0.797178 0.362916 0.795396 0.344148 0.801009 0.349505 0.791572 0.378623 0.787468 0.359472 0.789418 0.370504 0.772154 0.378623 0.766548 0.362916 0.776258 0.359472 0.774307 0.370504 0.758423 0.35208 0.762716 0.349505 0.760205 0.333312 0.76833 0.344148 0.758067 0.296327 0.762285 0.299867 0.766192 0.285491 0.76833 0.322475 0.762285 0.299867 0.762285 0.299867 0.770489 0.259343 0.772799 0.282834 0.780555 0.281002 0.776258 0.30715 0.772799 0.282834 0.772799 0.282834 0.787217 0.259343 0.787791 0.283104 0.787468 0.30715 0.787791 0.283104 0.787791 0.283104 0.191293 0.314595 0.197287 0.326181 0.187684 0.334766 0.191293 0.337768 0.187684 0.334766 0.193939 0.343246 0.200633 0.343246 0.20328 0.337768 0.206889 0.334766 0.206889 0.334766 0.20328 0.314595 0.200633 0.309117 0.193939 0.309117 0.781863 0.333312 0.787468 0.322475 0.790844 0.34134 0.787468 0.344148 0.784993 0.349271 0.778733 0.349271 0.776258 0.344148 0.772882 0.34134 0.776258 0.322475 0.784993 0.317352 0.611043 0.704849 0.611043 0.704849 0.609891 0.704849 0.611043 0.704849 0.611043 0.702581 0.60989 0.702581 0.60989 0.699068 0.611043 0.693287 0.611043 0.695555 0.60989 0.693287 0.611043 0.682524 0.611043 0.686037 0.609891 0.686037 0.60989 0.682524 0.612196 0.686037 0.612196 0.688528 0.611043 0.688529 0.609891 0.688528 0.738653 0.686037 0.86511 0.686037 0.86511 0.688528 0.868623 0.688529 0.86511 0.686037 0.86511 0.709607 0.86511 0.712099 0.611043 0.712099 0.609891 0.712099 0.609891 0.709607 </float_array>
          <technique_common>
            <accessor count="462" offset="0" source="#meshId3-tex0-array" stride="2">
              <param name="S" type="float" />
              <param name="T" type="float" />
            </accessor>
          </technique_common>
        </source>
        <vertices id="meshId3-vertices">
          <input semantic="POSITION" source="#meshId3-positions" />
          <input semantic="NORMAL" source="#meshId3-normals" />
          <input semantic="TANGENT" source="#meshId3-tangents" />
          <input semantic="BINORMAL" source="#meshId3-bitangents" />
          <input semantic="TEXCOORD" source="#meshId3-tex0"  />
        </vertices>
        <polylist count="428" material="defaultMaterial">
          <input offset="0" semantic="VERTEX" source="#meshId3-vertices" />
          <vcount>3 3 3 3 3 3 3 3 3 3 3 3 3 3 3 3 3 3 3 3 3 3 3 3 3 3 3 3 3 3 3 3 3 3 3 3 3 3 3 3 3 3 3 3 3 3 3 3 3 3 3 3 3 3 3 3 3 3 3 3 3 3 3 3 3 3 3 3 3 3 3 3 3 3 3 3 3 3 3 3 3 3 3 3 3 3 3 3 3 3 3 3 3 3 3 3 3 3 3 3 3 3 3 3 3 3 3 3 3 3 3 3 3 3 3 3 3 3 3 3 3 3 3 3 3 3 3 3 3 3 3 3 3 3 3 3 3 3 3 3 3 3 3 3 3 3 3 3 3 3 3 3 3 3 3 3 3 3 3 3 3 3 3 3 3 3 3 3 3 3 3 3 3 3 3 3 3 3 3 3 3 3 3 3 3 3 3 3 3 3 3 3 3 3 3 3 3 3 3 3 3 3 3 3 3 3 3 3 3 3 3 3 3 3 3 3 3 3 3 3 3 3 3 3 3 3 3 3 3 3 3 3 3 3 3 3 3 3 3 3 3 3 3 3 3 3 3 3 3 3 3 3 3 3 3 3 3 3 3 3 3 3 3 3 3 3 3 3 3 3 3 3 3 3 3 3 3 3 3 3 3 3 3 3 3 3 3 3 3 3 3 3 3 3 3 3 3 3 3 3 3 3 3 3 3 3 3 3 3 3 3 3 3 3 3 3 3 3 3 3 3 3 3 3 3 3 3 3 3 3 3 3 3 3 3 3 3 3 3 3 3 3 3 3 3 3 3 3 3 3 3 3 3 3 3 3 3 3 3 3 3 3 3 3 3 3 3 3 3 3 3 3 3 3 3 3 3 3 3 3 3 3 3 3 3 3 3 3 3 3 3 3 3 3 3 3 3 3 3 3 3 3 3 3 3 3 3 3 3 3 3 3 3 3 3 3 3 3 3 3 3 3 3 3 3 3 3 3 </vcount>
          <p>3 0 1 1 2 3 7 4 5 5 6 7 11 8 9 9 10 11 15 12 13 13 14 15 19 16 17 17 18 19 23 20 21 21 22 23 27 24 25 25 26 27 31 28 29 29 30 31 35 32 33 33 34 35 39 36 37 37 38 39 43 40 41 41 42 43 47 44 45 45 46 47 51 48 49 49 50 51 55 52 53 53 54 55 59 56 57 57 58 59 63 60 61 61 62 63 67 64 65 65 66 67 71 68 69 69 70 71 75 72 73 73 74 75 77 76 53 53 52 77 81 78 79 79 80 81 85 82 83 83 84 85 89 86 87 87 88 89 93 90 91 91 92 93 97 94 95 95 96 97 101 98 99 99 100 101 105 102 103 103 104 105 109 106 107 107 108 109 113 110 111 111 112 113 117 114 115 115 116 117 121 118 119 119 120 121 125 122 123 123 124 125 129 126 127 127 128 129 132 130 25 25 131 132 135 133 29 29 134 135 138 136 33 33 137 138 141 139 37 37 140 141 144 142 41 41 143 144 147 145 45 45 146 147 150 148 49 49 149 150 153 151 21 21 152 153 157 154 155 155 156 157 161 158 159 159 160 161 165 162 163 163 164 165 169 166 167 167 168 169 173 170 171 171 172 173 177 174 175 175 176 177 181 178 179 179 180 181 185 182 183 183 184 185 189 186 187 187 188 189 193 190 191 191 192 193 197 194 195 195 196 197 201 198 199 199 200 201 205 202 203 203 204 205 209 206 207 207 208 209 213 210 211 211 212 213 217 214 215 215 216 217 221 218 219 219 220 221 3 2 222 222 223 3 3 223 224 224 225 3 3 225 226 226 0 3 7 6 227 227 208 7 7 208 207 207 228 7 7 228 229 229 4 7 11 10 230 230 231 11 11 231 232 232 233 11 11 233 234 234 8 11 15 14 235 235 236 15 15 236 237 237 238 15 15 238 239 239 12 15 19 18 240 240 241 19 19 241 242 242 243 19 245 243 244 244 16 245 246 131 25 25 24 246 250 247 248 248 249 250 254 251 252 252 253 254 27 134 29 29 28 27 27 255 256 256 257 27 27 258 248 248 247 27 259 137 33 33 32 259 262 32 260 260 261 262 264 263 256 256 255 264 265 140 37 37 36 265 269 266 267 267 268 269 271 270 260 260 32 271 39 143 41 41 40 39 39 272 273 273 274 39 39 275 267 267 266 39 276 146 45 45 44 276 280 277 278 278 279 280 282 281 273 273 272 282 283 149 49 49 48 283 287 284 285 285 286 287 289 288 278 278 277 289 290 152 21 21 20 290 292 253 252 252 291 292 294 293 285 285 284 294 296 295 57 57 56 296 299 297 79 79 298 299 301 300 61 61 60 301 303 302 83 83 80 303 304 80 79 79 297 304 308 305 306 306 307 308 310 307 309 309 84 310 311 84 83 83 302 311 313 312 69 69 68 313 315 314 91 91 88 315 316 88 87 87 64 316 318 317 73 73 72 318 320 319 95 95 92 320 321 92 91 91 314 321 325 322 323 323 324 325 329 326 327 327 328 329 330 96 95 95 319 330 331 298 79 79 78 331 335 332 333 333 334 335 339 336 337 337 338 339 340 80 83 83 82 340 344 341 342 342 343 344 346 345 333 333 332 346 348 84 309 309 347 348 351 347 349 349 350 351 353 352 342 342 341 353 354 88 91 91 90 354 358 355 356 356 357 358 361 359 360 360 86 361 362 92 95 95 94 362 366 363 364 364 365 366 368 367 356 356 355 368 97 328 327 327 369 97 97 370 364 364 363 97 372 371 103 103 102 372 375 373 159 159 374 375 377 156 155 155 376 377 379 378 107 107 106 379 382 380 163 163 381 382 379 160 159 159 373 379 109 383 111 111 110 109 385 110 167 167 384 385 385 164 163 163 380 385 113 386 115 115 114 113 389 387 171 171 388 389 389 168 167 167 110 389 391 390 119 119 118 391 391 392 175 175 393 391 117 172 171 171 387 117 395 394 123 123 122 395 398 396 179 179 397 398 399 176 175 175 392 399 401 400 127 127 126 401 404 402 183 183 403 404 405 180 179 179 396 405 407 406 99 99 98 407 409 376 155 155 408 409 410 184 183 183 402 410 132 22 21 21 151 132 132 411 412 412 130 132 413 26 25 25 130 413 415 130 412 412 414 415 416 30 29 29 133 416 138 414 412 412 136 138 417 34 33 33 136 417 417 136 412 412 418 417 419 38 37 37 139 419 420 418 412 412 142 420 147 42 41 41 142 147 147 142 412 412 421 147 422 46 45 45 145 422 150 421 412 412 148 150 423 50 49 49 148 423 423 148 412 412 411 423 157 374 159 159 158 157 157 158 424 424 425 157 426 381 163 163 162 426 426 427 424 424 158 426 428 384 167 167 166 428 428 166 424 424 427 428 429 388 171 171 170 429 429 430 424 424 166 429 431 393 175 175 174 431 173 174 424 424 430 173 177 397 179 179 178 177 177 432 424 424 174 177 181 403 183 183 182 181 181 182 424 424 432 181 433 408 155 155 154 433 185 425 424 424 182 185 434 188 237 237 236 434 435 236 235 235 220 435 437 220 219 219 436 437 193 192 230 230 10 193 193 10 9 9 438 193 193 438 439 439 440 193 441 196 227 227 6 441 441 6 5 5 442 441 197 442 191 191 443 197 444 200 222 222 2 444 444 2 1 1 445 444 201 445 446 446 447 201 450 204 448 448 449 450 450 449 227 227 196 450 205 196 195 195 451 205 209 208 227 227 449 209 209 449 448 448 452 209 209 452 453 453 206 209 213 212 240 240 18 213 455 18 17 17 454 455 455 454 456 456 210 455 217 216 235 235 14 217 217 14 13 13 457 217 217 457 458 458 214 217 221 220 235 235 216 221 221 216 215 215 459 221 221 459 460 460 461 221 </p>
        </polylist>
      </mesh>
    </geometry>
    <geometry id="meshId4" name="meshId4_name" >
      <mesh>
        <source id="meshId4-positions" name="meshId4-positions">
          <float_array id="meshId4-positions-array" count="1386"> -0.106856 -0.106312 0.218431 -0.728563 -0.0715535 0.192264 -0.729465 -0.0876996 0.192264 -0.107759 -0.122458 0.218431 -0.105019 -0.106415 0.17466 -0.726726 -0.0716562 0.148492 -0.727164 -0.0716317 0.158921 -0.105457 -0.106391 0.185088 -0.106825 -0.138707 0.17466 -0.728532 -0.103948 0.148492 -0.727629 -0.0878023 0.148492 -0.105922 -0.122561 0.17466 0.514444 -0.173442 0.211256 0.514007 -0.173417 0.221684 -0.1077 -0.138658 0.195516 -0.107262 -0.138683 0.185088 0.51625 -0.141149 0.211256 0.515812 -0.141125 0.221684 0.514909 -0.157271 0.221684 0.515347 -0.157295 0.211256 -0.777106 -0.11221 0.147859 -0.814346 -0.121104 0.147703 -0.829374 -0.120264 0.144027 -0.796804 -0.109475 0.140857 -0.843659 -0.111854 0.132759 -0.844402 -0.119424 0.140351 -0.859685 -0.11857 0.142751 -0.866375 -0.109328 0.135092 -0.885412 -0.10952 0.139316 -0.874967 -0.117715 0.145151 -0.881553 -0.117347 0.152221 -0.896398 -0.107973 0.149021 -0.903404 -0.108514 0.15863 -0.888138 -0.116979 0.159291 -0.882168 -0.117313 0.166889 -0.897228 -0.107927 0.16879 -0.887094 -0.109426 0.179389 -0.876198 -0.117646 0.174487 -0.86117 -0.118487 0.178162 -0.868477 -0.10921 0.185191 -0.846037 -0.111721 0.189431 -0.846143 -0.119327 0.181838 -0.83086 -0.120181 0.179438 -0.798759 -0.109407 0.18866 -0.77864 -0.112124 0.184413 -0.815577 -0.121036 0.177038 -0.808992 -0.121404 0.169969 -0.77455 -0.112094 0.175901 -0.771574 -0.112519 0.165886 -0.802406 -0.121772 0.162899 -0.808376 -0.121438 0.155301 -0.774109 -0.112246 0.156314 -0.790695 -0.0934416 0.133812 -0.739866 -0.103315 0.148015 -0.791391 -0.1038 0.136591 -0.796015 -0.0981188 0.133943 -0.84222 -0.0939266 0.122387 -0.842916 -0.104285 0.125166 -0.869387 -0.102805 0.129323 -0.870988 -0.0917873 0.126768 -0.899256 -0.0907378 0.131344 -0.895857 -0.101325 0.13348 -0.907263 -0.100687 0.145725 -0.911828 -0.0895834 0.144589 -0.923833 -0.0893638 0.157728 -0.918669 -0.10005 0.15797 -0.908329 -0.100628 0.17113 -0.912971 -0.0895195 0.171827 -0.901553 -0.0906094 0.186085 -0.897989 -0.101206 0.18429 -0.87196 -0.102661 0.190657 -0.873767 -0.0916319 0.193017 -0.845468 -0.093745 0.199802 -0.845931 -0.104116 0.197023 -0.793817 -0.103664 0.194405 -0.790867 -0.0901468 0.195634 -0.738963 -0.0871686 0.148015 -0.787831 -0.0805946 0.135738 -0.841061 -0.0731973 0.122387 -0.841524 -0.0835685 0.119608 -0.87209 -0.0818596 0.124408 -0.869888 -0.0721167 0.126768 -0.898097 -0.0700086 0.131344 -0.902655 -0.0801508 0.129208 -0.915826 -0.0794144 0.143347 -0.91072 -0.0697544 0.144589 -0.922674 -0.0686345 0.157728 -0.928996 -0.0786781 0.157486 -0.917057 -0.0793456 0.172683 -0.911862 -0.0696905 0.171827 -0.900394 -0.0698801 0.186085 -0.905117 -0.0800131 0.187879 -0.875061 -0.0816935 0.19523 -0.872668 -0.0719613 0.193017 -0.84431 -0.0730158 0.199802 -0.845006 -0.0833739 0.202582 -0.792451 -0.0771469 0.197184 -0.79724 -0.0721269 0.196204 -0.774196 -0.0601593 0.147859 -0.73806 -0.0710225 0.148015 -0.789329 -0.0669243 0.136591 -0.794214 -0.0611664 0.140824 -0.840493 -0.0552209 0.132759 -0.840598 -0.0628262 0.125166 -0.867069 -0.0613463 0.129323 -0.863349 -0.0551997 0.135092 -0.882246 -0.0528866 0.139316 -0.893539 -0.0598663 0.13348 -0.904945 -0.0592286 0.145725 -0.893336 -0.0531992 0.149021 -0.900237 -0.0518807 0.15863 -0.916351 -0.0585909 0.15797 -0.906011 -0.059169 0.17113 -0.894166 -0.0531528 0.16879 -0.883927 -0.0527926 0.179389 -0.895671 -0.0597471 0.18429 -0.869642 -0.0612024 0.190657 -0.865451 -0.0550823 0.185191 -0.842871 -0.055088 0.189431 -0.843613 -0.0626576 0.197023 -0.791755 -0.0667887 0.194405 -0.796166 -0.0610166 0.188678 -0.77573 -0.0600735 0.184413 -0.739897 -0.0709198 0.191787 -0.739416 -0.0709467 0.18033 -0.771663 -0.060512 0.175925 -0.768664 -0.0604686 0.165886 -0.738935 -0.0709736 0.168872 -0.738498 -0.0709981 0.158444 -0.771212 -0.0604337 0.156294 -0.844992 -0.122177 0.150723 -0.829374 -0.120264 0.144027 -0.833652 -0.121836 0.149817 -0.860275 -0.121322 0.153123 -0.859685 -0.11857 0.142751 -0.856108 -0.120581 0.148872 -0.86686 -0.120954 0.160193 -0.881553 -0.117347 0.152221 -0.867544 -0.120345 0.15606 -0.860891 -0.121288 0.167791 -0.882168 -0.117313 0.166889 -0.867888 -0.120326 0.164251 -0.845863 -0.122128 0.171466 -0.86117 -0.118487 0.178162 -0.857094 -0.120526 0.172372 -0.83058 -0.122983 0.169067 -0.83086 -0.120181 0.179438 -0.834638 -0.121781 0.173317 -0.823995 -0.123351 0.161997 -0.808992 -0.121404 0.169969 -0.823247 -0.122822 0.16613 -0.829965 -0.123017 0.154399 -0.808376 -0.121438 0.155301 -0.822903 -0.122841 0.157939 -0.825639 -0.0456543 0.154399 -0.810331 -0.049296 0.147703 -0.825359 -0.0484559 0.144027 -0.829435 -0.0464168 0.149817 -0.840667 -0.0448141 0.150723 -0.840387 -0.0476157 0.140351 -0.85567 -0.0467612 0.142751 -0.851892 -0.0451613 0.148872 -0.85595 -0.0439597 0.153123 -0.870953 -0.0459068 0.145151 -0.877538 -0.0455386 0.152221 -0.863282 -0.0441207 0.15606 -0.862535 -0.0435915 0.160193 -0.884123 -0.0451704 0.159291 -0.878153 -0.0455042 0.166889 -0.863626 -0.0441015 0.164251 -0.856565 -0.0439253 0.167791 -0.872184 -0.045838 0.174487 -0.857156 -0.0466782 0.178162 -0.852878 -0.0451062 0.172372 -0.841537 -0.0447655 0.171466 -0.842128 -0.0475183 0.181838 -0.826845 -0.0483728 0.179438 -0.830421 -0.0463617 0.173317 -0.826255 -0.0456199 0.169067 -0.811562 -0.0492272 0.177038 -0.804977 -0.0495954 0.169969 -0.818986 -0.0465973 0.16613 -0.819669 -0.0459881 0.161997 -0.798392 -0.0499636 0.162899 -0.804362 -0.0496298 0.155301 -0.818642 -0.0466166 0.157939 -0.740303 -0.10329 0.158444 -0.739866 -0.103315 0.148015 -0.734199 -0.103632 0.148254 -0.734636 -0.103607 0.158682 -0.738963 -0.0871686 0.148015 -0.73806 -0.0710225 0.148015 -0.732393 -0.0713394 0.148254 -0.733296 -0.0874855 0.148254 -0.738498 -0.0709981 0.158444 -0.738935 -0.0709736 0.168872 -0.733268 -0.0712904 0.169111 -0.732831 -0.0713149 0.158682 -0.7408 -0.0870659 0.191787 -0.741702 -0.103212 0.191787 -0.736035 -0.103529 0.192025 -0.735133 -0.0873828 0.192025 -0.739416 -0.0709467 0.18033 -0.739897 -0.0709198 0.191787 -0.73423 -0.0712367 0.192025 -0.733749 -0.0712635 0.180568 0.515331 -0.141098 0.233141 0.515812 -0.141125 0.221684 -0.105895 -0.106366 0.195516 -0.106375 -0.106339 0.206974 0.513948 -0.157217 0.244599 0.513045 -0.173363 0.244599 0.513526 -0.17339 0.233141 0.514429 -0.157244 0.233141 -0.108661 -0.138605 0.218431 -0.730368 -0.103846 0.192264 -0.729887 -0.103873 0.180807 -0.108181 -0.138631 0.206974 -0.741222 -0.103239 0.18033 -0.740741 -0.103266 0.168872 -0.735074 -0.103583 0.169111 -0.735555 -0.103556 0.180568 -0.730368 -0.103846 0.192264 -0.108661 -0.138605 0.218431 0.513045 -0.173363 0.244599 0.513948 -0.157217 0.244599 0.514851 -0.141071 0.244599 -0.727601 -0.0716073 0.169349 0.51625 -0.141149 0.211256 0.516687 -0.141174 0.200827 -0.726726 -0.0716562 0.148492 -0.105019 -0.106415 0.17466 0.516687 -0.141174 0.200827 0.515785 -0.15732 0.200827 0.514882 -0.173466 0.200827 -0.729407 -0.103899 0.169349 -0.728969 -0.103924 0.158921 -0.728532 -0.103948 0.148492 -0.106825 -0.138707 0.17466 0.514882 -0.173466 0.200827 0.514007 -0.173417 0.221684 0.514444 -0.173442 0.211256 0.514882 -0.173466 0.200827 0.515785 -0.15732 0.200827 0.516687 -0.141174 0.200827 0.515347 -0.157295 0.211256 -0.796804 -0.109475 0.140857 -0.843659 -0.111854 0.132759 -0.842916 -0.104285 0.125166 -0.791391 -0.1038 0.136591 -0.796804 -0.109475 0.140857 -0.791391 -0.1038 0.136591 -0.739866 -0.103315 0.148015 -0.777106 -0.11221 0.147859 -0.796804 -0.109475 0.140857 -0.885412 -0.10952 0.139316 -0.895857 -0.101325 0.13348 -0.869387 -0.102805 0.129323 -0.869387 -0.102805 0.129323 -0.896398 -0.107973 0.149021 -0.918669 -0.10005 0.15797 -0.907263 -0.100687 0.145725 -0.896398 -0.107973 0.149021 -0.907263 -0.100687 0.145725 -0.896398 -0.107973 0.149021 -0.897228 -0.107927 0.16879 -0.887094 -0.109426 0.179389 -0.897989 -0.101206 0.18429 -0.908329 -0.100628 0.17113 -0.897228 -0.107927 0.16879 -0.908329 -0.100628 0.17113 -0.897228 -0.107927 0.16879 -0.846037 -0.111721 0.189431 -0.845931 -0.104116 0.197023 -0.87196 -0.102661 0.190657 -0.87196 -0.102661 0.190657 -0.798759 -0.109407 0.18866 -0.77864 -0.112124 0.184413 -0.741702 -0.103212 0.191787 -0.793817 -0.103664 0.194405 -0.798759 -0.109407 0.18866 -0.793817 -0.103664 0.194405 -0.798759 -0.109407 0.18866 -0.77455 -0.112094 0.175901 -0.771574 -0.112519 0.165886 -0.740741 -0.103266 0.168872 -0.741222 -0.103239 0.18033 -0.77455 -0.112094 0.175901 -0.741222 -0.103239 0.18033 -0.77455 -0.112094 0.175901 -0.774109 -0.112246 0.156314 -0.740303 -0.10329 0.158444 -0.774109 -0.112246 0.156314 -0.740303 -0.10329 0.158444 -0.774109 -0.112246 0.156314 -0.791391 -0.1038 0.136591 -0.796015 -0.0981188 0.133943 -0.84222 -0.0939266 0.122387 -0.790695 -0.0934416 0.133812 -0.869387 -0.102805 0.129323 -0.870988 -0.0917873 0.126768 -0.899256 -0.0907378 0.131344 -0.870988 -0.0917873 0.126768 -0.870988 -0.0917873 0.126768 -0.907263 -0.100687 0.145725 -0.918669 -0.10005 0.15797 -0.923833 -0.0893638 0.157728 -0.911828 -0.0895834 0.144589 -0.923833 -0.0893638 0.157728 -0.928996 -0.0786781 0.157486 -0.911828 -0.0895834 0.144589 -0.911828 -0.0895834 0.144589 -0.908329 -0.100628 0.17113 -0.912971 -0.0895195 0.171827 -0.901553 -0.0906094 0.186085 -0.912971 -0.0895195 0.171827 -0.923833 -0.0893638 0.157728 -0.912971 -0.0895195 0.171827 -0.87196 -0.102661 0.190657 -0.873767 -0.0916319 0.193017 -0.845468 -0.093745 0.199802 -0.873767 -0.0916319 0.193017 -0.873767 -0.0916319 0.193017 -0.793817 -0.103664 0.194405 -0.741702 -0.103212 0.191787 -0.7408 -0.0870659 0.191787 -0.790867 -0.0901468 0.195634 -0.7408 -0.0870659 0.191787 -0.739897 -0.0709198 0.191787 -0.792451 -0.0771469 0.197184 -0.790867 -0.0901468 0.195634 -0.790867 -0.0901468 0.195634 -0.787831 -0.0805946 0.135738 -0.841061 -0.0731973 0.122387 -0.840598 -0.0628262 0.125166 -0.789329 -0.0669243 0.136591 -0.787831 -0.0805946 0.135738 -0.789329 -0.0669243 0.136591 -0.73806 -0.0710225 0.148015 -0.738963 -0.0871686 0.148015 -0.787831 -0.0805946 0.135738 -0.869888 -0.0721167 0.126768 -0.898097 -0.0700086 0.131344 -0.893539 -0.0598663 0.13348 -0.867069 -0.0613463 0.129323 -0.869888 -0.0721167 0.126768 -0.867069 -0.0613463 0.129323 -0.869888 -0.0721167 0.126768 -0.922674 -0.0686345 0.157728 -0.91072 -0.0697544 0.144589 -0.922674 -0.0686345 0.157728 -0.916351 -0.0585909 0.15797 -0.904945 -0.0592286 0.145725 -0.91072 -0.0697544 0.144589 -0.904945 -0.0592286 0.145725 -0.91072 -0.0697544 0.144589 -0.911862 -0.0696905 0.171827 -0.900394 -0.0698801 0.186085 -0.895671 -0.0597471 0.18429 -0.906011 -0.059169 0.17113 -0.911862 -0.0696905 0.171827 -0.906011 -0.059169 0.17113 -0.916351 -0.0585909 0.15797 -0.922674 -0.0686345 0.157728 -0.911862 -0.0696905 0.171827 -0.872668 -0.0719613 0.193017 -0.84431 -0.0730158 0.199802 -0.843613 -0.0626576 0.197023 -0.869642 -0.0612024 0.190657 -0.872668 -0.0719613 0.193017 -0.869642 -0.0612024 0.190657 -0.872668 -0.0719613 0.193017 -0.791755 -0.0667887 0.194405 -0.791755 -0.0667887 0.194405 -0.789329 -0.0669243 0.136591 -0.794214 -0.0611664 0.140824 -0.840493 -0.0552209 0.132759 -0.825359 -0.0484559 0.144027 -0.794214 -0.0611664 0.140824 -0.774196 -0.0601593 0.147859 -0.794214 -0.0611664 0.140824 -0.867069 -0.0613463 0.129323 -0.882246 -0.0528866 0.139316 -0.85567 -0.0467612 0.142751 -0.863349 -0.0551997 0.135092 -0.904945 -0.0592286 0.145725 -0.877538 -0.0455386 0.152221 -0.893336 -0.0531992 0.149021 -0.906011 -0.059169 0.17113 -0.883927 -0.0527926 0.179389 -0.878153 -0.0455042 0.166889 -0.869642 -0.0612024 0.190657 -0.842871 -0.055088 0.189431 -0.857156 -0.0466782 0.178162 -0.865451 -0.0550823 0.185191 -0.791755 -0.0667887 0.194405 -0.796166 -0.0610166 0.188678 -0.77573 -0.0600735 0.184413 -0.826845 -0.0483728 0.179438 -0.796166 -0.0610166 0.188678 -0.796166 -0.0610166 0.188678 -0.739416 -0.0709467 0.18033 -0.771663 -0.060512 0.175925 -0.768664 -0.0604686 0.165886 -0.804977 -0.0495954 0.169969 -0.771663 -0.060512 0.175925 -0.771663 -0.060512 0.175925 -0.738498 -0.0709981 0.158444 -0.771212 -0.0604337 0.156294 -0.804362 -0.0496298 0.155301 -0.771212 -0.0604337 0.156294 -0.771212 -0.0604337 0.156294 -0.829965 -0.123017 0.154399 -0.845583 -0.12493 0.161095 -0.844992 -0.122177 0.150723 -0.833652 -0.121836 0.149817 -0.860275 -0.121322 0.153123 -0.867544 -0.120345 0.15606 -0.860891 -0.121288 0.167791 -0.857094 -0.120526 0.172372 -0.83058 -0.122983 0.169067 -0.822903 -0.122841 0.157939 -0.840667 -0.0448141 0.150723 -0.840947 -0.0420126 0.161095 -0.825639 -0.0456543 0.154399 -0.829435 -0.0464168 0.149817 -0.85595 -0.0439597 0.153123 -0.863626 -0.0441015 0.164251 -0.856565 -0.0439253 0.167791 -0.852878 -0.0451062 0.172372 -0.826255 -0.0456199 0.169067 -0.818986 -0.0465973 0.16613 -0.818642 -0.0466166 0.157939 -0.734636 -0.103607 0.158682 -0.734636 -0.103607 0.158682 -0.740303 -0.10329 0.158444 -0.734636 -0.103607 0.158682 -0.734199 -0.103632 0.148254 -0.739866 -0.103315 0.148015 -0.738963 -0.0871686 0.148015 -0.732831 -0.0713149 0.158682 -0.732393 -0.0713394 0.148254 -0.738498 -0.0709981 0.158444 -0.73423 -0.0712367 0.192025 -0.7408 -0.0870659 0.191787 -0.728563 -0.0715535 0.192264 -0.728082 -0.0715804 0.180807 -0.739416 -0.0709467 0.18033 -0.106856 -0.106312 0.218431 0.514851 -0.141071 0.244599 0.514429 -0.157244 0.233141 0.515331 -0.141098 0.233141 0.514851 -0.141071 0.244599 0.513948 -0.157217 0.244599 0.514429 -0.157244 0.233141 0.513526 -0.17339 0.233141 0.513045 -0.173363 0.244599 -0.735555 -0.103556 0.180568 -0.736035 -0.103529 0.192025 -0.736035 -0.103529 0.192025 -0.741702 -0.103212 0.191787 -0.741222 -0.103239 0.18033 </float_array>
          <technique_common>
            <accessor count="462" offset="0" source="#meshId4-positions-array" stride="3">
              <param name="X" type="float" />
              <param name="Y" type="float" />
              <param name="Z" type="float" />
            </accessor>
          </technique_common>
        </source>
        <source id="meshId4-normals" name="meshId4-normals">
          <float_array id="meshId4-normals-array" count="1386"> -0.0419215 0.0023437 0.999118 -0.0419215 0.0023437 0.999118 -0.0419215 0.0023437 0.999118 -0.0419215 0.0023437 0.999118 0.0558215 0.998441 4.18973e-07 0.0558215 0.998441 4.15188e-07 0.0558215 0.998441 4.15188e-07 0.0558215 0.998441 4.18973e-07 0.0419215 -0.00234377 -0.999118 0.0419215 -0.00234377 -0.999118 0.0419215 -0.00234377 -0.999118 0.0419215 -0.00234377 -0.999118 -0.0558215 -0.998441 8.14728e-11 -0.0558215 -0.998441 -1.22922e-07 -0.0558215 -0.998441 -1.22922e-07 -0.0558215 -0.998441 8.14728e-11 0.99756 -0.0557739 0.0419849 0.99756 -0.0557754 0.0419869 0.99756 -0.0557754 0.0419869 0.99756 -0.0557739 0.0419849 0.232905 -0.924219 -0.302611 0.164128 -0.83027 -0.532648 0.0805007 -0.863707 -0.497523 0.156041 -0.6652 -0.730178 0.0448336 -0.698458 -0.714245 0.023285 -0.780665 -0.624516 -0.139604 -0.778595 -0.611802 -0.149509 -0.692865 -0.705397 -0.338282 -0.792504 -0.507447 -0.234084 -0.839777 -0.489877 -0.374279 -0.87642 -0.302992 -0.439065 -0.820414 -0.366256 -0.484244 -0.874743 -0.0182665 -0.421405 -0.906739 -0.0155548 -0.325984 -0.920441 0.215692 -0.468365 -0.818775 0.332026 -0.379757 -0.790186 0.481031 -0.274463 -0.837519 0.472473 -0.173088 -0.838989 0.515885 -0.20821 -0.689583 0.693631 -0.0367297 -0.716538 0.69658 -0.0471857 -0.790258 0.610954 0.0444929 -0.761872 0.646197 0.0518127 -0.722004 0.689946 0.177493 -0.934747 0.307806 0.0907519 -0.870113 0.484425 0.190798 -0.968601 0.159397 0.214359 -0.962238 0.167773 0.264504 -0.964068 0.0247119 0.241304 -0.970409 0.00892962 0.190252 -0.971366 -0.14231 0.278311 -0.945095 -0.171282 0.24554 -0.0788243 -0.966176 0.282499 -0.424701 -0.86013 0.190781 -0.503506 -0.842665 0.211031 -0.266504 -0.940448 0.0482921 -0.261859 -0.963897 0.053407 -0.488458 -0.870952 -0.163488 -0.429166 -0.888306 -0.163763 -0.245354 -0.955501 -0.429586 -0.309104 -0.848476 -0.373624 -0.516936 -0.770183 -0.616332 -0.568933 -0.544472 -0.694517 -0.349817 -0.628709 -0.899461 -0.435455 -0.0367176 -0.7767 -0.629101 -0.0311126 -0.611776 -0.649061 0.452161 -0.744808 -0.347003 0.569955 -0.499213 -0.305208 0.810947 -0.43693 -0.513395 0.738591 -0.233977 -0.475848 0.847834 -0.243278 -0.24091 0.939563 -0.0268008 -0.197108 0.980015 -0.0385118 -0.432712 0.900709 0.0638782 -0.354764 0.932771 0.0690962 -0.174644 0.982204 0.239312 0.0269039 -0.97057 0.261239 0.030175 -0.964803 0.141851 0.193164 -0.970858 0.110191 0.00864006 -0.993873 -0.154655 0.00864696 -0.987931 -0.135393 0.262081 -0.955501 -0.328275 0.333638 -0.883697 -0.436889 0.0244264 -0.899183 -0.730062 0.0408168 -0.682161 -0.651195 0.425055 -0.628707 -0.845312 0.53301 -0.0367197 -0.99756 0.0557725 -0.041987 -0.784629 0.0438668 0.618411 -0.701484 0.427872 0.569952 -0.401082 0.337709 0.85152 -0.510673 0.0285508 0.859301 -0.236868 0.013243 0.971452 -0.214908 0.266524 0.939563 -0.0525234 0.262068 0.963619 -0.0268395 -0.0169415 0.999496 0.095449 -0.0535542 0.993993 0.0689543 0.254194 0.964692 0.250104 0.813179 -0.525535 0.285862 0.426388 -0.858182 0.238747 0.328239 -0.913925 0.209733 0.68801 -0.694733 0.111656 0.701051 -0.704315 0.124461 0.410804 -0.903188 -0.114631 0.444716 -0.888306 -0.0713437 0.705212 -0.705398 -0.169441 0.778954 -0.603755 -0.313673 0.555362 -0.770183 -0.549072 0.634091 -0.54447 -0.344878 0.864243 -0.366255 -0.383722 0.923268 -0.0182657 -0.701734 0.711759 -0.031114 -0.535614 0.71321 0.452161 -0.374181 0.865879 0.332029 -0.219268 0.781739 0.583785 -0.376979 0.5589 0.738591 -0.179476 0.498964 0.847835 -0.130045 0.708494 0.693631 0.0163828 0.717851 0.696004 -0.0192533 0.498866 0.866465 0.0882556 0.541905 0.835793 0.0967542 0.716417 0.690931 0.166999 0.859106 0.483785 0.173427 0.433916 0.884104 0.258474 0.965274 0.0379248 0.29111 0.955674 0.0440766 0.318367 0.947925 0.00902374 0.279082 0.960208 0.010654 0.283058 0.958678 -0.0285337 0.322001 0.946148 -0.0334634 -0.0430694 -0.965026 -0.258591 0.136331 -0.73643 -0.662635 0.00859081 -0.966619 -0.256073 -0.12592 -0.970213 -0.206954 -0.129429 -0.84143 -0.524637 -0.0946136 -0.96085 -0.260416 -0.183437 -0.983017 -0.00539092 -0.306951 -0.921505 -0.237929 -0.177749 -0.977372 -0.114671 -0.143005 -0.969258 0.20022 -0.398516 -0.875065 0.274675 -0.186923 -0.976859 0.103954 -0.0647695 -0.963813 0.258592 -0.190516 -0.775748 0.601597 -0.116286 -0.959638 0.256073 0.0169873 -0.978203 0.206953 0.0206704 -0.873589 0.486225 -0.0130807 -0.965408 0.260416 0.0727175 -0.997338 0.00539069 0.176946 -0.971743 0.156226 0.0676946 -0.991094 0.11467 0.0340716 -0.979158 -0.20022 0.216878 -0.964639 -0.149786 0.0768682 -0.991607 -0.103954 0.143005 0.969258 -0.200219 0.230174 0.836375 -0.49749 0.162316 0.871334 -0.463066 0.116285 0.959638 -0.256071 0.0647694 0.963813 -0.25859 0.0989112 0.782293 -0.615008 -0.0519448 0.789304 -0.611802 0.0130799 0.965408 -0.260416 -0.0169867 0.978203 -0.206954 -0.139016 0.860637 -0.489876 -0.274253 0.912678 -0.302992 -0.0676949 0.991094 -0.114672 -0.0727177 0.997338 -0.00539054 -0.317705 0.948062 -0.0155546 -0.221352 0.951042 0.215691 -0.0768675 0.991607 0.103952 -0.0340708 0.979159 0.200219 -0.179395 0.862894 0.472473 -0.0784871 0.853055 0.515884 -0.00858958 0.96662 0.25607 0.0430694 0.965027 0.25859 0.030894 0.799155 0.60033 0.113131 0.768029 0.630344 0.0946144 0.96085 0.260416 0.12592 0.970214 0.206953 0.164173 0.879421 0.44684 0.257584 0.956927 0.133947 0.177749 0.977372 0.114672 0.183436 0.983017 0.00539074 0.298434 0.954402 0.00735935 0.263726 0.956489 -0.12481 0.186922 0.976859 -0.103952 0.201097 -0.979145 -0.0288929 0.282499 -0.424701 -0.86013 -0.0558215 -0.998441 -2.21332e-07 -0.0558215 -0.998441 -2.21332e-07 0.2124 0.0285994 -0.976764 0.285862 0.426388 -0.858182 0.0419215 -0.00234377 -0.999118 0.0419215 -0.00234377 -0.999118 0.283058 0.958678 -0.0285337 0.279082 0.960208 0.010654 0.0558217 0.998441 2.85282e-07 0.0558215 0.998441 0 0.0523813 -0.0436549 0.997672 0.116555 -0.458263 0.881141 -0.0419215 0.0023437 0.999118 -0.0419215 0.0023437 0.999118 0.258474 0.965274 0.0379248 0.173427 0.433916 0.884104 0.0558219 0.998441 -3.85024e-07 0.0558219 0.998441 -3.85024e-07 0.0558215 0.998441 9.4e-07 0.0558215 0.998441 4.45644e-07 0.0558215 0.998441 4.45643e-07 0.0558215 0.998441 9.4e-07 0.997561 -0.0557678 0.0419851 0.997561 -0.0557678 0.0419851 0.997561 -0.0557678 0.0419851 0.997561 -0.0557678 0.0419851 -0.0558215 -0.998441 2.34878e-07 -0.0558215 -0.998441 2.32837e-07 -0.0558215 -0.998441 2.32837e-07 -0.0558215 -0.998441 2.34878e-07 0.214799 -0.975211 0.0531539 0.221489 -0.975076 0.0130069 -0.0558216 -0.998441 -4.96184e-08 -0.0558217 -0.998441 -8.93817e-09 -0.0419215 0.00234385 0.999118 -0.0419215 0.00234385 0.999118 -0.0419215 0.00234385 0.999118 -0.0419215 0.00234385 0.999118 -0.0419215 0.0023437 0.999118 0.0558215 0.998441 4.85295e-08 0.0558215 0.998441 -9.74981e-08 0.0558215 0.998441 0 0.0419215 -0.00234377 -0.999118 0.0419215 -0.00234377 -0.999118 0.0419215 -0.00234377 -0.999118 0.0419215 -0.00234377 -0.999118 0.0419215 -0.00234377 -0.999118 -0.0558215 -0.998441 -1.22422e-07 -0.0558215 -0.998441 -8.07369e-11 -0.0558215 -0.998441 -3.01263e-09 -0.0558215 -0.998441 -1.62946e-10 -0.0558215 -0.998441 8.14728e-11 0.997561 -0.0557687 0.0419869 0.997561 -0.0557698 0.0419849 0.99756 -0.0557714 0.0419889 0.99756 -0.0557714 0.0419889 0.99756 -0.0557723 0.0419889 0.99756 -0.0557723 0.0419889 0.151782 -0.690193 -0.707528 0.0509133 -0.704216 -0.708158 0.053407 -0.488458 -0.870952 0.186804 -0.530892 -0.826594 0.158799 -0.698527 -0.697742 0.190781 -0.503506 -0.842665 0.282499 -0.424701 -0.86013 0.19926 -0.813868 -0.545815 0.163431 -0.680045 -0.714723 -0.255214 -0.755212 -0.603755 -0.373624 -0.516936 -0.770183 -0.162226 -0.479861 -0.862216 -0.163488 -0.429166 -0.888306 -0.439065 -0.820415 -0.366254 -0.7767 -0.629101 -0.0311126 -0.571877 -0.651292 -0.498774 -0.439067 -0.820412 -0.366256 -0.616332 -0.568933 -0.544472 -0.439065 -0.820414 -0.366256 -0.468363 -0.818777 0.332026 -0.305042 -0.752426 0.583784 -0.43693 -0.513395 0.738591 -0.659889 -0.566496 0.493587 -0.468365 -0.818774 0.332028 -0.611776 -0.649061 0.452161 -0.468366 -0.818775 0.332027 -0.0460575 -0.710804 0.701881 -0.0385118 -0.432712 0.900709 -0.237411 -0.425034 0.873489 -0.233977 -0.475848 0.847834 0.0507473 -0.741762 0.668741 0.110197 -0.853881 0.508669 0.116555 -0.458263 0.881141 0.0585496 -0.389646 0.919102 0.0419206 -0.730244 0.681899 0.0638782 -0.354764 0.932771 0.0436943 -0.714365 0.698407 0.245912 -0.95209 0.181799 0.269496 -0.962938 0.0110315 0.221489 -0.975076 0.0130069 0.214799 -0.975211 0.0531539 0.264358 -0.962378 0.0627934 0.196212 -0.979453 0.0466048 0.236257 -0.970192 0.0539448 0.244555 -0.956571 -0.158632 0.201097 -0.979145 -0.0288929 0.244556 -0.969048 -0.033737 0.226335 -0.973425 -0.0348662 0.2739 -0.960897 -0.0406861 0.186804 -0.530892 -0.826594 0.211031 -0.266505 -0.940447 0.0524711 -0.262064 -0.963623 0.263128 0.0366137 -0.964066 -0.162226 -0.479861 -0.862216 -0.163764 -0.245358 -0.9555 -0.36342 -0.294965 -0.883698 -0.163764 -0.245353 -0.955501 -0.163763 -0.245355 -0.955501 -0.571877 -0.651292 -0.498774 -0.7767 -0.629101 -0.0311126 -0.899461 -0.435455 -0.0367176 -0.694515 -0.349815 -0.628711 -0.899458 -0.435461 -0.0367171 -0.99756 0.0557725 -0.041987 -0.694515 -0.349817 -0.628711 -0.694517 -0.349817 -0.628709 -0.659889 -0.566496 0.493587 -0.744813 -0.347001 0.569952 -0.436227 -0.290897 0.851519 -0.74481 -0.34701 0.569949 -0.899458 -0.435461 -0.0367171 -0.744806 -0.347012 0.569953 -0.237411 -0.425034 0.873489 -0.243278 -0.240908 0.939563 -0.0170604 -0.201674 0.979304 -0.243277 -0.24091 0.939563 -0.243278 -0.240908 0.939563 0.0585496 -0.389646 0.919102 0.116555 -0.458263 0.881141 0.0523813 -0.0436549 0.997672 0.0647737 -0.0496848 0.996662 0.0804312 -0.0453613 0.995727 0.173427 0.433916 0.884104 0.0861208 0.0585137 0.994565 0.0941584 -0.0506984 0.994265 0.103559 -0.176377 0.97886 0.276576 0.152668 -0.948788 0.127746 0.191724 -0.9731 0.124461 0.410804 -0.903188 0.242862 0.330102 -0.912168 0.244026 0.155109 -0.957284 0.238747 0.328239 -0.913925 0.285862 0.426388 -0.858182 0.2124 0.0285994 -0.976764 0.233478 0.0324469 -0.97182 -0.135394 0.262079 -0.955501 -0.392453 0.355063 -0.848475 -0.313673 0.555362 -0.770183 -0.107725 0.494952 -0.862217 -0.135393 0.262082 -0.955501 -0.114631 0.444716 -0.888306 -0.135394 0.262079 -0.955501 -0.845312 0.53301 -0.0367197 -0.651191 0.425054 -0.628712 -0.845315 0.533004 -0.0367194 -0.701734 0.711759 -0.031114 -0.495713 0.710979 -0.498775 -0.651192 0.425052 -0.628713 -0.549072 0.634091 -0.54447 -0.651195 0.425055 -0.628707 -0.701487 0.42787 0.569951 -0.462081 0.358953 0.810947 -0.376979 0.5589 0.738591 -0.592629 0.636523 0.493588 -0.70149 0.427862 0.569952 -0.535614 0.71321 0.452161 -0.701734 0.711759 -0.031114 -0.845315 0.533004 -0.0367194 -0.701487 0.427865 0.569954 -0.214907 0.266526 0.939563 -0.0573374 0.262301 0.963281 -0.0192533 0.498866 0.866465 -0.188553 0.448849 0.873489 -0.214908 0.266525 0.939563 -0.179476 0.498964 0.847835 -0.214907 0.266527 0.939563 0.0872588 0.548917 0.83131 0.0882556 0.541905 0.835793 0.242862 0.330102 -0.912168 0.209563 0.688956 -0.693847 0.10724 0.701153 -0.7049 0.200579 0.733659 -0.64924 0.209185 0.688578 -0.694336 0.288495 0.920944 -0.261978 0.20931 0.68729 -0.695573 -0.107725 0.494952 -0.862217 -0.247835 0.825274 -0.507446 -0.0348287 0.850614 -0.524635 -0.0713436 0.705215 -0.705395 -0.495713 0.710979 -0.498775 -0.202319 0.949978 -0.237928 -0.344878 0.864244 -0.366254 -0.592629 0.636523 0.493588 -0.289309 0.827592 0.481031 -0.298491 0.914033 0.274676 -0.188553 0.448849 0.873489 0.0291854 0.727581 0.6854 -0.102858 0.79215 0.601597 -0.130044 0.708496 0.693629 0.0872588 0.548917 0.83131 0.0954821 0.748547 0.656171 0.24075 0.933249 0.266617 0.107172 0.885104 0.452885 0.115185 0.769997 0.627565 0.114164 0.730101 0.673735 0.273597 0.960863 0.0434316 0.314145 0.947973 0.0515832 0.314234 0.949124 0.0204909 0.251193 0.95834 0.135968 0.299015 0.942446 0.14962 0.273118 0.952083 0.137637 0.262402 0.964672 -0.0234966 0.297891 0.954202 -0.0275625 0.279288 0.951892 -0.126093 0.29789 0.945641 -0.13048 0.325756 0.934823 -0.141385 0.0485102 -0.984577 -0.168091 -0.0558215 -0.998441 6.21596e-08 -0.0430691 -0.965026 -0.258592 0.00859105 -0.966619 -0.256074 -0.143513 -0.973841 -0.176173 -0.177749 -0.977372 -0.114671 -0.157958 -0.973034 0.168091 -0.116284 -0.959638 0.256071 0.0340655 -0.98377 0.176173 0.0768675 -0.991607 -0.103953 0.0647695 0.963812 -0.258594 0.0558216 0.998441 -3.88133e-07 0.157958 0.973034 -0.168091 0.116286 0.959637 -0.256075 -0.034066 0.983769 -0.176174 -0.0768681 0.991607 0.103955 -0.0485108 0.984577 0.168091 -0.00859102 0.96662 0.256072 0.143513 0.973841 0.176173 0.177749 0.977372 0.114669 0.186922 0.976859 -0.103955 -0.0558215 -0.998441 -3.15637e-07 -0.0558215 -0.998441 0 0.226335 -0.973425 -0.0348662 -0.0558215 -0.998441 -9.43134e-08 0.0419215 -0.00234377 -0.999118 0.282499 -0.424701 -0.86013 0.239312 0.0269039 -0.97057 0.0558215 0.998441 1.36417e-07 0.0558215 0.998441 0 0.262402 0.964672 -0.0234966 -0.0419215 0.00234385 0.999118 0.0804312 -0.0453613 0.995727 0.0558215 0.998441 -4.68353e-07 0.0558215 0.998441 -4.68353e-07 0.273597 0.960863 0.0434316 0.0558215 0.998441 -4.69918e-07 0.0558215 0.998441 -8.51585e-07 0.997561 -0.0557677 0.0419887 0.99756 -0.0557768 0.0419887 0.99756 -0.0557768 0.0419851 0.99756 -0.0557768 0.0419851 0.99756 -0.0557768 0.0419851 -0.0558215 -0.998441 -2.34878e-07 -0.0558215 -0.998441 2.35204e-07 -0.0558213 -0.998441 -7.69024e-08 -0.0558213 -0.998441 8.93805e-09 -0.0558217 -0.998441 -9.47797e-08 0.116555 -0.458263 0.881141 0.196212 -0.979453 0.0466048 </float_array>
          <technique_common>
            <accessor count="462" offset="0" source="#meshId4-normals-array" stride="3">
              <param name="X" type="float" />
              <param name="Y" type="float" />
              <param name="Z" type="float" />
            </accessor>
          </technique_common>
        </source>
        <source id="meshId4-tangents" name="meshId4-tangents">
          <float_array id="meshId4-tangents-array" count="1386"> 0.99756 -0.0557721 0.0419869 0.99756 -0.0557709 0.0419869 0.99756 -0.0557719 0.0419869 0.99756 -0.0557721 0.0419869 0.99756 -0.0557723 0.0419869 0.99756 -0.0557723 0.0419844 0.997561 -0.0557723 0.0419768 0.99756 -0.0557723 0.0419869 0.99756 -0.0557721 0.0419869 0.99756 -0.0557695 0.0419869 0.997561 -0.0557611 0.0419869 0.99756 -0.0557722 0.0419869 0.99756 -0.0557723 0.0419871 0.99756 -0.0557723 0.041987 0.99756 -0.0557723 0.0419871 0.99756 -0.0557723 0.0419871 -0.0558224 -0.998441 -1.6105e-05 -0.0558239 -0.998441 -1.66552e-05 -0.0558236 -0.998441 -2.40352e-05 -0.0558222 -0.998441 -2.11024e-05 -0.0346856 -0.318865 0.947165 -0.0434925 -0.545537 0.836958 -0.0478904 -0.501918 0.863588 -0.0685327 -0.744743 0.663823 -0.068414 -0.715432 0.695325 -0.0621659 -0.624607 0.778461 -0.0759962 -0.607605 0.790595 -0.0691183 -0.704347 0.706483 -0.0750392 -0.514804 0.854017 -0.080043 -0.485519 0.870554 -0.0614737 -0.302572 0.951142 -0.0607049 -0.37963 0.923145 -0.0419182 0.00234147 0.999118 -0.0419191 0.00234229 0.999118 -0.0207322 0.235061 0.97176 -0.0177926 0.384457 0.922972 0.00332148 0.518817 0.854879 0.00692649 0.489608 0.871915 0.00409003 0.523174 0.852216 0.00982738 0.707663 0.706482 0.00926686 0.696777 0.717228 -0.00184022 0.611703 0.791085 -0.0110347 0.646423 0.762899 0.00767954 0.691142 0.722678 -0.0412562 0.30543 0.951321 -0.0263151 0.484167 0.87458 -0.0212551 0.158266 0.987168 -0.045096 0.161833 0.985787 -0.0446813 0.0133462 0.998912 -0.0448512 -0.00196013 0.998992 -0.0507972 -0.154504 0.986686 -0.0367684 -0.18868 0.98135 -0.048451 -0.996441 0.0689803 -0.18296 -0.904047 0.386295 -0.117292 -0.863975 0.489683 -0.0647721 -0.963813 0.25859 -0.0647737 -0.963813 0.258591 -0.0686868 -0.871928 0.484793 0.0648946 -0.903149 0.424394 0.00714687 -0.968847 0.247556 0.147297 -0.950993 0.271874 0.234229 -0.855985 0.460898 0.373157 -0.819852 0.434278 0.19744 -0.932962 0.300998 -0.431277 0.87099 0.235323 -0.61432 0.745693 0.257979 -0.473754 0.758394 0.447656 -0.241627 0.936436 0.254372 -0.16939 0.952228 0.254105 -0.271901 0.858088 0.435608 -0.11413 0.879454 0.462098 -0.0722476 0.970475 0.230129 0.0448152 0.979145 0.198159 0.025238 0.900669 0.433772 0.0701748 0.933963 0.350412 0.0537552 0.983779 0.171142 -0.0462374 -0.998166 -0.0390696 -0.0613328 -0.996973 -0.0477882 -0.0514698 -0.97801 -0.202107 -0.0544114 -0.99841 -0.0147121 -0.055833 -0.99844 1.39267e-06 -0.114701 -0.962043 -0.247622 -0.246553 -0.933377 -0.260805 -0.0558362 -0.99844 6.61315e-06 -0.0558314 -0.99844 1.06349e-05 -0.296256 -0.905083 -0.305054 0.525686 0.817486 -0.23531 0.0558217 0.998441 5.42944e-08 0.0558193 0.998441 -1.58859e-06 0.338624 0.90379 -0.261719 0.267727 0.932192 -0.243599 0.0558211 0.998441 4.75575e-09 0.055825 0.998441 8.72937e-07 0.173536 0.957154 -0.231821 0.0647672 0.963813 -0.258591 0.055244 0.998303 0.0184047 0.0657821 0.996708 0.0473837 0.0647744 0.963813 -0.258592 0.00255687 -0.543339 -0.83951 -0.370148 -0.776915 -0.509307 -0.118145 -0.924332 -0.36284 -0.00999471 -0.708991 -0.705147 -0.0098633 -0.70793 -0.706213 -0.0563848 -0.905867 -0.419792 0.0275667 -0.892432 -0.450339 -0.00981998 -0.707662 -0.706483 0.00211509 -0.612324 -0.790604 0.14917 -0.772226 -0.617588 0.159354 -0.560078 -0.812969 0.0173864 -0.384246 -0.923067 0.0419165 -0.00234531 -0.999118 0.0419218 -0.0023444 -0.999118 -0.0361577 0.515582 -0.856077 0.0600802 0.379921 -0.923066 0.0642262 0.608613 -0.790863 -0.0967622 0.769296 -0.631522 0.0232584 0.86374 -0.503401 0.0691068 0.704347 -0.706484 0.06887 0.693634 -0.717028 0.0663521 0.865353 -0.496751 0.093832 0.830813 -0.548585 0.0707919 0.687477 -0.722748 0.0667317 0.479701 -0.874891 0.361049 0.807194 -0.466993 0.0495284 0.0259654 -0.998435 0.0377567 0.0345594 -0.998689 0.0436702 -0.00515668 -0.999033 0.0422028 -0.00118055 -0.999108 0.0311463 -0.0389228 -0.998757 0.0475964 -0.0514794 -0.997539 -0.0549457 -0.256151 0.965074 -0.0570512 -0.673606 0.736885 -0.0549476 -0.256152 0.965074 -0.0518879 -0.201888 0.978033 -0.0755781 -0.519177 0.851318 -0.0549399 -0.256151 0.965074 -0.0419292 0.00234501 0.999118 -0.0607778 -0.230507 0.971171 -0.0478056 -0.107813 0.993021 -0.03017 0.206474 0.977987 -0.0183621 0.307036 0.951521 -0.0355312 0.112473 0.993019 -0.0260502 0.26068 0.965074 0.00960957 0.611318 0.791326 -0.0260541 0.260681 0.965073 -0.0290713 0.206412 0.978033 -0.0227056 0.485793 0.873779 -0.026049 0.260679 0.965074 -0.0419246 0.00234352 0.999118 -0.0318374 0.152996 0.987714 -0.0355041 0.112468 0.993021 -0.0529944 -0.201824 0.977987 -0.0639122 -0.16714 0.983859 -0.0478122 -0.107809 0.993021 0.0301617 -0.206473 -0.977987 -0.0088051 -0.509405 -0.860482 -0.00118587 -0.469117 -0.883135 0.0260414 -0.260677 -0.965075 0.0260425 -0.260679 -0.965074 -0.00509612 -0.617632 -0.786451 0.00779354 -0.61229 -0.790595 0.0260407 -0.260679 -0.965074 0.0290718 -0.206413 -0.978033 0.0254241 -0.491414 -0.870555 0.0283412 -0.307265 -0.951202 0.0355063 -0.11247 -0.993021 0.0419295 -0.002343 -0.999118 0.0419204 -0.00234434 -0.999118 0.0462688 0.231171 -0.971812 0.0478377 0.107809 -0.99302 0.0529858 0.201824 -0.977988 0.0476875 0.487327 -0.871916 0.0542557 0.520369 -0.852216 0.0549455 0.256149 -0.965075 0.0549479 0.25615 -0.965074 0.0683006 0.597525 -0.798936 0.0826726 0.62494 -0.776283 0.0549489 0.25615 -0.965074 0.0519035 0.201885 -0.978033 0.0744495 0.440648 -0.894587 0.0401969 0.127892 -0.990973 0.0478054 0.107814 -0.993021 0.0419294 -0.00234523 -0.999118 0.0435642 -0.00591871 -0.999033 0.0353976 -0.1389 -0.989674 0.0355242 -0.112469 -0.99302 0.978578 0.199478 0.0509304 0.956834 0.0609197 0.28418 0.997565 -0.0557725 0.0418762 0.997564 -0.0557725 0.0419068 0.975685 -0.0615238 0.210364 0.957777 -0.155873 0.241592 0.99756 -0.0557722 0.0419869 0.99756 -0.0557724 0.0419869 0.95828 -0.281458 0.0498181 0.959349 -0.279283 0.0406381 0.99756 -0.0557725 0.0419903 0.997559 -0.0557722 0.0420054 0.997163 -0.0517973 -0.054621 0.992719 0.0266067 -0.117476 0.99756 -0.0557722 0.0419869 0.99756 -0.0557717 0.0419869 0.965035 -0.259782 0.0349386 0.982446 -0.138871 -0.12456 0.99756 -0.0557727 0.0419899 0.99756 -0.0557727 0.0419896 0.99756 -0.0557723 0.0419871 0.99756 -0.0557723 0.0419872 0.99756 -0.0557723 0.0419873 0.99756 -0.0557723 0.0419873 -0.0558166 -0.998441 -8.1433e-06 -0.055816 -0.998441 -2.24822e-05 -0.0558156 -0.998441 -3.17536e-05 -0.0558162 -0.998441 -1.74147e-05 0.99756 -0.0557723 0.0419867 0.99756 -0.0557723 0.0419846 0.997561 -0.0557723 0.0419767 0.99756 -0.0557723 0.0419867 0.975861 0.216505 0.0286619 0.974265 0.221837 0.039941 0.99756 -0.0557724 0.0419899 0.99756 -0.0557725 0.0419896 0.99756 -0.0557719 0.0419869 0.99756 -0.0557725 0.0419869 0.99756 -0.0557727 0.0419869 0.99756 -0.0557727 0.0419869 0.99756 -0.0557727 0.0419869 0.99756 -0.0557723 0.0419863 0.99756 -0.0557723 0.0419874 0.99756 -0.0557723 0.0419873 0.99756 -0.055769 0.0419869 0.99756 -0.0557723 0.0419869 0.99756 -0.0557723 0.0419869 0.99756 -0.0557723 0.0419869 0.99756 -0.0557723 0.0419869 0.997561 -0.0557723 0.0419826 0.997561 -0.0557723 0.0419652 0.997562 -0.0557724 0.0419417 0.99756 -0.0557723 0.0419867 0.99756 -0.0557723 0.0419871 -0.0558169 -0.998441 -2.38142e-05 -0.0558183 -0.998441 -1.61032e-05 -0.0558199 -0.998441 -1.62124e-05 -0.0558199 -0.998441 -1.6309e-05 -0.055821 -0.998441 -1.30642e-05 -0.055821 -0.998441 -1.0852e-05 -0.0701883 -0.72154 0.688806 -0.0687201 -0.709867 0.700975 -0.0566794 -0.872273 0.485723 -0.0332568 -0.844341 0.534774 -0.0712826 -0.712976 0.697555 -0.0265851 -0.860768 0.508303 0.358884 -0.784745 0.50535 -0.0641905 -0.566628 0.82147 -0.0686156 -0.730544 0.679409 -0.0710436 -0.608099 0.790676 -0.235756 -0.750127 0.617842 -0.115239 -0.858598 0.499529 -0.126856 -0.883801 0.450337 -0.059656 -0.380128 0.923008 -0.0419214 0.0023449 0.999118 -0.166531 -0.503181 0.847984 -0.0609951 -0.379493 0.923182 -0.222332 -0.53756 0.813387 -0.0619169 -0.379052 0.923302 -0.0167771 0.383966 0.923195 0.00468467 0.611808 0.790993 0.18332 0.753059 0.631898 0.153518 0.54141 0.826624 -0.015573 0.383387 0.923457 0.0950026 0.507185 0.856585 -0.0164798 0.383824 0.923259 0.00948365 0.702284 0.711834 0.02383 0.900724 0.433738 0.0888633 0.885924 0.455237 0.0731598 0.860951 0.5034 0.00681471 0.669845 0.742469 -0.0107681 0.51073 0.859674 -0.249028 0.845363 0.472596 -0.0165806 0.920175 0.391157 0.00785828 0.682719 0.730639 -0.021623 0.933969 0.3567 0.00776579 0.699297 0.714789 -0.0441279 0.176368 0.983335 -0.0449294 -0.00112989 0.99899 -0.0421668 0.00374922 0.999104 -0.0509458 0.0431622 0.997768 -0.027659 0.0575174 0.997961 -0.0490281 0.0376696 0.998087 -0.0300292 0.0481999 0.998386 -0.0366639 -0.172605 0.984308 -0.0339916 -0.0364528 0.998757 -0.0557669 -0.0487926 0.997251 -0.0314073 -0.0430698 0.998578 -0.0579889 -0.0587269 0.996588 -0.123299 -0.847422 0.516404 -0.0647618 -0.963813 0.258594 -0.0647618 -0.963814 0.25859 -0.0350619 -0.998257 -0.0474818 0.074794 -0.877257 0.474159 0.052462 -0.969372 0.239928 0.140943 -0.955044 0.260817 0.0458543 -0.969424 0.241069 0.00673079 -0.968833 0.247624 0.434352 -0.756188 0.489406 0.590365 -0.744316 0.312191 0.409849 -0.869748 0.274886 0.219172 -0.935178 0.27822 0.409853 -0.869742 0.274898 -0.0558218 -0.998441 2.1916e-06 0.212719 -0.934614 0.285039 0.193499 -0.932463 0.305074 -0.408139 0.821812 0.397552 -0.221813 0.934329 0.278978 -0.162148 0.956226 0.243599 -0.218235 0.933847 0.283377 -0.431284 0.87099 0.23531 -0.235771 0.935904 0.261716 -0.100091 0.905115 0.413218 -0.0277078 0.969996 0.241537 0.044133 0.97834 0.202244 -0.0272974 0.969982 0.241641 -0.0657566 0.970533 0.231822 0.0717273 0.919944 0.385434 0.118279 0.887279 0.445809 0.0579956 0.997491 0.040602 0.0499401 0.99767 0.0464893 0.0591412 0.997421 0.0406613 -0.0199342 0.89907 -0.437351 0.0644861 0.995853 -0.0641734 0.0489992 0.997728 0.0462346 0.0559291 0.983627 0.171319 -0.0361921 -0.984945 -0.169036 -0.0509678 -0.978573 -0.199493 -0.0329394 -0.908054 -0.417556 0.00972184 -0.941102 -0.337984 -0.0382304 -0.98482 -0.169316 0.0081016 -0.941782 -0.336128 0.074633 -0.902739 -0.423666 -0.0472735 -0.998101 -0.0395039 -0.0603659 -0.997032 -0.0477915 -0.153654 -0.958268 -0.241066 -0.252419 -0.928643 -0.271857 -0.328213 -0.824537 -0.460885 -0.172131 -0.863451 -0.474155 -0.160212 -0.957481 -0.239923 -0.165179 -0.890285 -0.424391 -0.115111 -0.962012 -0.247554 -0.504247 -0.818635 -0.274902 -0.315585 -0.905077 -0.285029 -0.504244 -0.818641 -0.27489 -0.669654 -0.67387 -0.312192 -0.515938 -0.703059 -0.489404 -0.322049 -0.904918 -0.278222 -0.462223 -0.773145 -0.434277 -0.300219 -0.905138 -0.300987 0.320967 0.903701 -0.283379 0.274479 0.927411 -0.254105 0.365857 0.822432 -0.435608 0.497205 0.771195 -0.397549 0.324581 0.903781 -0.278976 0.555341 0.700859 -0.447652 0.693614 0.672568 -0.257978 0.525679 0.817487 -0.235322 0.344507 0.903665 -0.254371 0.135255 0.960894 -0.241639 0.0647684 0.963813 -0.25859 0.0834771 0.864402 -0.495823 0.200355 0.888317 -0.41322 0.135655 0.960863 -0.241538 0.211446 0.861252 -0.462099 0.179972 0.956373 -0.230131 0.0389129 0.831978 -0.553443 0.0391991 0.836528 -0.546521 -0.119149 -0.92305 -0.365763 -0.00978006 -0.708091 -0.706053 -0.00990709 -0.7082 -0.705942 -0.0187433 -0.659712 -0.751284 -0.00986674 -0.708523 -0.705619 0.0102745 -0.276574 -0.960938 -0.0100824 -0.709775 -0.704356 0.0188301 -0.866092 -0.499529 0.0158752 -0.520257 -0.853862 0.0172349 -0.524364 -0.85132 -0.00980941 -0.707659 -0.706486 0.107646 -0.519577 -0.847616 0.0352505 -0.235731 -0.971179 0.0173752 -0.384248 -0.923066 -0.0905836 0.556236 -0.826073 0.0558242 0.516253 -0.854615 0.0514955 0.3028 -0.951662 0.0104363 0.890308 -0.455239 0.0682562 0.682641 -0.727559 0.0585845 0.608579 -0.791327 0.0690953 0.704345 -0.706487 0.0926606 0.826403 -0.555403 0.0675604 0.652789 -0.754521 0.0666143 0.258161 -0.963802 0.072068 0.447395 -0.891428 0.0665961 0.624362 -0.778291 0.0695603 0.67063 -0.738523 0.0512999 0.0305128 -0.998217 0.036985 0.0420725 -0.99843 0.0447277 0.00675878 -0.998976 0.0468729 0.128263 -0.990632 0.0578225 0.138611 -0.988657 0.0572269 0.126743 -0.990284 0.0334908 -0.0334396 -0.998879 0.0469824 -0.0434935 -0.997948 0.043438 -0.143709 -0.988666 0.0238955 -0.14403 -0.989285 0.0225513 -0.157182 -0.987312 -0.050205 -0.17048 0.984081 -0.0419178 0.00234363 0.999118 -0.0549346 -0.256153 0.965074 -0.0549368 -0.256153 0.965074 -0.0516482 -0.170403 0.98402 -0.0477897 -0.107816 0.993022 -0.0309169 0.175018 0.98408 -0.0260435 0.260678 0.965075 -0.032358 0.175097 0.984019 -0.0478313 -0.107809 0.99302 0.0260312 -0.260682 -0.965074 0.0419193 -0.00234405 -0.999118 0.0308901 -0.175014 -0.984081 0.0260278 -0.26068 -0.965074 0.032352 -0.175098 -0.984019 0.0478133 0.10781 -0.993021 0.0502129 0.17048 -0.984081 0.0549591 0.25615 -0.965073 0.0516705 0.1704 -0.984019 0.0478185 0.107809 -0.993021 0.0355107 -0.11247 -0.99302 0.997563 -0.0557724 0.0419219 0.997562 -0.0557723 0.0419582 0.973032 0.224317 0.0537641 0.997562 -0.0557724 0.0419429 0.99756 -0.0557719 0.0419869 0.95683 0.0608796 0.284199 0.969436 -0.062295 0.237305 0.997561 -0.0557723 0.0419738 0.99756 -0.0557723 0.0419891 0.964126 -0.261086 0.047913 0.99756 -0.0557717 0.0419869 0.995294 -0.0505141 -0.0826974 0.99756 -0.0557723 0.0419881 0.99756 -0.0557723 0.0419884 0.960844 -0.275092 0.0332063 0.99756 -0.0557723 0.0419867 0.99756 -0.0557723 0.0419871 -0.0558158 -0.998441 -2.69655e-05 -0.0558257 -0.998441 -8.01588e-06 -0.0558256 -0.998441 -1.11985e-05 -0.0558254 -0.998441 -1.60734e-05 -0.0558255 -0.998441 -1.29214e-05 0.99756 -0.0557723 0.0419869 0.99756 -0.0557723 0.0419869 0.997561 -0.0557721 0.0419732 0.99756 -0.0557721 0.0419891 0.997561 -0.0557725 0.0419671 0.992719 0.0266013 -0.117479 0.979753 0.197759 0.0312411 </float_array>
          <technique_common>
            <accessor count="462" offset="0" source="#meshId4-tangents-array" stride="3">
              <param name="X" type="float" />
              <param name="Y" type="float" />
              <param name="Z" type="float" />
            </accessor>
          </technique_common>
        </source>
        <source id="meshId4-bitangents" name="meshId4-bitangents">
          <float_array id="meshId4-bitangents-array" count="1386"> 0.0558213 0.998441 6.70552e-08 0.0558201 0.998441 1.39698e-08 0.0558212 0.998441 5.89062e-08 0.0558213 0.998441 6.70552e-08 0.0419214 -0.00234335 -0.999118 0.041919 -0.00234322 -0.999118 0.0419113 -0.00234279 -0.999119 0.0419214 -0.00234335 -0.999118 -0.0558213 -0.998441 8.84756e-09 -0.0558188 -0.998441 1.15018e-07 -0.0558104 -0.998441 4.69387e-07 -0.0558214 -0.998441 4.42378e-09 -0.0419217 0.00234378 0.999118 -0.0419216 0.00234366 0.999118 -0.0419217 0.00234366 0.999118 -0.0419217 0.00234378 0.999118 0.0419204 -0.00232764 -0.999118 0.0419224 -0.00232726 -0.999118 0.0419228 -0.00231989 -0.999118 0.0419207 -0.00232264 -0.999118 -0.971881 -0.210104 -0.106323 -0.98548 -0.114202 -0.125648 -0.995604 -0.0456929 -0.0817681 -0.98537 -0.0535425 -0.161798 -0.996649 0.0176905 -0.0798597 -0.997794 0.0206972 -0.0630747 -0.987287 0.156865 0.025654 -0.986342 0.154381 0.0574163 -0.938048 0.326977 0.11468 -0.968916 0.242994 0.046434 -0.925276 0.374618 0.0593696 -0.896402 0.427554 0.116879 -0.873929 0.484582 -0.0378015 -0.905903 0.421686 -0.0389968 -0.945148 0.312307 -0.0957089 -0.883356 0.42638 -0.194634 -0.92508 0.326244 -0.1944 -0.961573 0.242581 -0.128578 -0.984898 0.149618 -0.0871235 -0.978035 0.153913 -0.140565 -0.999282 0.0327987 -0.0189523 -0.998884 0.0362036 -0.0303179 -0.998949 -0.0410742 0.0203542 -0.998627 -0.0321454 0.0413546 -0.983257 -0.181552 0.0156477 -0.995526 -0.0921175 0.021042 -0.981399 -0.191738 0.00960907 -0.975713 -0.218878 -0.00870283 -0.963349 -0.265321 -0.0395456 -0.969413 -0.241461 -0.0439969 -0.98042 -0.180489 -0.0787373 -0.959787 -0.266823 -0.0872615 -0.968175 0.0298748 -0.248485 -0.941658 0.0482413 -0.333096 -0.9746 0.00541586 -0.223887 -0.975331 0.00634411 -0.220657 -0.996731 0.0499473 -0.0635061 -0.996208 0.0339315 -0.0801176 -0.984409 0.0117372 0.175505 -0.986474 0.0337118 0.160415 -0.890932 -0.0081844 0.454063 -0.89752 -0.00819661 0.440898 -0.693461 0.064486 0.717602 -0.691856 0.0849157 0.717025 -0.0704918 0.227499 -0.971223 -0.139095 0.219486 -0.965649 -0.633472 0.0596524 -0.771462 -0.621994 0.0517416 -0.78131 -0.849761 -0.010514 -0.527064 -0.857416 -0.0104935 -0.514518 -0.96552 0.011357 -0.260081 -0.967262 -0.0118959 -0.2535 -0.998636 0.0492304 -0.0174084 -0.998939 0.0394375 -0.0237656 -0.995487 0.0430733 0.0845554 -0.996161 0.0409733 0.0773634 -0.969841 0.0542264 -0.237629 -0.963324 0.0716582 -0.258597 -0.988549 0.0786389 -0.12879 -0.99242 0.0556991 -0.109546 -0.98639 0.0551593 0.154897 -0.98413 0.0760709 0.160315 -0.911837 0.132262 0.388664 -0.897781 0.0502099 0.437572 -0.681097 0.0380938 0.731202 -0.698697 -0.0123919 0.71531 -0.0954046 -0.218213 -0.971226 0.0419215 -0.00234373 -0.999118 -0.617447 0.0345181 -0.785855 -0.627099 0.0094081 -0.778883 -0.876046 0.130271 -0.464299 -0.857961 0.0479671 -0.51147 -0.969937 0.0542315 -0.237238 -0.961093 0.113228 -0.251952 -0.996517 0.0488289 -0.0675962 -0.998112 0.0557102 -0.0258581 -0.993258 0.0608642 0.0986577 -0.995515 0.0803184 0.0499938 -0.968216 0.208621 -0.13797 -0.883897 0.463246 -0.0642641 -0.963868 0.194602 -0.181902 -0.977708 0.154836 -0.141822 -0.993698 0.0858 -0.0721302 -0.990621 0.103174 -0.0895819 -0.993026 -0.0761103 0.0900408 -0.997404 -0.0434761 0.0574124 -0.985538 -0.135238 0.102105 -0.937741 -0.308609 0.159383 -0.820442 -0.533143 0.206478 -0.938486 -0.324713 0.117492 -0.922497 -0.384149 -0.0378002 -0.711204 -0.70242 -0.0281931 -0.843688 -0.474876 -0.250365 -0.925408 -0.325445 -0.194181 -0.973548 -0.135917 -0.183658 -0.921153 -0.309539 -0.235928 -0.983487 -0.0706291 -0.166626 -0.989097 -0.0439398 -0.140558 -0.997491 0.0596807 -0.0380748 -0.997611 0.0479277 -0.0497617 -0.991669 0.12684 0.0224759 -0.992788 0.118841 0.0157997 -0.983696 0.17839 0.0227802 -0.916279 0.400194 -0.0166761 -0.964748 0.259948 -0.0410971 -0.955945 0.292392 -0.0260226 -0.946961 0.318453 -0.0430378 -0.95934 0.279282 -0.040853 -0.958597 0.281817 -0.0408766 -0.945542 0.319615 -0.0616097 -0.99756 0.0557736 -0.0419917 -0.989019 -0.062656 -0.133847 -0.998452 0.00577983 -0.055314 -0.990682 0.133893 -0.0249206 -0.988704 0.149836 0.00360281 -0.993997 0.105616 -0.0285536 -0.982137 0.183501 -0.0416472 -0.949783 0.312563 0.0147474 -0.982914 0.181991 -0.0275602 -0.989262 0.133816 -0.0587693 -0.916978 0.374153 -0.138427 -0.981732 0.181924 -0.0557326 -0.99756 0.055771 -0.0419916 -0.981637 0.156542 -0.109011 -0.992874 0.105552 -0.0553159 -0.999433 -0.0226305 -0.0249313 -0.999529 -0.0291013 -0.0097938 -0.999575 0.00584026 -0.0285577 -0.996471 -0.0728794 -0.0416426 -0.983706 -0.179745 -0.0038658 -0.997074 -0.0712934 -0.0275745 -0.998013 -0.0227111 -0.0587664 -0.974104 -0.203804 -0.0979012 -0.995894 -0.0713615 -0.0556979 -0.989262 0.133818 -0.0587611 -0.97311 0.202441 -0.109887 -0.986738 0.143896 -0.075112 -0.992875 0.105555 -0.0553031 -0.99756 0.055773 -0.0419841 -0.995083 0.0809229 -0.0571041 -0.99862 -0.0458354 0.0256538 -0.999575 0.00584167 -0.0285496 -0.999433 -0.0226301 -0.0249319 -0.989964 -0.133476 0.0464337 -0.96124 -0.269457 0.0584021 -0.997074 -0.071294 -0.0275765 -0.996471 -0.0728795 -0.0416475 -0.947262 -0.318077 -0.0389984 -0.974096 -0.205133 -0.0951737 -0.995893 -0.0713582 -0.0557232 -0.998014 -0.0227121 -0.0587578 -0.982621 -0.133886 -0.128573 -0.995438 -0.0388983 -0.0871254 -0.998452 0.00578031 -0.0553116 -0.99756 0.0557742 -0.041994 -0.997186 0.0656852 -0.0361229 -0.990135 0.139934 0.00720499 -0.993996 0.105619 -0.0285621 -0.990682 0.133896 -0.0249361 -0.983618 0.180134 0.00687016 -0.96542 0.260643 -0.00552256 -0.982914 0.18199 -0.0275599 -0.982137 0.183501 -0.0416475 -0.953435 0.298466 -0.0433441 -0.963948 0.256585 -0.070489 -0.981732 0.181924 -0.0557251 -0.0441047 -0.0385159 0.998284 -0.0682928 -0.903282 0.423578 -0.0418109 0.00233737 0.999123 -0.0418414 0.00233908 0.999121 -0.054078 -0.997696 -0.0409716 -0.0307556 -0.891009 -0.452943 -0.0558215 -0.998441 2.09548e-09 -0.0558217 -0.998441 -6.98492e-09 0.0397284 -0.0414447 -0.998351 0.0419965 -0.00112049 -0.999117 0.0419249 -0.00234369 -0.999118 0.0419399 -0.0023448 -0.999117 0.0540612 0.997703 0.0408178 0.0303908 0.888418 0.458028 0.0558214 0.998441 7.21775e-08 0.0558209 0.998441 5.12227e-08 0.0435775 0.027568 -0.99867 0.0687282 0.890186 -0.450383 0.0419244 -0.00234434 -0.999118 0.0419241 -0.00234433 -0.999118 0.0419217 -0.00234284 -0.999118 0.0419218 -0.00234334 -0.999118 0.0419219 -0.00234335 -0.999118 0.0419219 -0.00234286 -0.999118 0.0419201 -0.00233534 -0.999118 0.0419209 -0.00232102 -0.999118 0.0419214 -0.00231175 -0.999118 0.0419206 -0.00232608 -0.999118 -0.0419212 0.00234399 0.999118 -0.0419191 0.00234388 0.999118 -0.0419112 0.00234343 0.999119 -0.0419212 0.00234399 0.999118 -0.0394595 0.0457143 0.998175 -0.0418309 0.00382571 0.999117 -0.0419244 0.00234389 0.999118 -0.0419242 0.00234392 0.999118 0.0558211 0.998441 -8.98726e-08 0.0558217 0.998441 -6.63567e-08 0.0558219 0.998441 -5.84405e-08 0.0558219 0.998441 -5.82077e-08 0.0558219 0.998441 9.15024e-08 0.0419208 -0.00234369 -0.999118 0.0419219 -0.00234389 -0.999118 0.0419219 -0.0023438 -0.999118 -0.0558183 -0.998441 1.36206e-07 -0.0558215 -0.998441 -2.32831e-10 -0.0558215 -0.998441 -4.65661e-10 -0.0558215 -0.998441 -2.32831e-10 -0.0558215 -0.998441 -2.32831e-10 -0.0419172 0.00234341 0.999118 -0.0418998 0.00234256 0.999119 -0.0418763 0.00234125 0.99912 -0.0419212 0.00234376 0.999118 -0.0419217 0.00234378 0.999118 0.0419228 -0.00231983 -0.999118 0.0419204 -0.00232747 -0.999118 0.0419244 -0.00232765 -0.999118 0.0419244 -0.00232755 -0.999118 0.0419242 -0.00233083 -0.999118 0.0419241 -0.00233304 -0.999118 -0.985919 -0.054888 -0.15796 -0.996336 0.0129758 -0.0845355 -0.996963 0.023424 -0.074271 -0.981834 -0.0724079 -0.175382 -0.984734 -0.0610343 -0.163013 -0.981273 -0.0745721 -0.177604 -0.889605 -0.451448 -0.0692712 -0.977842 -0.12865 -0.165149 -0.984166 -0.0619951 -0.166055 -0.964271 0.244684 0.101542 -0.89712 0.412416 0.158394 -0.980001 0.180397 0.0839878 -0.978355 0.186312 0.0900488 -0.896473 0.42711 0.117958 -0.628473 0.77732 -0.0281941 -0.803259 0.568003 0.179297 -0.896381 0.427679 0.116582 -0.755449 0.62237 0.204824 -0.896319 0.428067 0.115631 -0.883377 0.42682 -0.193572 -0.952328 0.244021 -0.183102 -0.880617 0.411494 -0.234919 -0.735512 0.621255 -0.270303 -0.883398 0.427344 -0.192316 -0.785305 0.566995 -0.248621 -0.883381 0.426951 -0.193263 -0.998894 0.0394417 -0.0256044 -0.998974 0.0381679 -0.024377 -0.967336 0.185699 -0.172558 -0.969486 0.179811 -0.16663 -0.998688 -0.033121 0.0390477 -0.993851 -0.100211 0.0470861 -0.961457 -0.274512 -0.0155894 -0.998147 -0.0381414 0.0474153 -0.99909 -0.0252703 0.0343585 -0.997723 -0.0429547 0.0519892 -0.999015 -0.0258086 0.0361029 -0.968287 -0.249836 0.00135726 -0.961953 -0.26972 -0.0435688 -0.974251 -0.221839 -0.0402855 -0.975328 -0.217028 -0.0404117 -0.964028 -0.265556 -0.0114132 -0.979335 -0.198122 -0.0406295 -0.971226 -0.237496 -0.0177465 -0.968942 -0.234901 -0.0772832 -0.978981 -0.199865 -0.0406133 -0.96803 -0.242002 -0.0659734 -0.973543 -0.224918 -0.0403208 -0.960009 -0.270606 -0.0718067 -0.974629 0.00545155 -0.22376 -0.975332 0.00633363 -0.220654 -0.99652 0.0488375 -0.0675441 -0.964124 0.0462958 -0.261386 -0.983915 0.0124321 0.178204 -0.985104 -0.0108359 0.17162 -0.920902 -0.029765 0.388655 -0.985433 -0.00433544 0.170007 -0.986477 0.0341205 0.160311 -0.695914 0.0632367 0.715336 -0.219557 0.224111 0.94951 -0.151635 0.2322 0.960776 -0.685282 0.0554322 0.726165 -0.151642 0.232211 0.960772 -0.0419214 0.00234598 0.999118 -0.687313 0.0642256 0.723516 -0.692968 0.0902242 0.715301 -0.630848 0.0608886 -0.773514 -0.629328 0.0813636 -0.772869 -0.885107 -0.0318075 -0.4643 -0.63058 0.0866788 -0.771269 -0.0704884 0.227487 -0.971227 -0.62424 0.0605495 -0.778883 -0.966239 0.0106744 -0.257426 -0.969561 0.0327274 -0.242653 -0.99888 0.04667 -0.00779038 -0.969573 0.0331383 -0.242551 -0.967725 -0.00538529 -0.25195 -0.995704 0.0433577 0.0818106 -0.986116 0.0522593 0.157619 -0.996942 0.0557338 0.0547816 -0.99665 0.0467621 0.067104 -0.995004 0.055618 0.0829065 -0.984645 0.0582245 0.164573 -0.994196 0.0696623 0.0819903 -0.994351 0.0443648 0.0964287 -0.99305 0.0370052 0.111728 -0.96031 0.0810901 -0.266887 -0.990496 0.0750812 -0.115237 -0.991678 0.0817199 -0.0994856 -0.970012 0.0732155 -0.231767 -0.969015 0.077915 -0.234391 -0.971048 0.0728453 -0.227507 -0.95536 0.0570613 -0.289882 -0.976039 0.0545657 -0.210644 -0.970486 0.0698231 -0.230827 -0.978805 0.114178 0.170013 -0.884457 0.10748 0.454074 -0.891003 0.108217 0.440912 -0.979166 0.097336 0.178212 -0.977753 0.120599 0.171625 -0.979579 0.0980814 0.175512 -0.984082 0.076471 0.160418 -0.176585 -0.213862 0.960771 -0.690186 0.0128036 0.723519 -0.176578 -0.213853 0.960774 -0.243172 -0.19824 0.94951 -0.698624 0.0147329 0.715337 -0.687192 0.0213006 0.726163 -0.696325 0.0132174 0.717604 -0.697003 -0.00725137 0.717031 -0.636315 -0.0158509 -0.771267 -0.843293 0.10517 -0.527064 -0.850902 0.106004 -0.514517 -0.633701 0.00981523 -0.773516 -0.634475 -0.0107029 -0.772869 -0.636171 0.011335 -0.771465 -0.162692 -0.202613 -0.965649 -0.0954102 -0.218224 -0.971224 -0.623884 0.0179151 -0.781312 -0.967223 0.0751507 -0.242552 -0.996252 0.0475633 -0.0722513 -0.996324 0.0627838 -0.0582865 -0.961408 0.0970936 -0.257424 -0.967167 0.075548 -0.242652 -0.96077 0.0963351 -0.260078 -0.959909 0.119638 -0.253499 -0.995425 0.0806414 0.0512374 -0.995326 0.0809959 0.052586 -0.962716 0.197514 -0.184842 -0.977746 0.154748 -0.141651 -0.994184 0.0826887 -0.069001 -0.979498 0.162861 -0.118573 -0.977826 0.154456 -0.141418 -0.957426 0.274534 -0.0892522 -0.977797 0.154442 -0.141634 -0.994002 -0.0700475 0.0839799 -0.968672 -0.219672 0.115836 -0.999245 -0.0386924 0.00360268 -0.997404 -0.0434837 0.0574047 -0.861789 -0.473865 0.181027 -0.978685 -0.204875 0.0142056 -0.938487 -0.324709 0.117502 -0.800366 -0.534266 -0.271983 -0.955607 -0.220395 -0.195556 -0.953022 -0.269918 -0.137452 -0.982008 -0.0767207 -0.172555 -0.997241 0.0680169 -0.0297388 -0.992969 -0.0461498 -0.109005 -0.989098 -0.043948 -0.14055 -0.991867 0.125493 0.0212479 -0.993136 0.116374 0.0117575 -0.968298 0.249796 -1.52998e-05 -0.991625 0.128175 -0.0158394 -0.991109 0.131441 0.0206387 -0.991024 0.131178 0.0257754 -0.960476 0.275337 -0.040944 -0.948655 0.315559 -0.021844 -0.948291 0.314829 -0.0403283 -0.966801 0.255213 -0.0127013 -0.952495 0.304275 -0.0130479 -0.960277 0.278341 -0.019869 -0.964377 0.261321 -0.0410822 -0.953443 0.295985 -0.057787 -0.959224 0.270646 -0.0814845 -0.954301 0.29158 -0.0655017 -0.945185 0.318434 -0.0722843 -0.99756 -0.039299 -0.0577007 -0.99756 0.0557723 -0.0419832 -0.997561 0.0557706 -0.041981 -0.998453 0.00577687 -0.0553035 -0.9883 0.150319 -0.0258421 -0.982915 0.181989 -0.0275442 -0.986962 0.150247 -0.0577287 -0.992874 0.105554 -0.0553051 -0.998896 -0.0392217 -0.025868 -0.995893 -0.0713587 -0.0557169 -0.997561 0.0557759 -0.0419734 -0.99756 0.0557723 -0.0419848 -0.986963 0.150251 -0.0577019 -0.992875 0.105559 -0.0552905 -0.998896 -0.0392212 -0.025862 -0.995894 -0.0713612 -0.0556992 -0.99756 -0.0392982 -0.0577086 -0.998452 0.0057825 -0.0553251 -0.988299 0.150323 -0.0258643 -0.982913 0.181992 -0.0275736 -0.981733 0.181926 -0.0557121 -0.0418566 0.00233983 0.999121 -0.0418928 0.00234217 0.999119 -0.0445142 -0.0460946 0.997945 -0.0418775 0.00234122 0.99912 -0.0558211 -0.998441 1.81608e-08 -0.0683353 -0.903284 0.423565 -0.0540772 -0.997695 -0.0409896 0.0419084 -0.00234291 -0.999119 0.0419236 -0.00234389 -0.999118 0.0400857 -0.0352261 -0.998575 0.0558209 0.998441 -1.00117e-07 0.0540495 0.997693 0.0410849 0.0419226 -0.0023443 -0.999118 0.0419229 -0.00234432 -0.999118 0.0438544 0.0326459 -0.998504 0.0419212 -0.00234423 -0.999118 0.0419216 -0.00234463 -0.999118 0.0419248 -0.00231674 -0.999118 0.0419237 -0.00233605 -0.999118 0.0419203 -0.00233267 -0.999118 0.0419206 -0.0023278 -0.999118 0.0419204 -0.00233095 -0.999118 -0.0419214 0.00234354 0.999118 -0.0419214 0.00234401 0.999118 -0.0419078 0.00234292 0.999119 -0.0419236 0.00234389 0.999118 -0.0419017 0.00234258 0.999119 0.0303969 0.888418 0.458027 -0.0398157 0.0395312 0.998425 </float_array>
          <technique_common>
            <accessor count="462" offset="0" source="#meshId4-bitangents-array" stride="3">
              <param name="X" type="float" />
              <param name="Y" type="float" />
              <param name="Z" type="float" />
            </accessor>
          </technique_common>
        </source>
        <source id="meshId4-tex0" name="meshId4-tex0">
          <float_array id="meshId4-tex0-array" count="924"> 0.595146 0.927047 0.328036 0.927047 0.328036 0.919626 0.595146 0.919626 0.595146 0.94715 0.328036 0.94715 0.328036 0.942361 0.595146 0.942361 0.595146 0.961992 0.328036 0.961992 0.328036 0.954571 0.595146 0.954571 0.862256 0.966781 0.862256 0.971571 0.595146 0.971571 0.595146 0.966781 0.862256 0.942361 0.862256 0.937571 0.869677 0.937571 0.869677 0.942361 0.264316 0.275629 0.265446 0.303587 0.262963 0.315173 0.259283 0.290955 0.254276 0.32676 0.26048 0.32676 0.262963 0.338346 0.256961 0.344074 0.261058 0.358414 0.265446 0.349932 0.27144 0.354732 0.269355 0.366504 0.277433 0.371486 0.277433 0.359531 0.283427 0.354732 0.285512 0.366504 0.293808 0.358414 0.289421 0.349932 0.291903 0.338346 0.297905 0.344074 0.300591 0.32676 0.294386 0.32676 0.291903 0.315173 0.298348 0.290915 0.294189 0.275629 0.289421 0.303587 0.283427 0.298788 0.287105 0.272791 0.278832 0.270829 0.277433 0.293989 0.27144 0.298788 0.271111 0.273076 0.0494208 0.0735945 0.0568556 0.0223043 0.0604148 0.0735945 0.054681 0.07858 0.0529801 0.124885 0.063974 0.124885 0.0638916 0.150275 0.0523789 0.151466 0.0528972 0.177614 0.0638091 0.175665 0.0640633 0.192014 0.0525459 0.195009 0.731112 0.242354 0.720352 0.238954 0.720601 0.223202 0.731697 0.226087 0.73136 0.209327 0.72085 0.20745 0.720802 0.182971 0.731875 0.184118 0.731313 0.158492 0.720755 0.158492 0.724173 0.109236 0.738067 0.107109 0.0397291 0.0223043 0.0356669 0.0713975 0.0309921 0.124885 0.0419861 0.124885 0.0419857 0.152223 0.0315925 0.151466 0.0310736 0.177614 0.0419852 0.179562 0.0419852 0.197494 0.031425 0.19501 0.75263 0.242354 0.741871 0.245755 0.741871 0.228479 0.752045 0.226087 0.752382 0.209327 0.74187 0.211204 0.741871 0.184848 0.751867 0.184118 0.752429 0.158492 0.741871 0.158492 0.751178 0.109236 0.756004 0.11408 0.867079 0.291018 0.868136 0.26487 0.875205 0.301854 0.871808 0.305432 0.876469 0.338838 0.882273 0.338838 0.878251 0.357607 0.873958 0.355032 0.870126 0.368443 0.87423 0.376376 0.86452 0.38415 0.862367 0.376031 0.854811 0.380706 0.854811 0.391924 0.845102 0.38415 0.847256 0.376031 0.839496 0.368443 0.835393 0.376376 0.831371 0.357607 0.835665 0.355032 0.833153 0.338838 0.82735 0.338838 0.831015 0.301854 0.835233 0.305394 0.83914 0.291018 0.83468 0.26487 0.843438 0.26487 0.845747 0.288361 0.853503 0.286529 0.852195 0.26487 0.860166 0.26487 0.86074 0.288631 0.268957 0.32676 0.262963 0.315173 0.26783 0.318176 0.27144 0.338346 0.262963 0.338346 0.26783 0.335344 0.277433 0.343145 0.27144 0.354732 0.274086 0.343824 0.283427 0.338346 0.283427 0.354732 0.28078 0.343824 0.28591 0.32676 0.291903 0.338346 0.287036 0.335344 0.283427 0.315173 0.291903 0.315173 0.287036 0.318176 0.277433 0.310374 0.283427 0.298788 0.28078 0.309696 0.27144 0.315173 0.27144 0.298788 0.274086 0.309696 0.860417 0.328002 0.866022 0.317166 0.868344 0.328002 0.863792 0.33081 0.862738 0.338838 0.870666 0.338838 0.868344 0.349674 0.863792 0.346867 0.860417 0.349674 0.866022 0.36051 0.860417 0.364999 0.857941 0.354797 0.854811 0.354163 0.854811 0.369487 0.849206 0.364999 0.851681 0.354797 0.849206 0.349674 0.8436 0.36051 0.841278 0.349674 0.84583 0.346867 0.846884 0.338838 0.838956 0.338838 0.841278 0.328002 0.84583 0.33081 0.849206 0.328002 0.8436 0.317166 0.849206 0.312677 0.851681 0.322879 0.854811 0.323514 0.854811 0.308189 0.860417 0.312677 0.857941 0.322879 0.323166 0.966781 0.323166 0.961991 0.325601 0.961991 0.325601 0.966781 0.323166 0.954571 0.323166 0.94715 0.325601 0.94715 0.325601 0.954571 0.323166 0.942361 0.323166 0.937571 0.325601 0.937571 0.325601 0.942361 0.323166 0.919626 0.323166 0.912205 0.325601 0.912205 0.325601 0.919626 0.323166 0.932309 0.323166 0.927047 0.325601 0.927047 0.325601 0.932309 0.862256 0.932309 0.862256 0.937571 0.595146 0.937571 0.595146 0.932309 0.869677 0.927047 0.877097 0.927046 0.877097 0.932309 0.869677 0.932309 0.595146 0.982095 0.328036 0.982095 0.328036 0.976833 0.595146 0.976833 0.323166 0.976833 0.323166 0.971571 0.325601 0.971571 0.325601 0.976833 0.328036 0.912205 0.595146 0.912205 0.862256 0.912205 0.862256 0.919626 0.862256 0.927047 0.328036 0.937571 0.862256 0.942361 0.862256 0.94715 0.328036 0.94715 0.595146 0.94715 0.862256 0.94715 0.862256 0.954571 0.862256 0.961992 0.328036 0.971571 0.328036 0.966781 0.328036 0.961992 0.595146 0.961992 0.862256 0.961992 0.877097 0.937571 0.877098 0.94236 0.877098 0.94715 0.869677 0.94715 0.862256 0.94715 0.869677 0.942361 0.259283 0.290955 0.254276 0.32676 0.248071 0.32676 0.255628 0.287215 0.259283 0.290955 0.255628 0.287215 0.263186 0.24767 0.264316 0.275629 0.259283 0.290955 0.261058 0.358414 0.256671 0.366896 0.252371 0.346828 0.252371 0.346828 0.269355 0.366504 0.277433 0.383441 0.267052 0.375168 0.269355 0.366504 0.267052 0.375168 0.269355 0.366504 0.285512 0.366504 0.293808 0.358414 0.298196 0.366896 0.287815 0.375168 0.285512 0.366504 0.287815 0.375168 0.285512 0.366504 0.300591 0.32676 0.306796 0.32676 0.302496 0.346828 0.302496 0.346828 0.298348 0.290915 0.294189 0.275629 0.298958 0.24767 0.302877 0.287215 0.298348 0.290915 0.302877 0.287215 0.298348 0.290915 0.287105 0.272791 0.278832 0.270829 0.280231 0.24767 0.289594 0.24767 0.287105 0.272791 0.289594 0.24767 0.287105 0.272791 0.271111 0.273076 0.271708 0.24767 0.271111 0.273076 0.271708 0.24767 0.271111 0.273076 0.0604148 0.0735945 0.054681 0.07858 0.0529801 0.124885 0.0494208 0.0735945 0.0638916 0.150275 0.0523789 0.151466 0.0528972 0.177614 0.0523789 0.151466 0.0523789 0.151466 0.0640633 0.192014 0.0643176 0.208362 0.0531514 0.211894 0.0525459 0.195009 0.0531514 0.211894 0.0419852 0.215426 0.0525459 0.195009 0.0525459 0.195009 0.720601 0.223202 0.731697 0.226087 0.73136 0.209327 0.731697 0.226087 0.731112 0.242354 0.731697 0.226087 0.720802 0.182971 0.731875 0.184118 0.731313 0.158492 0.731875 0.184118 0.731875 0.184118 0.724173 0.109236 0.727591 0.0599807 0.744038 0.0599806 0.738067 0.107109 0.744038 0.0599806 0.760485 0.0599805 0.751178 0.109236 0.738067 0.107109 0.738067 0.107109 0.0356669 0.0713975 0.0309921 0.124885 0.0199982 0.124885 0.0213004 0.0735945 0.0356669 0.0713975 0.0213004 0.0735945 0.0226025 0.0223043 0.0397291 0.0223043 0.0356669 0.0713975 0.0315925 0.151466 0.0310736 0.177614 0.020162 0.175666 0.0200801 0.150275 0.0315925 0.151466 0.0200801 0.150275 0.0315925 0.151466 0.0308195 0.211894 0.031425 0.19501 0.0308195 0.211894 0.0196538 0.208362 0.0199079 0.192014 0.031425 0.19501 0.0199079 0.192014 0.031425 0.19501 0.752045 0.226087 0.752382 0.209327 0.762893 0.20745 0.763141 0.223202 0.752045 0.226087 0.763141 0.223202 0.76339 0.238954 0.75263 0.242354 0.752045 0.226087 0.751867 0.184118 0.752429 0.158492 0.762987 0.158492 0.76294 0.182971 0.751867 0.184118 0.76294 0.182971 0.751867 0.184118 0.761736 0.109236 0.761736 0.109236 0.875205 0.301854 0.871808 0.305432 0.876469 0.338838 0.868344 0.328002 0.871808 0.305432 0.867079 0.291018 0.871808 0.305432 0.878251 0.357607 0.870126 0.368443 0.868344 0.349674 0.873958 0.355032 0.86452 0.38415 0.860417 0.364999 0.862367 0.376031 0.845102 0.38415 0.839496 0.368443 0.849206 0.364999 0.831371 0.357607 0.833153 0.338838 0.841278 0.349674 0.835665 0.355032 0.831015 0.301854 0.835233 0.305394 0.83914 0.291018 0.841278 0.328002 0.835233 0.305394 0.835233 0.305394 0.843438 0.26487 0.845747 0.288361 0.853503 0.286529 0.849206 0.312677 0.845747 0.288361 0.845747 0.288361 0.860166 0.26487 0.86074 0.288631 0.860417 0.312677 0.86074 0.288631 0.86074 0.288631 0.27144 0.315173 0.277433 0.32676 0.268957 0.32676 0.26783 0.318176 0.27144 0.338346 0.274086 0.343824 0.283427 0.338346 0.287036 0.335344 0.283427 0.315173 0.274086 0.309696 0.862738 0.338838 0.854811 0.338838 0.860417 0.328002 0.863792 0.33081 0.860417 0.349674 0.851681 0.354797 0.849206 0.349674 0.84583 0.346867 0.849206 0.328002 0.851681 0.322879 0.857941 0.322879 0.325601 0.966781 0.325601 0.966781 0.323166 0.966781 0.325601 0.966781 0.325601 0.961992 0.323166 0.961992 0.323166 0.954571 0.325601 0.942361 0.325601 0.94715 0.323166 0.942361 0.325601 0.927047 0.323166 0.919626 0.328036 0.927047 0.328036 0.932309 0.323166 0.932309 0.595146 0.927047 0.862256 0.927047 0.869677 0.932309 0.862256 0.932309 0.862256 0.927047 0.869677 0.927047 0.869677 0.932309 0.862256 0.976833 0.862256 0.982095 0.325601 0.976833 0.325601 0.982095 0.325601 0.982095 0.323166 0.982095 0.323166 0.976833 </float_array>
          <technique_common>
            <accessor count="462" offset="0" source="#meshId4-tex0-array" stride="2">
              <param name="S" type="float" />
              <param name="T" type="float" />
            </accessor>
          </technique_common>
        </source>
        <vertices id="meshId4-vertices">
          <input semantic="POSITION" source="#meshId4-positions" />
          <input semantic="NORMAL" source="#meshId4-normals" />
          <input semantic="TANGENT" source="#meshId4-tangents" />
          <input semantic="BINORMAL" source="#meshId4-bitangents" />
          <input semantic="TEXCOORD" source="#meshId4-tex0"  />
        </vertices>
        <polylist count="428" material="defaultMaterial">
          <input offset="0" semantic="VERTEX" source="#meshId4-vertices" />
          <vcount>3 3 3 3 3 3 3 3 3 3 3 3 3 3 3 3 3 3 3 3 3 3 3 3 3 3 3 3 3 3 3 3 3 3 3 3 3 3 3 3 3 3 3 3 3 3 3 3 3 3 3 3 3 3 3 3 3 3 3 3 3 3 3 3 3 3 3 3 3 3 3 3 3 3 3 3 3 3 3 3 3 3 3 3 3 3 3 3 3 3 3 3 3 3 3 3 3 3 3 3 3 3 3 3 3 3 3 3 3 3 3 3 3 3 3 3 3 3 3 3 3 3 3 3 3 3 3 3 3 3 3 3 3 3 3 3 3 3 3 3 3 3 3 3 3 3 3 3 3 3 3 3 3 3 3 3 3 3 3 3 3 3 3 3 3 3 3 3 3 3 3 3 3 3 3 3 3 3 3 3 3 3 3 3 3 3 3 3 3 3 3 3 3 3 3 3 3 3 3 3 3 3 3 3 3 3 3 3 3 3 3 3 3 3 3 3 3 3 3 3 3 3 3 3 3 3 3 3 3 3 3 3 3 3 3 3 3 3 3 3 3 3 3 3 3 3 3 3 3 3 3 3 3 3 3 3 3 3 3 3 3 3 3 3 3 3 3 3 3 3 3 3 3 3 3 3 3 3 3 3 3 3 3 3 3 3 3 3 3 3 3 3 3 3 3 3 3 3 3 3 3 3 3 3 3 3 3 3 3 3 3 3 3 3 3 3 3 3 3 3 3 3 3 3 3 3 3 3 3 3 3 3 3 3 3 3 3 3 3 3 3 3 3 3 3 3 3 3 3 3 3 3 3 3 3 3 3 3 3 3 3 3 3 3 3 3 3 3 3 3 3 3 3 3 3 3 3 3 3 3 3 3 3 3 3 3 3 3 3 3 3 3 3 3 3 3 3 3 3 3 3 3 3 3 3 3 3 3 3 3 3 3 3 3 3 3 3 3 3 3 3 3 3 3 3 3 3 3 </vcount>
          <p>3 0 1 1 2 3 7 4 5 5 6 7 11 8 9 9 10 11 15 12 13 13 14 15 19 16 17 17 18 19 23 20 21 21 22 23 27 24 25 25 26 27 31 28 29 29 30 31 35 32 33 33 34 35 39 36 37 37 38 39 43 40 41 41 42 43 47 44 45 45 46 47 51 48 49 49 50 51 55 52 53 53 54 55 59 56 57 57 58 59 63 60 61 61 62 63 67 64 65 65 66 67 71 68 69 69 70 71 75 72 73 73 74 75 77 76 53 53 52 77 81 78 79 79 80 81 85 82 83 83 84 85 89 86 87 87 88 89 93 90 91 91 92 93 97 94 95 95 96 97 101 98 99 99 100 101 105 102 103 103 104 105 109 106 107 107 108 109 113 110 111 111 112 113 117 114 115 115 116 117 121 118 119 119 120 121 125 122 123 123 124 125 129 126 127 127 128 129 132 130 25 25 131 132 135 133 29 29 134 135 138 136 33 33 137 138 141 139 37 37 140 141 144 142 41 41 143 144 147 145 45 45 146 147 150 148 49 49 149 150 153 151 21 21 152 153 157 154 155 155 156 157 161 158 159 159 160 161 165 162 163 163 164 165 169 166 167 167 168 169 173 170 171 171 172 173 177 174 175 175 176 177 181 178 179 179 180 181 185 182 183 183 184 185 189 186 187 187 188 189 193 190 191 191 192 193 197 194 195 195 196 197 201 198 199 199 200 201 205 202 203 203 204 205 209 206 207 207 208 209 213 210 211 211 212 213 217 214 215 215 216 217 221 218 219 219 220 221 3 2 222 222 223 3 3 223 224 224 225 3 3 225 226 226 0 3 7 6 227 227 208 7 7 208 207 207 228 7 7 228 229 229 4 7 11 10 230 230 231 11 11 231 232 232 233 11 11 233 234 234 8 11 15 14 235 235 236 15 15 236 237 237 238 15 15 238 239 239 12 15 19 18 240 240 241 19 19 241 242 242 243 19 245 243 244 244 16 245 246 131 25 25 24 246 250 247 248 248 249 250 254 251 252 252 253 254 27 134 29 29 28 27 27 255 256 256 257 27 27 258 248 248 247 27 259 137 33 33 32 259 262 32 260 260 261 262 264 263 256 256 255 264 265 140 37 37 36 265 269 266 267 267 268 269 271 270 260 260 32 271 39 143 41 41 40 39 39 272 273 273 274 39 39 275 267 267 266 39 276 146 45 45 44 276 280 277 278 278 279 280 282 281 273 273 272 282 283 149 49 49 48 283 287 284 285 285 286 287 289 288 278 278 277 289 290 152 21 21 20 290 292 253 252 252 291 292 294 293 285 285 284 294 296 295 57 57 56 296 55 297 79 79 298 55 300 299 61 61 60 300 302 301 83 83 80 302 303 80 79 79 297 303 307 304 305 305 306 307 310 308 309 309 84 310 311 84 83 83 301 311 313 312 69 69 68 313 315 314 91 91 88 315 317 88 87 87 316 317 319 318 73 73 72 319 321 320 95 95 92 321 322 92 91 91 314 322 326 323 324 324 325 326 330 327 328 328 329 330 331 96 95 95 320 331 332 298 79 79 78 332 336 333 334 334 335 336 340 337 338 338 339 340 341 80 83 83 82 341 345 342 343 343 344 345 347 346 334 334 333 347 349 84 309 309 348 349 353 350 351 351 352 353 355 354 343 343 342 355 356 88 91 91 90 356 360 357 358 358 359 360 364 361 362 362 363 364 365 92 95 95 94 365 369 366 367 367 368 369 371 370 358 358 357 371 97 329 328 328 372 97 97 373 367 367 366 97 375 374 103 103 102 375 378 376 159 159 377 378 380 156 155 155 379 380 105 381 107 107 106 105 384 382 163 163 383 384 105 160 159 159 376 105 109 385 111 111 110 109 387 110 167 167 386 387 109 164 163 163 382 109 113 388 115 115 114 113 113 389 171 171 390 113 113 168 167 167 110 113 117 391 119 119 118 117 117 392 175 175 393 117 394 172 171 171 389 394 396 395 123 123 122 396 399 397 179 179 398 399 400 176 175 175 392 400 402 401 127 127 126 402 405 403 183 183 404 405 406 180 179 179 397 406 408 407 99 99 98 408 410 379 155 155 409 410 411 184 183 183 403 411 132 22 21 21 151 132 415 412 413 413 414 415 135 26 25 25 130 135 135 414 413 413 416 135 417 30 29 29 133 417 138 416 413 413 136 138 141 34 33 33 136 141 141 136 413 413 418 141 419 38 37 37 139 419 419 418 413 413 142 419 147 42 41 41 142 147 147 142 413 413 420 147 150 46 45 45 145 150 150 420 413 413 148 150 421 50 49 49 148 421 421 148 413 413 412 421 157 377 159 159 158 157 425 422 423 423 424 425 161 383 163 163 162 161 161 426 423 423 422 161 165 386 167 167 166 165 165 166 423 423 426 165 427 390 171 171 170 427 169 428 423 423 166 169 429 393 175 175 174 429 173 174 423 423 428 173 177 398 179 179 178 177 177 430 423 423 174 177 431 404 183 183 182 431 431 182 423 423 430 431 432 409 155 155 154 432 432 424 423 423 182 432 433 188 237 237 236 433 434 236 235 235 220 434 436 220 219 219 435 436 193 192 230 230 10 193 193 10 9 9 437 193 193 437 438 438 439 193 440 196 227 227 6 440 440 6 5 5 441 440 197 441 191 191 442 197 201 200 222 222 2 201 201 2 1 1 443 201 201 443 203 203 444 201 205 204 445 445 446 205 205 446 227 227 196 205 205 196 195 195 447 205 209 208 227 227 446 209 209 446 445 445 448 209 209 448 449 449 206 209 450 212 240 240 18 450 213 18 17 17 451 213 454 451 452 452 453 454 217 216 235 235 14 217 217 14 13 13 455 217 217 455 456 456 214 217 457 220 235 235 216 457 457 216 215 215 458 457 221 459 460 460 461 221 </p>
        </polylist>
      </mesh>
    </geometry>
    <geometry id="meshId5" name="meshId5_name" >
      <mesh>
        <source id="meshId5-positions" name="meshId5-positions">
          <float_array id="meshId5-positions-array" count="453"> -0.564419 -0.0507631 0.479141 -0.564419 -0.191476 0.479141 0.217791 -0.191475 0.479142 0.2187 -0.0504294 0.479142 -0.564419 0.1033 0.235025 -0.564419 0.0990416 0.470049 0.21779 0.0990416 0.470049 0.217864 0.103617 0.235024 -0.564419 -0.0507631 -0.479142 -0.564419 0.0899493 -0.479142 0.21779 0.0906151 -0.479142 0.2187 -0.0504294 -0.479142 1 0.103934 -0.235025 1 0.108826 -1.54794e-07 1 -0.0413248 -1.54794e-07 1 -0.0163284 -0.142973 1 0.0951612 -0.474596 1 0.0990416 -0.47005 1 -0.046217 -0.235025 1 -0.0463234 -0.240286 1 -0.0500974 -0.239571 1 -0.191476 -1.54794e-07 1 -0.191475 -0.239571 1 -0.0776297 -0.330388 -0.564419 -0.191476 -0.239571 -0.564419 -0.191476 -0.479142 0.21779 -0.191475 -0.479142 0.21779 -0.191476 -0.239571 0.21779 0.0990416 0.470049 -0.564419 0.0990416 0.470049 -0.564419 0.0944954 0.474595 0.216138 0.0948276 0.474595 0.21779 0.0906151 -0.479142 -0.564419 0.0899493 -0.479142 -0.564419 0.0944954 -0.474596 0.216137 0.0948276 -0.474596 -0.564419 0.1033 -0.235025 -0.564419 0.107557 -1.54794e-07 0.21779 0.108192 -1.54794e-07 0.217864 0.103617 -0.235024 0.21779 -0.191476 -1.54794e-07 1 -0.191476 -1.54794e-07 1 -0.191475 0.239571 0.217791 -0.191476 0.239571 1 -0.0413248 -1.54794e-07 1 0.108826 -1.54794e-07 1 0.103934 0.235025 1 -0.0163284 0.142973 1 -0.046217 0.235025 1 0.0990416 0.470049 1 0.0951612 0.474595 1 -0.0463234 0.240286 1 -0.0500974 0.239571 1 0.0912809 0.479141 1 -0.0500973 0.479142 1 -0.0776297 0.330387 1 -0.191475 0.479142 1 -0.0500973 0.479142 1 0.0912809 0.479141 0.217791 0.0906151 0.479141 0.2187 -0.0504294 0.479142 -0.564419 0.0899493 0.479141 0.21779 0.0990416 0.470049 1 0.0990416 0.470049 1 0.103934 0.235025 0.217864 0.103617 0.235024 1 0.103934 0.235025 1 0.108826 -1.54794e-07 0.21779 0.108192 -1.54794e-07 0.217864 0.103617 0.235024 0.21779 0.108192 -1.54794e-07 -0.564419 0.107557 -1.54794e-07 -0.564419 0.1033 0.235025 0.217864 0.103617 0.235024 1 0.0912808 -0.479142 1 -0.0500973 -0.479142 1 -0.191475 -0.479142 0.21779 -0.191475 -0.479142 0.2187 -0.0504294 -0.479142 -0.564419 -0.191476 -0.479142 1 -0.191476 -1.54794e-07 1 -0.046217 -0.235025 1 0.0990416 -0.47005 1 -0.191476 -1.54794e-07 1 -0.0500974 -0.239571 1 -0.0463234 -0.240286 1 0.0912808 -0.479142 1 -0.191475 -0.479142 1 -0.0500973 -0.479142 1 0.0912808 -0.479142 1 -0.191475 -0.479142 1 -0.191475 -0.239571 0.21779 -0.191476 -0.239571 1 -0.191476 -1.54794e-07 0.21779 -0.191476 -1.54794e-07 -0.564419 -0.191476 -1.54794e-07 -0.564419 0.0944954 0.474595 -0.564419 0.0899493 0.479141 0.217791 0.0906151 0.479141 0.216138 0.0948276 0.474595 0.217791 0.0906151 0.479141 1 0.0912809 0.479141 1 0.0951612 0.474595 0.216138 0.0948276 0.474595 1 0.0951612 0.474595 1 0.0990416 0.470049 0.21779 0.0990416 0.470049 0.216138 0.0948276 0.474595 -0.564419 0.0944954 -0.474596 -0.564419 0.0990416 -0.47005 0.21779 0.0990416 -0.47005 0.216137 0.0948276 -0.474596 0.21779 0.0990416 -0.47005 1 0.0990416 -0.47005 1 0.0951612 -0.474596 0.216137 0.0948276 -0.474596 1 0.0951612 -0.474596 1 0.0912808 -0.479142 0.21779 0.0906151 -0.479142 0.216137 0.0948276 -0.474596 0.21779 0.108192 -1.54794e-07 1 0.108826 -1.54794e-07 1 0.103934 -0.235025 0.217864 0.103617 -0.235024 1 0.103934 -0.235025 1 0.0990416 -0.47005 0.21779 0.0990416 -0.47005 0.217864 0.103617 -0.235024 0.21779 0.0990416 -0.47005 -0.564419 0.0990416 -0.47005 -0.564419 0.1033 -0.235025 0.217864 0.103617 -0.235024 1 -0.191475 0.479142 0.217791 -0.191475 0.479142 -0.564419 -0.191476 0.479141 -0.564419 -0.191476 0.239571 0.217791 -0.191476 0.239571 -0.564419 -0.191476 -1.54794e-07 1 0.0990416 0.470049 1 -0.046217 0.235025 1 -0.191476 -1.54794e-07 1 0.0951612 0.474595 1 0.0912809 0.479141 1 -0.0500974 0.239571 1 -0.0463234 0.240286 1 -0.0500974 0.239571 1 -0.191476 -1.54794e-07 1 -0.0463234 0.240286 1 -0.191475 0.479142 1 -0.191475 0.239571 1 -0.191476 -1.54794e-07 </float_array>
          <technique_common>
            <accessor count="151" offset="0" source="#meshId5-positions-array" stride="3">
              <param name="X" type="float" />
              <param name="Y" type="float" />
              <param name="Z" type="float" />
            </accessor>
          </technique_common>
        </source>
        <source id="meshId5-normals" name="meshId5-normals">
          <float_array id="meshId5-normals-array" count="453"> -2.6469e-07 4.06265e-07 1 -2.6469e-07 4.06265e-07 1 -2.6469e-07 4.06265e-07 1 -2.6469e-07 4.06265e-07 1 -0.00020267 0.999823 0.0187883 -0.00020267 0.999823 0.0187883 -0.00020267 0.999823 0.0187883 -0.00020267 0.999823 0.0187883 -1.76362e-08 -1.01302e-07 -1 -1.76362e-08 -1.01302e-07 -1 -1.76363e-08 -1.01302e-07 -1 -1.76362e-08 -1.01302e-07 -1 1 -2.2258e-07 -2.69913e-07 1 -2.2258e-07 -2.69913e-07 1 -2.2258e-07 -2.69913e-07 1 -2.2258e-07 -2.69913e-07 1 -9.53993e-06 0 1 -9.53993e-06 0 1 -9.53993e-06 0 1 -9.53993e-06 0 1 0 0 1 0 0 1 0 0 1 0 0 6.64126e-08 -1 -3.614e-08 6.64125e-08 -1 -3.614e-08 6.64125e-08 -1 -3.614e-08 6.64125e-08 -1 -3.614e-08 -0.000153066 0.720149 0.693819 -0.000153066 0.720149 0.693819 -0.000153066 0.720149 0.693819 -0.000153066 0.720149 0.693819 -0.00045988 0.720153 -0.693815 -0.00045988 0.720153 -0.693815 -0.00045988 0.720153 -0.693815 -0.00045988 0.720153 -0.693815 -0.000607994 0.999823 -0.0187884 -0.000607994 0.999823 -0.0187884 -0.000607994 0.999823 -0.0187884 -0.000607994 0.999823 -0.0187884 2.21375e-08 -1 2.1684e-07 2.21375e-08 -1 2.1684e-07 2.21375e-08 -1 2.1684e-07 2.21375e-08 -1 2.1684e-07 1 -4.45159e-07 2.69913e-07 1 -4.45159e-07 2.69913e-07 1 -4.4516e-07 2.69913e-07 1 -4.4516e-07 2.69913e-07 1 8.94376e-07 -5.78861e-06 1 8.94376e-07 -5.78861e-06 1 8.94376e-07 -5.78861e-06 1 8.94376e-07 -5.78861e-06 1 2.76024e-07 -3.89223e-07 1 2.76024e-07 -3.89223e-07 1 2.76024e-07 -3.89223e-07 1 2.76024e-07 -3.89223e-07 -2.25473e-07 1.21416e-06 1 -2.25473e-07 1.21416e-06 1 -7.64791e-08 1.41547e-06 1 -7.64791e-08 1.41547e-06 1 -7.64791e-08 1.41547e-06 1 -1.12872e-07 5.06508e-07 1 -0.00020267 0.999797 0.0201369 -0.00020267 0.999797 0.0201369 -0.00020267 0.999797 0.0201369 -0.00020267 0.999797 0.0201369 -0.000608021 0.999797 0.0201369 -0.000608021 0.999797 0.0201369 -0.000608022 0.999797 0.0201369 -0.000608021 0.999797 0.0201369 -0.000607994 0.999823 0.0187884 -0.000607994 0.999823 0.0187884 -0.000607994 0.999823 0.0187884 -0.000607994 0.999823 0.0187884 1.12737e-07 -8.0862e-07 -1 1.12737e-07 -8.0862e-07 -1 2.07565e-07 -1.31534e-06 -1 2.07565e-07 -1.31534e-06 -1 2.07565e-07 -1.31534e-06 -1 1.12872e-07 -6.08632e-07 -1 1 5.33621e-07 -1.08969e-08 1 5.33621e-07 -1.08969e-08 1 0 2.85091e-07 1 -1.31528e-06 0 1 -1.31528e-06 0 1 -1.31528e-06 0 1 -1.11141e-07 0 1 2.31232e-07 0 1 2.31232e-07 0 1 0 0 6.64126e-08 -1 -1.68653e-07 6.64126e-08 -1 -1.68653e-07 6.64126e-08 -1 -1.68653e-07 2.21375e-08 -1 -2.1684e-07 2.21375e-08 -1 -2.1684e-07 2.21375e-08 -1 -6.02333e-08 -0.000459888 0.720147 0.693822 -0.000459888 0.720147 0.693822 -0.000459888 0.720147 0.693822 -0.000459888 0.720147 0.693822 -0.000476598 0.746916 0.664918 -0.000476598 0.746916 0.664918 -0.000476598 0.746916 0.664918 -0.000476598 0.746916 0.664918 -0.000159124 0.746917 0.664917 -0.000159124 0.746917 0.664917 -0.000159124 0.746917 0.664917 -0.000159124 0.746917 0.664917 -0.000153117 0.720154 -0.693815 -0.000153117 0.720154 -0.693815 -0.000153117 0.720154 -0.693815 -0.000153117 0.720154 -0.693815 -0.000159045 0.746922 -0.664912 -0.000159045 0.746922 -0.664912 -0.000159045 0.746922 -0.664912 -0.000159045 0.746922 -0.664912 -0.000476609 0.74692 -0.664914 -0.000476609 0.74692 -0.664914 -0.000476609 0.74692 -0.664914 -0.000476609 0.74692 -0.664914 -0.000608022 0.999797 -0.0201369 -0.000608022 0.999797 -0.0201369 -0.000608022 0.999797 -0.0201369 -0.000608022 0.999797 -0.0201369 -0.00020267 0.999797 -0.0201369 -0.00020267 0.999797 -0.0201369 -0.00020267 0.999797 -0.0201369 -0.00020267 0.999797 -0.0201369 -0.000202669 0.999823 -0.0187883 -0.000202669 0.999823 -0.0187883 -0.000202669 0.999823 -0.0187883 -0.000202669 0.999823 -0.0187883 6.64125e-08 -1 1.807e-07 6.64125e-08 -1 1.807e-07 6.64125e-08 -1 1.807e-08 6.64125e-08 -1 1.807e-08 6.64125e-08 -1 1.807e-08 2.21375e-08 -1 1.0842e-07 1 0 -2.85091e-07 1 0 -2.85091e-07 1 2.66811e-07 1.08969e-08 1 2.84522e-05 -1.15009e-05 1 2.84522e-05 -1.15009e-05 1 2.84522e-05 -1.15009e-05 1 2.84522e-05 -1.15009e-05 1 -1.15088e-06 -8.50042e-06 1 -1.15088e-06 -8.50043e-06 1 -1.15088e-06 -8.50042e-06 1 4.62463e-07 -4.92679e-07 1 4.62463e-07 -4.9268e-07 1 0 -2.82234e-07 </float_array>
          <technique_common>
            <accessor count="151" offset="0" source="#meshId5-normals-array" stride="3">
              <param name="X" type="float" />
              <param name="Y" type="float" />
              <param name="Z" type="float" />
            </accessor>
          </technique_common>
        </source>
        <source id="meshId5-tangents" name="meshId5-tangents">
          <float_array id="meshId5-tangents-array" count="453"> 1 1.68576e-05 2.64683e-07 1 4.98571e-05 2.6467e-07 1 0.000307745 2.64565e-07 1 0.000274679 2.64578e-07 -0.00249078 0.0187878 -0.99982 -0.00141926 0.018788 -0.999822 0.0032752 0.0187889 -0.999818 0.0022035 0.0187887 -0.999821 -0.999993 -0.00370434 1.80114e-08 -0.999994 -0.00349178 1.79899e-08 -0.999998 -0.00182993 1.78216e-08 -0.999998 -0.00204291 1.78432e-08 -2.71199e-07 -0.00580137 -0.999983 -2.71199e-07 -0.00580128 -0.999983 -2.71199e-07 -0.00580121 -0.999983 -2.71199e-07 -0.00580131 -0.999983 9.93774e-07 0.10417 -0.99456 9.93773e-07 0.10417 -0.994559 9.93678e-07 0.10416 -0.994561 9.93679e-07 0.10416 -0.994561 0 -0.00573452 -0.999983 0 -0.00573421 -0.999984 0 -0.00573404 -0.999983 0 -0.00573436 -0.999983 0.000386818 3.61657e-08 -1 -0.000112719 3.61325e-08 -1 -0.00225336 3.59902e-08 -0.999997 -0.00175383 3.60235e-08 -0.999999 0.999996 -0.00174418 0.00203099 0.999998 -0.00128366 0.00155299 0.999998 -0.00128132 0.00155056 0.999996 -0.0017421 0.00202883 -0.999998 -0.00159112 -0.000988692 -1 -0.000937457 -0.000310216 -0.999999 -0.000934131 -0.000306764 -0.999998 -0.00158816 -0.000985625 -0.00248909 -0.0187898 -0.99982 -0.00356726 -0.0187904 -0.999817 -0.00829089 -0.0187928 -0.999789 -0.00721255 -0.0187923 -0.999797 0.000485264 -2.16829e-07 -1 0.000562098 -2.16827e-07 -1 0.000580028 -2.16827e-07 -1 0.000503194 -2.16829e-07 -1 2.74859e-07 0.0111481 -0.999938 2.74859e-07 0.0111482 -0.999938 2.74859e-07 0.0111484 -0.999938 2.74859e-07 0.0111483 -0.999938 -5.66286e-06 -0.104897 -0.994483 -5.66288e-06 -0.104882 -0.994485 -5.66288e-06 -0.104882 -0.994485 -5.66286e-06 -0.104897 -0.994483 -3.89407e-07 0.000667117 -1 -3.89407e-07 0.000667061 -1 -3.89407e-07 0.000667036 -1 -3.89407e-07 0.000667097 -1 1 5.15884e-05 2.25411e-07 1 1.87277e-05 2.25451e-07 1 -1.43786e-05 7.64995e-08 1 -0.000272139 7.68643e-08 1 -0.000239122 7.68176e-08 1 -1.59045e-05 1.1288e-07 0.00327489 0.0201374 -0.999792 0.00797848 0.0201379 -0.999765 0.00905229 0.0201379 -0.999756 0.00434854 0.0201376 -0.999788 0.00905262 0.0201416 -0.999756 0.00798118 0.0201412 -0.999765 0.00328794 0.0201388 -0.999792 0.00435923 0.0201394 -0.999788 0.00328873 0.0187903 -0.999818 -0.0014169 0.0187875 -0.999822 -0.00249095 0.0187868 -0.99982 0.00221449 0.0187897 -0.999821 -0.999994 -0.00343241 -1.09961e-07 -0.999993 -0.00363809 -1.09794e-07 -0.999993 -0.00385111 -2.02498e-07 -0.999985 -0.00551158 -2.00312e-07 -0.999986 -0.00529899 -2.00592e-07 -0.999992 -0.00390935 -1.10491e-07 -7.80101e-09 -0.00580125 -0.999983 -7.80097e-09 -0.00580132 -0.999983 2.85086e-07 -0.00580124 -0.999983 1.37011e-07 0.104168 -0.99456 1.37022e-07 0.104177 -0.994559 1.37013e-07 0.10417 -0.99456 1.15776e-08 0.10417 -0.994559 1.32585e-09 -0.00573387 -0.999984 1.32581e-09 -0.00573369 -0.999984 0 -0.005734 -0.999984 -0.00439635 1.6836e-07 -0.99999 -0.00489651 1.68326e-07 -0.999988 -0.00275316 1.6847e-07 -0.999996 -0.004397 2.1674e-07 -0.99999 -0.00225667 2.16789e-07 -0.999997 -0.000113437 6.02308e-08 -1 0.999998 -0.00106034 0.0017634 0.999998 -0.00105618 0.00175908 1 -0.000238829 0.000910724 1 -0.000242521 0.000914555 1 -0.000206637 0.000948896 0.999999 -0.000666371 0.00146532 0.999999 -0.000668699 0.00146794 1 -0.00020933 0.000951921 0.999999 -0.000905851 0.00125688 0.999999 -0.000909637 0.00126113 0.999996 -0.00165828 0.0021021 0.999996 -0.00165391 0.00209719 -1 -0.000713211 -0.000519597 -1 -0.000709389 -0.000515631 -1 4.19738e-05 0.000264256 -1 3.85723e-05 0.000260726 -1 2.71037e-05 0.000269643 -1 -0.000599359 -0.000434087 -1 -0.000602524 -0.000437643 -1 2.3445e-05 0.000265533 -1 -0.000839723 -0.000226492 -1 -0.000843281 -0.000230489 -0.999998 -0.00154705 -0.00102106 -0.999998 -0.00154294 -0.00101644 -0.00829028 -0.0201413 -0.999763 -0.0129872 -0.0201431 -0.999713 -0.0140594 -0.0201435 -0.999698 -0.00936241 -0.0201418 -0.999753 -0.0140592 -0.0201377 -0.999698 -0.0129814 -0.0201378 -0.999713 -0.00826 -0.0201379 -0.999763 -0.00933772 -0.0201379 -0.999754 -0.00826011 -0.0187893 -0.999789 -0.00356165 -0.0187889 -0.999817 -0.00248921 -0.0187888 -0.99982 -0.0071875 -0.0187893 -0.999798 0.000560902 -1.80663e-07 -1 0.000484908 -1.80668e-07 -1 0.000407969 -1.80429e-08 -1 0.000390027 -1.80441e-08 -1 0.000466912 -1.8039e-08 -1 0.000408455 -1.08411e-07 -1 -2.85073e-07 0.0111484 -0.999938 -2.85073e-07 0.0111486 -0.999938 7.92172e-09 0.0111482 -0.999938 -8.45338e-06 -0.104882 -0.994485 -8.45338e-06 -0.104881 -0.994485 -8.4538e-06 -0.104867 -0.994486 -8.4538e-06 -0.104867 -0.994486 -8.57424e-06 -0.104868 -0.994486 -8.57425e-06 -0.104882 -0.994485 -8.57425e-06 -0.104879 -0.994485 -4.92988e-07 0.000667001 -1 -4.92988e-07 0.000667009 -1 -2.82234e-07 0.000666984 -1 </float_array>
          <technique_common>
            <accessor count="151" offset="0" source="#meshId5-tangents-array" stride="3">
              <param name="X" type="float" />
              <param name="Y" type="float" />
              <param name="Z" type="float" />
            </accessor>
          </technique_common>
        </source>
        <source id="meshId5-bitangents" name="meshId5-bitangents">
          <float_array id="meshId5-bitangents-array" count="453"> -1.68576e-05 1 -4.0627e-07 -4.98571e-05 1 -4.06278e-07 -0.000307745 1 -4.06347e-07 -0.000274679 1 -4.06338e-07 -0.999997 -0.000249431 0.00248653 -0.999999 -0.000229299 0.00141521 -0.999995 -0.000141097 -0.00327843 -0.999998 -0.000161233 -0.00220691 -0.00370434 0.999993 -1.01236e-07 -0.00349178 0.999994 -1.01239e-07 -0.00182993 0.999998 -1.01269e-07 -0.00204291 0.999998 -1.01265e-07 2.2101e-07 0.999983 -0.00580137 2.2101e-07 0.999983 -0.00580128 2.2101e-07 0.999983 -0.00580121 2.2101e-07 0.999983 -0.00580131 9.48802e-06 0.99456 0.10417 9.48802e-06 0.994559 0.10417 9.48804e-06 0.994561 0.10416 9.48803e-06 0.994561 0.10416 0 0.999983 -0.00573452 0 0.999984 -0.00573421 0 0.999983 -0.00573404 0 0.999983 -0.00573436 1 6.63986e-08 0.000386818 1 6.64166e-08 -0.000112719 0.999997 6.64938e-08 -0.00225336 0.999999 6.64758e-08 -0.00175383 0.00267276 0.693817 -0.720146 0.00200901 0.693818 -0.720147 0.00200564 0.693818 -0.720147 0.00266976 0.693817 -0.720146 -0.00181595 0.693813 0.720152 -0.000873825 0.693815 0.720153 -0.000869031 0.693815 0.720153 -0.00181169 0.693813 0.720152 -0.999997 -0.000561119 0.00250007 -0.999993 -0.00054086 0.00357806 -0.999965 -0.000452094 0.00830085 -0.999974 -0.000472359 0.0072227 1 2.22427e-08 0.000485264 1 2.22594e-08 0.000562098 1 2.22633e-08 0.000580028 1 2.22466e-08 0.000503194 4.42123e-07 0.999938 0.0111481 4.42123e-07 0.999938 0.0111482 4.42123e-07 0.999938 0.0111484 4.42123e-07 0.999938 0.0111483 -1.49665e-06 0.994483 -0.104897 -1.49657e-06 0.994485 -0.104882 -1.49656e-06 0.994485 -0.104882 -1.49665e-06 0.994483 -0.104897 -2.75764e-07 1 0.000667117 -2.75764e-07 1 0.000667061 -2.75764e-07 1 0.000667036 -2.75764e-07 1 0.000667097 -5.15884e-05 1 -1.21417e-06 -1.87277e-05 1 -1.21417e-06 1.43786e-05 1 -1.41547e-06 0.000272139 1 -1.41545e-06 0.000239122 1 -1.41545e-06 1.59045e-05 1 -5.06506e-07 -0.999995 -0.000136682 -0.00327831 -0.999968 -4.19612e-05 -0.00798094 -0.999959 -2.03361e-05 -0.00905453 -0.999991 -0.000115061 -0.00435174 -0.999959 -0.000425581 -0.00906303 -0.999968 -0.000447162 -0.0079918 -0.999994 -0.000541686 -0.00329952 -0.99999 -0.000520111 -0.00437059 -0.999995 -0.000546094 -0.00329958 -0.999999 -0.000634508 0.00140522 -0.999997 -0.000654686 0.00247909 -0.999997 -0.000566279 -0.00222553 -0.00343241 0.999994 -8.09002e-07 -0.00363809 0.999993 -8.09025e-07 -0.00385111 0.999993 -1.31613e-06 -0.00551158 0.999985 -1.31647e-06 -0.00529899 0.999986 -1.31642e-06 -0.00390935 0.999992 -6.09069e-07 -5.33675e-07 0.999983 -0.00580125 -5.33675e-07 0.999983 -0.00580132 1.65388e-09 0.999983 -0.00580124 1.30813e-06 0.99456 0.104168 1.30813e-06 0.994559 0.104177 1.30813e-06 0.99456 0.10417 1.10536e-07 0.994559 0.10417 -2.31228e-07 0.999984 -0.00573387 -2.31228e-07 0.999984 -0.00573369 0 0.999984 -0.005734 0.99999 6.71534e-08 -0.00439635 0.999988 6.72376e-08 -0.00489651 0.999996 6.68767e-08 -0.00275316 0.99999 2.30908e-08 -0.004397 0.999997 2.26268e-08 -0.00225667 1 2.21444e-08 -0.000113437 0.00200559 0.693821 -0.720145 0.0019996 0.693821 -0.720145 0.00082156 0.693822 -0.720146 0.00082688 0.693822 -0.720146 0.000846143 0.664919 -0.746915 0.00153756 0.664918 -0.746915 0.00154106 0.664918 -0.746915 0.000850192 0.664919 -0.746915 0.0015411 0.664916 -0.746916 0.00154679 0.664916 -0.746916 0.00267272 0.664915 -0.746914 0.00266614 0.664915 -0.746914 -0.000869026 0.693814 0.720153 -0.000863518 0.693814 0.720153 0.000219427 0.693815 0.720154 0.000214524 0.693815 0.720154 0.000219424 0.664912 0.746922 -0.00072275 0.664912 0.746922 -0.00072751 0.664912 0.746922 0.000213921 0.664912 0.746922 -0.000727515 0.664913 0.74692 -0.000732866 0.664913 0.74692 -0.00179131 0.664912 0.746919 -0.00178512 0.664912 0.746919 -0.999965 -0.000440937 0.00830084 -0.999915 -0.000346325 0.0129968 -0.999901 -0.000324724 0.0140688 -0.999956 -0.000419341 0.00937276 -0.999901 8.05003e-05 0.0140605 -0.999916 5.87927e-05 0.0129828 -0.999966 -3.62915e-05 0.00826241 -0.999956 -1.45876e-05 0.00933991 -0.999966 -4.74332e-05 0.00826246 -0.999994 -0.000135715 0.00356483 -0.999997 -0.000155865 0.00249258 -0.999974 -6.75872e-05 0.00719004 1 6.65138e-08 0.000560902 1 6.65001e-08 0.000484908 1 6.64199e-08 0.000407969 1 6.64196e-08 0.000390027 1 6.6421e-08 0.000466912 1 2.21818e-08 0.000408455 3.17831e-09 0.999938 0.0111484 3.17837e-09 0.999938 0.0111486 -2.66915e-07 0.999938 0.0111482 -2.95015e-05 0.994485 -0.104882 -2.95015e-05 0.994485 -0.104881 -2.95014e-05 0.994486 -0.104867 -2.95014e-05 0.994486 -0.104867 2.5311e-07 0.994486 -0.104868 2.52993e-07 0.994485 -0.104882 2.53016e-07 0.994485 -0.104879 -4.62134e-07 1 0.000667001 -4.62134e-07 1 0.000667009 1.88246e-10 1 0.000666984 </float_array>
          <technique_common>
            <accessor count="151" offset="0" source="#meshId5-bitangents-array" stride="3">
              <param name="X" type="float" />
              <param name="Y" type="float" />
              <param name="Z" type="float" />
            </accessor>
          </technique_common>
        </source>
        <source id="meshId5-tex0" name="meshId5-tex0">
          <float_array id="meshId5-tex0-array" count="302"> 0.0493339 0.433533 0.0493339 0.405086 0.191533 0.405037 0.191767 0.433598 0.392234 0.801344 0.33709 0.80147 0.336394 0.632981 0.391694 0.633131 0.822073 0.434664 0.821943 0.462156 0.690581 0.462005 0.69056 0.434163 0.502066 0.464697 0.44661 0.465408 0.44661 0.435166 0.480346 0.440367 0.55837 0.46292 0.557522 0.463986 0.502066 0.434455 0.503195 0.434294 0.502914 0.433388 0.44661 0.404923 0.503047 0.405197 0.524334 0.428002 0.503044 0.0398656 0.559619 0.039844 0.559552 0.222658 0.503046 0.222531 0.192516 0.464156 0.0493339 0.463819 0.0493339 0.4629 0.191791 0.463157 0.690581 0.462005 0.821943 0.462156 0.821939 0.463044 0.690433 0.462982 0.502522 0.801092 0.447378 0.801218 0.446994 0.633313 0.502294 0.632879 0.44654 0.222405 0.44661 0.404923 0.390171 0.404956 0.390033 0.222432 0.44661 0.435166 0.44661 0.465408 0.391154 0.46495 0.412874 0.440521 0.391154 0.434708 0.335697 0.464493 0.334851 0.463415 0.390026 0.434544 0.390307 0.43363 0.334005 0.462337 0.333869 0.433663 0.368886 0.428058 0.333733 0.404988 0.333869 0.433663 0.334005 0.462337 0.191669 0.462159 0.191767 0.433598 0.049334 0.461981 0.336394 0.632981 0.335697 0.464493 0.391154 0.46495 0.391694 0.633131 0.391154 0.46495 0.44661 0.465408 0.446994 0.633313 0.391694 0.633131 0.446994 0.633313 0.447378 0.801218 0.392234 0.801344 0.391694 0.633131 0.559218 0.461853 0.559351 0.433662 0.559484 0.405471 0.690844 0.406322 0.69056 0.434163 0.822203 0.407173 0.44661 0.404923 0.502066 0.434455 0.557522 0.463986 0.44661 0.404923 0.502914 0.433388 0.503195 0.434294 0.559218 0.461853 0.559484 0.405471 0.559351 0.433662 0.559218 0.461853 0.559484 0.405471 0.503047 0.405197 0.503046 0.222531 0.44661 0.404923 0.44654 0.222405 0.44647 0.0398872 0.0493339 0.4629 0.049334 0.461981 0.191669 0.462159 0.191791 0.463157 0.191669 0.462159 0.334005 0.462337 0.334851 0.463415 0.191791 0.463157 0.334851 0.463415 0.335697 0.464493 0.192516 0.464156 0.191791 0.463157 0.821939 0.463044 0.821935 0.463932 0.689729 0.463959 0.690433 0.462982 0.689729 0.463959 0.557522 0.463986 0.55837 0.46292 0.690433 0.462982 0.55837 0.46292 0.559218 0.461853 0.690581 0.462005 0.690433 0.462982 0.446994 0.633313 0.44661 0.465408 0.502066 0.464697 0.502294 0.632879 0.502066 0.464697 0.557522 0.463986 0.557594 0.632476 0.502294 0.632879 0.557594 0.632476 0.557667 0.800966 0.502522 0.801092 0.502294 0.632879 0.333733 0.404988 0.333527 0.22246 0.333321 0.0399309 0.389895 0.0399091 0.390033 0.222432 0.44647 0.0398872 0.335697 0.464493 0.391154 0.434708 0.44661 0.404923 0.334851 0.463415 0.334005 0.462337 0.390307 0.43363 0.390026 0.434544 0.390307 0.43363 0.44661 0.404923 0.390026 0.434544 0.333733 0.404988 0.390171 0.404956 0.44661 0.404923 </float_array>
          <technique_common>
            <accessor count="151" offset="0" source="#meshId5-tex0-array" stride="2">
              <param name="S" type="float" />
              <param name="T" type="float" />
            </accessor>
          </technique_common>
        </source>
        <vertices id="meshId5-vertices">
          <input semantic="POSITION" source="#meshId5-positions" />
          <input semantic="NORMAL" source="#meshId5-normals" />
          <input semantic="TANGENT" source="#meshId5-tangents" />
          <input semantic="BINORMAL" source="#meshId5-bitangents" />
          <input semantic="TEXCOORD" source="#meshId5-tex0"  />
        </vertices>
        <polylist count="100" material="defaultMaterial">
          <input offset="0" semantic="VERTEX" source="#meshId5-vertices" />
          <vcount>3 3 3 3 3 3 3 3 3 3 3 3 3 3 3 3 3 3 3 3 3 3 3 3 3 3 3 3 3 3 3 3 3 3 3 3 3 3 3 3 3 3 3 3 3 3 3 3 3 3 3 3 3 3 3 3 3 3 3 3 3 3 3 3 3 3 3 3 3 3 3 3 3 3 3 3 3 3 3 3 3 3 3 3 3 3 3 3 3 3 3 3 3 3 3 3 3 3 3 3 </vcount>
          <p>3 0 1 1 2 3 7 4 5 5 6 7 11 8 9 9 10 11 15 12 13 13 14 15 19 16 17 17 18 19 23 20 21 21 22 23 27 24 25 25 26 27 31 28 29 29 30 31 35 32 33 33 34 35 39 36 37 37 38 39 43 40 41 41 42 43 47 44 45 45 46 47 51 48 49 49 50 51 55 52 53 53 54 55 3 2 56 56 57 3 60 57 58 58 59 60 60 59 61 61 0 60 65 62 63 63 64 65 69 66 67 67 68 69 73 70 71 71 72 73 11 10 74 74 75 11 78 75 76 76 77 78 78 77 79 79 8 78 15 14 80 80 81 15 15 81 82 82 12 15 85 18 83 83 84 85 85 84 86 86 16 85 23 22 87 87 88 23 23 88 89 89 20 23 92 26 90 90 91 92 92 91 93 93 94 92 27 94 95 95 24 27 99 96 97 97 98 99 103 100 101 101 102 103 107 104 105 105 106 107 111 108 109 109 110 111 115 112 113 113 114 115 119 116 117 117 118 119 123 120 121 121 122 123 127 124 125 125 126 127 131 128 129 129 130 131 43 42 132 132 133 43 136 133 134 134 135 136 136 135 137 137 40 136 47 46 138 138 139 47 47 139 140 140 44 47 144 141 142 142 143 144 147 145 146 146 48 147 55 54 148 148 149 55 55 149 150 150 52 55 </p>
        </polylist>
      </mesh>
    </geometry>
  </library_geometries>
  <library_visual_scenes>
    <visual_scene id="root" name="root">
      <node id="pCube23" name="pCube23">
        <matrix>1 0 0 0 0 1 0 0 0 0 1 0 0 0 0 1</matrix>
        <instance_geometry url="#meshId0">
          <bind_material>
            <technique_common>
              <instance_material symbol="defaultMaterial" target="#lambert2" />
            </technique_common>
          </bind_material>
        </instance_geometry>
      </node>
      <node id="pCube24" name="pCube24">
        <matrix>1 0 0 0 0 1 0 0 0 0 1 0 0 0 0 1</matrix>
        <instance_geometry url="#meshId1">
          <bind_material>
            <technique_common>
              <instance_material symbol="defaultMaterial" target="#lambert2" />
            </technique_common>
          </bind_material>
        </instance_geometry>
      </node>
      <node id="pCube25" name="pCube25">
        <matrix>1 0 0 0 0 1 0 0 0 0 1 0 0 0 0 1</matrix>
        <instance_geometry url="#meshId2">
          <bind_material>
            <technique_common>
              <instance_material symbol="defaultMaterial" target="#lambert2" />
            </technique_common>
          </bind_material>
        </instance_geometry>
      </node>
      <node id="pCube26" name="pCube26">
        <matrix>1 0 0 0 0 1 0 0 0 0 1 0 0 0 0 1</matrix>
        <instance_geometry url="#meshId3">
          <bind_material>
            <technique_common>
              <instance_material symbol="defaultMaterial" target="#lambert2" />
            </technique_common>
          </bind_material>
        </instance_geometry>
      </node>
      <node id="pCube27" name="pCube27">
        <matrix>1 0 0 0 0 1 0 0 0 0 1 0 0 0 0 1</matrix>
        <instance_geometry url="#meshId4">
          <bind_material>
            <technique_common>
              <instance_material symbol="defaultMaterial" target="#lambert2" />
            </technique_common>
          </bind_material>
        </instance_geometry>
      </node>
      <node id="pCube22" name="pCube22">
        <matrix>1 0 0 0 0 1 0 0 0 0 1 0 0 0 0 1</matrix>
        <instance_geometry url="#meshId5">
          <bind_material>
            <technique_common>
              <instance_material symbol="defaultMaterial" target="#lambert2" />
            </technique_common>
          </bind_material>
        </instance_geometry>
      </node>
    </visual_scene>
  </library_visual_scenes>
  <scene>
    <instance_visual_scene url="#root" />
  </scene>
</COLLADA>
